year,BC,CH4,CO2,HC,N2O,NH3,NOx,OC,SO2,VOC
1750,0.0,0.0,0.0,0.0,0.0,0.0,0.0,0.0,0.0,0.0
1751,1.8598656477227747e-06,0.00010870796352870406,0.00014721208074154656,0.0,1.0043041866259881e-05,-6.248793774286077e-07,-1.5344124183080624e-07,-1.5516731505112775e-05,-6.869010859116783e-06,2.3147270301742e-05
1752,5.113900167313035e-06,0.00029882467731374366,0.0004046677087521912,0.0,2.760707355302627e-05,-1.7176224940971127e-06,-4.229968427841079e-07,-4.263786483102684e-05,-1.7090396205162988e-05,6.359491296673989e-05
1753,9.407781382759704e-06,0.0005499640976528297,0.0007447601493081279,0.0,5.080871978817096e-05,-3.1609742402171225e-06,-7.781722299119064e-07,-7.842850491427412e-05,-2.904006225481802e-05,0.00011694670728361784
1754,1.4483460023587904e-05,0.0008469024766922738,0.0011468734371619317,0.0,7.82415266920257e-05,-4.867372898822182e-06,-1.1988147058499617e-06,-0.00012071016892373199,-4.270386364825633e-05,0.0001799494341800759
1755,2.0144951272605205e-05,0.001178270926941928,0.001595611850336903,0.0,0.0001088551736686854,-6.771427658651429e-06,-1.6685656281908071e-06,-0.00016784932322004537,-5.4714270360231495e-05,0.00025015861333743146
1756,2.6819880731868653e-05,0.001535579115827797,0.0020794777994768052,0.0,0.00014186527691833426,-8.824430237342078e-06,-2.4047094449380953e-06,-0.0002197878736773459,-8.025549890194125e-05,0.00032836227761986927
1757,3.368079882755294e-05,0.0019124862260256417,0.0025898845639624394,0.0,0.00017668603672781194,-1.0989751985165903e-05,-3.110989004259491e-06,-0.0002741610022604419,-0.000104112110679247,0.0004099262372413244
1758,4.068256151622234e-05,0.002304256557353807,0.0031204190692141493,0.0,0.0002128799429677459,-1.3240161961270211e-05,-3.7951841097103027e-06,-0.00033036204359829967,-0.00011532037991533648,0.0004939983759508977
1759,4.7791440541641026e-05,0.0027073530066418538,0.003666291378040468,0.0,0.00025012021851825996,-1.5555321130303335e-05,-4.463102846263361e-06,-0.0003879378196353407,-0.00013140697079737964,0.0005799421173401163
1760,5.49789523029342e-05,0.0031191335056566074,0.004223923607557251,0.0,0.0002881627745286602,-1.792003616597728e-05,-5.1177694801852205e-06,-0.0004465431276212598,-0.0001411743901262622,0.000667266915049587
1761,6.277286416560217e-05,0.003537624341224123,0.004790642959804933,0.0,0.0003268252684787563,-2.0224425381095076e-05,-6.097806863014923e-06,-0.00050735383908373,-0.0001665719829709382,0.0007572393300807482
1762,7.01698753809918e-05,0.003961350885837236,0.005364452497515973,0.0,0.00036597146613772855,-2.2484564585437663e-05,-6.980751559751636e-06,-0.0005680965074896895,-0.00018330642423059547,0.0008453105729187204
1763,7.727172732064329e-05,0.004389211198576719,0.005943859974765521,0.0,0.0004054995641194554,-2.4712641483153028e-05,-7.79138541576474e-06,-0.000628795830045864,-0.0002034920155081985,0.0009319549489158723
1764,8.415437862289322e-05,0.004820381638717423,0.00652775001912825,0.0,0.00044533346994628654,-2.691775306868811e-05,-8.548212591148273e-06,-0.0006894700910630104,-0.000232887008415372,0.0010175263867712825
1765,9.08745351567033e-05,0.00525424638426802,0.007115288685842738,0.0,0.0004854162905826336,-2.9106688414955014e-05,-9.265049494636517e-06,-0.0007501327866828145,-0.0002386689980846908,0.0011022889268233042
1766,9.860939008632714e-05,0.005690344801117509,0.007705852185227523,0.0,0.0005257054701060474,-3.1284764024757876e-05,-1.0406003128569594e-05,-0.0008130910453146743,-0.00027744565416904887,0.001191595281858388
1767,0.00010597068134432793,0.00612833214182182,0.00829897366106596,0.0,0.0005661691588442369,-3.345544504334098e-05,-1.1411029819951877e-05,-0.000875478027400462,-0.00029725371431774984,0.0012791405267072458
1768,0.00011305415673793554,0.006567950198074801,0.008894303448248165,0.0,0.0006067835020882978,-3.562156521415057e-05,-1.2314737160840558e-05,-0.000937445081209854,-0.0003326573557142366,0.0013653622070016313
1769,0.00011993129960323667,0.007009005385925476,0.009491579395821284,0.0,0.0006475306154839944,-3.778523668797728e-05,-1.3142966556163337e-05,-0.0009991050684091953,-0.0003712912098548642,0.0014505868062446993
1770,0.00012665547424257385,0.007451352381273479,0.010090604706214073,0.0,0.0006883970731885779,-3.994803279210223e-05,-1.3915013412504864e-05,-0.0010605421119850719,-0.0004167724227230736,0.001535057875027663
1771,0.00014066231940528963,0.007894881899941298,0.010691231387038104,0.0,0.0007293727789263842,-4.4030125771606546e-05,-1.5342636511164146e-05,-0.0011496016887534472,-0.00036855008449493697,0.001683035532237691
1772,0.00015892721384201962,0.008339511572639548,0.011293347893986155,0.0,0.0007704501229676488,-4.9550122933604036e-05,-1.6783988175497635e-05,-0.0012569216996380663,-0.00033541222061660544,0.001873111647508283
1773,0.0001803828408443036,0.008785179130991453,0.011896869903361876,0.0,0.0008116233526159358,-5.614879792506122e-05,-1.823616306734403e-05,-0.0013779222982531454,-0.00031280587822655456,0.002094706691552902
1774,0.0002042321320156933,0.009231837319302064,0.012501733421609013,0.0,0.0008528881021292696,-6.355788614061702e-05,-1.96969886826045e-05,-0.0015091831871760855,-0.0002995357386113359,0.002339919828382618
1775,0.00022987982257385191,0.009679450094998206,0.013107889639955683,0.0,0.000894241041695709,-7.15770471929688e-05,-2.1164839759157962e-05,-0.0016481499439620025,-0.0002921385390272348,0.0026028504937610176
1776,0.0002581408435825655,0.010127989791361685,0.01371530109219407,0.0,0.0009356796153110772,-8.005694217576135e-05,-2.314216696244916e-05,-0.00179546422666814,-0.00030745450407330315,0.0028848007023837105
1777,0.0002871073583759874,0.010577434998838802,0.014323938785554515,0.0,0.0009772018450426288,-8.888547707118461e-05,-2.499791226203513e-05,-0.001946511271410252,-0.00032107962976348886,0.003175335073333935
1778,0.0003166114495748672,0.011027768982934697,0.014933780058221555,0.0,0.0010188061848653007,-9.797920881064287e-05,-2.6763421348264175e-05,-0.002100388732078906,-0.0003323400753385363,0.0034723583644681224
1779,0.000346527661299128,0.011478978502793363,0.015544806979457631,0.0,0.0010604914115157126,-0.00010727580963307562,-2.846209816118962e-05,-0.0022564224292463105,-0.0003458778996511168,0.0037743052515993893
1780,0.0003769938188788266,0.011931052928982997,0.01615700515491001,0.0,0.0011022565429882984,-0.00011672872007249948,-3.0112727955743176e-05,-0.0024146786125899314,-0.00035528927141831605,0.0040806223013448925
1781,0.00040445522158783756,0.01238398358470793,0.01677036283448131,0.0,0.0011441007776727345,-0.0001248477653810094,-3.2216806442104716e-05,-0.0025603623246316983,-0.0003901274984626023,0.004354538009868645
1782,0.0004280956444020875,0.01283776325386063,0.01738487024613502,0.0,0.0011860234489051687,-0.00013197213200348893,-3.4022325619230303e-05,-0.0026934762478021987,-0.00041735651407973285,0.004597077647992979
1783,0.00044888824607455346,0.013292385813658733,0.01800051909841296,0.0,0.0012280239910291918,-0.00013835545111085985,-3.560645749755748e-05,-0.0028172194214010687,-0.00044262781710691557,0.00481620108760465
1784,0.0004675407043873061,0.0137478459603139,0.01861730220893685,0.0,0.00127010191405152,-0.0001441871093054011,-3.702420670653601e-05,-0.002933936497261459,-0.0004634537889091788,0.005017789419671091
1785,0.00048462154578695574,0.014204139004170637,0.019235213226985716,0.0,0.0013122567847158907,-0.00014960852687236176,-3.8322319894338954e-05,-0.003045473653360227,-0.00048069117273371746,0.00520635442073571
1786,0.0005025652642232446,0.014661260716720725,0.019854246426323156,0.0,0.0013544882123693958,-0.0001547257470098632,-4.034287804833054e-05,-0.0031572684167652395,-0.0005269114070105577,0.005394394027297191
1787,0.0005191146205452022,0.015119207216354761,0.020474396550482457,0.0,0.0013967958384074964,-0.00015961704265375233,-4.209031678138317e-05,-0.003265128944231923,-0.0005632039999672364,0.005572822999375541
1788,0.0005362933835491976,0.015577974883040274,0.02109565869722374,0.0,0.0014391793283916091,-0.00016434131009523565,-4.3632729880239416e-05,-0.0033741737484891685,-0.0005920340967871018,0.005744524944373625
1789,0.0005524467142527935,0.01603756029460008,0.021718028232242323,0.0,0.0014816383661621132,-0.00016894252399265485,-4.502358427290742e-05,-0.0034804179842420077,-0.0006153397881233652,0.005910775690649256
1790,0.000567851113256871,0.016497960179120374,0.022341500724719857,0.0,0.001524172649441577,-0.00017345351434808263,-4.630149492759784e-05,-0.003584614831068024,-0.00063451970343088,0.006072989932261739
1791,0.0005817473717336177,0.016959171379403466,0.022966071899186306,0.0,0.0015667818865506117,-0.00017689629379341956,-4.821283464939085e-05,-0.0036857184876344954,-0.0006796538062002824,0.006218263447316996
1792,0.0005927789520990725,0.017421190826414665,0.023591737599561763,0.0,0.0016094657939548511,-0.0001795408943742849,-5.0152062665964855e-05,-0.003781427709339395,-0.0007228396901538085,0.006343080656994269
1793,0.0006014227815084874,0.01788401551944542,0.024218493762293427,0.0,0.0016522240944323021,-0.00018158861299182836,-5.176786820728731e-05,-0.003872160537372096,-0.0007564397154059577,0.006451343123705765
1794,0.0006082100406515427,0.018347642511291777,0.024846336396284304,0.0,0.0016950565157039575,-0.00018319011611050547,-5.310501041074114e-05,-0.003958951708871644,-0.000781989765796271,0.006546932290971367
1795,0.0006136561864303257,0.01881206889717791,0.025475261567893467,0.0,0.0017379627894105907,-0.0001844579892306185,-5.426570263245004e-05,-0.004042926063235195,-0.0008022863736898567,0.006633181317103951
1796,0.0006189812567519672,0.0192772918064763,0.026105265389723575,0.0,0.001780942650347815,-0.00018547653609826348,-5.570316249752037e-05,-0.004126634215937003,-0.0008329487945837275,0.006716446095077161
1797,0.0006244633918723026,0.019743308396516307,0.026736344012236398,0.0,0.0018239958358939852,-0.00018630841334220122,-5.734940506223829e-05,-0.004210626411771172,-0.0008728470363842832,0.006797981001069907
1798,0.0006299334464898246,0.020210115847952168,0.027368493617480227,0.0,0.0018671220855823792,-0.00018700041917000374,-5.910564404768964e-05,-0.0042945666935414375,-0.0009185543214478861,0.006877587064443427
1799,0.0006357023115189746,0.020677711361295602,0.028001710414394313,0.0,0.0019103211407808427,-0.00018758760613346662,-6.107434301173503e-05,-0.00437911009143089,-0.0009691214647014502,0.006957059703172443
1800,0.0006415293786992073,0.021146092154318036,0.028635990635290785,0.0,0.001953592744451703,-0.00018809646974265554,-6.320594182631978e-05,-0.004463309884021241,-0.0010310388558048987,0.007035519732083304
1801,0.000652695730253965,0.021615255460102165,0.029271330533216622,0.0,0.0019969366409718684,-0.0001909662980586894,-6.550679171606949e-05,-0.004575544810284738,-0.0010811960379700245,0.007172824000370711
1802,0.0006710283898439553,0.02208519852557863,0.029907726379971453,0.0,0.002040352575997622,-0.00019562138237129895,-7.141982200090144e-05,-0.004714457571715744,-0.0011800092415119945,0.007368028065702863
1803,0.0006913093046106021,0.022555918610424774,0.030545174464616458,0.0,0.002083840296362793,-0.00020160271312211935,-7.423574516273181e-05,-0.0048677164560611995,-0.0012487093768024787,0.007591950768841267
1804,0.0007158456177408663,0.02302741298623388,0.031183671092349374,0.0,0.002127399550002108,-0.00020859730553791936,-7.740152349971569e-05,-0.005036509503633428,-0.0013231435878939767,0.007849997387104504
1805,0.0007398909940332914,0.02349967893588644,0.03182321258365304,0.0,0.0021710300858930956,-0.00021635829920700766,-8.045330267698672e-05,-0.005209431629961854,-0.0013905077863109415,0.008115906117478748
1806,0.0007660942088871245,0.02397271375307227,0.03246379527364826,0.0,0.0022147316540118453,-0.00022470528482911072,-8.403203727308456e-05,-0.0053908501073071016,-0.0014693516500634163,0.008399615603392625
1807,0.000792914175892985,0.024446514741925333,0.0331054155115993,0.0,0.002258504005299371,-0.00023349356840025954,-8.727789597724098e-05,-0.005576040636651803,-0.0015477075556789128,0.00869301163190521
1808,0.000818988924762998,0.02492107921674274,0.0337480696605333,0.0,0.002302346891635643,-0.00024263145674447264,-9.038784151511294e-05,-0.005762237621372639,-0.001594645665082885,0.008987431658867052
1809,0.0008451449452587602,0.02539640450176664,0.034391754096944976,0.0,0.0023462600658193432,-0.00025204295217658526,-9.325662827200524e-05,-0.005950020794682611,-0.0016333190040847096,0.009285854099873194
1810,0.0008746579591987288,0.02587248793101305,0.035036465210564804,0.0,0.002390243281552155,-0.00026167244125885,-9.646988276842502e-05,-0.006146320064376426,-0.0016757085299195771,0.009597423559048565
1811,0.0009016723026947086,0.026349326848135925,0.0356821994041749,0.0,0.002434296293426196,-0.0002703388015435435,-0.00010022536965083485,-0.006340303590891716,-0.0017417586635149157,0.009893180187046352
1812,0.0009261865919615223,0.02682691860631733,0.036328953093460355,0.0,0.002478418856913778,-0.0002782912349395798,-0.00010401248493075398,-0.006531313737709164,-0.0018140031150337436,0.010174414997358345
1813,0.0009477127792997023,0.027305260568177364,0.0369767227068872,0.0,0.002522610728359186,-0.0002857155427769916,-0.00010746258763453357,-0.006717832425745085,-0.0018759105571760385,0.01043961104288416
1814,0.0009675286214628465,0.027784350105698696,0.03762550468560026,0.0,0.0025668716649716724,-0.00029275112350929904,-0.00011092921820217033,-0.0069020540035376315,-0.001935200888616138,0.010695152771758008
1815,0.0009864677850216482,0.028264184600162157,0.03827529548333588,0.0,0.0026112014248195307,-0.00029950193108522214,-0.00011445394469213613,-0.0070853496967978845,-0.001998535766547732,0.010945288294008756
1816,0.00100733840600055,0.02874476144209049,0.03892609156634583,0.0,0.0026555997668248127,-0.0003060367001218088,-0.0001182572311958257,-0.007272118202137137,-0.0020999027911481833,0.011202867546361583
1817,0.0010269200639897633,0.029226078031198387,0.03957788941332956,0.0,0.0027000664507588067,-0.0003124241848773508,-0.00012183448077304418,-0.007456835026233208,-0.00219557251653614,0.01145379931995716
1818,0.0010445780186369104,0.029708131776347103,0.0402306855153728,0.0,0.0027446012372378406,-0.00031870668449447405,-0.00012518017064884308,-0.007638319611782437,-0.0022773827213320927,0.01169529487961307
1819,0.0010645677965424349,0.030190920095502564,0.04088447637589078,0.0,0.0027892038877193165,-0.00032491615179746226,-0.00012822350218119413,-0.007826446963041227,-0.0023440418704443345,0.011933765251817444
1820,0.0010839709012312915,0.030674440415696166,0.041539258510575175,0.0,0.0028338741644981904,-0.00033107673094271605,-0.0001312290226783226,-0.008013910610700937,-0.0024072629029587853,0.012169354517571083
1821,0.0011077638397872726,0.03115869017298748,0.04219502844734348,0.0,0.0028786118307035226,-0.0003385010972518888,-0.0001345107804634929,-0.008228725218798007,-0.0024745695488075747,0.012448509434759624
1822,0.0011359845567011566,0.031643666812428584,0.04285178272629109,0.0,0.002923416650295082,-0.0003468820551299789,-0.00013843625339546203,-0.008466132765495068,-0.002558905237404364,0.012765312801353722
1823,0.001170272557958499,0.03212936778802948,0.04350951789964405,0.0,0.0029682883880602596,-0.0003559902971505014,-0.00014336798348355982,-0.008727089701577054,-0.0026644749684190706,0.013113058095360147
1824,0.0012076999410487288,0.032615790562724456,0.044168230531713634,0.0,0.0030132268096109464,-0.0003656542557792852,-0.0001488875026231361,-0.009002250112294143,-0.002777990704065903,0.013483484008603296
1825,0.0012463470893786706,0.033102932608339075,0.0448279171988517,0.0,0.0030582316813803985,-0.0003757457501468084,-0.00015415738707275187,-0.00928521070727496,-0.0028921435284095845,0.01386610766979832
1826,0.0012851599367062732,0.03359079140555782,0.0454885744894068,0.0,0.0031033027706203397,-0.0003861592507774771,-0.00015902214725888928,-0.009572287788538483,-0.0029975422413123266,0.014255307042892913
1827,0.001327312457247092,0.03407936444389208,0.04615019900368088,0.0,0.0031484398453980027,-0.000396836883908403,-0.00016485167977926,-0.009869450101635518,-0.0031372336699962643,0.014663602288992808
1828,0.0013675137658592643,0.03456864922164853,0.04681278735388642,0.0,0.0031936426745931114,-0.0004077227552615585,-0.00017014048547617347,-0.01016403349148902,-0.0032587395287266745,0.01507145965681876
1829,0.0014054684431301834,0.035058643245897775,0.04747633616410403,0.0,0.003238911027895087,-0.0004187765828129777,-0.00017520114664198557,-0.010455124107240072,-0.003362689443338444,0.015477091757346104
1830,0.0014570008886797025,0.03554934403244327,0.04814084207024034,0.0,0.00328424467580017,-0.0004299804519787923,-0.0001882360283558055,-0.01077391820608306,-0.0037096205569153965,0.01594450962915914
1831,0.0015018599914918157,0.036040749105790464,0.04880630171998614,0.0,0.0033296433896084707,-0.00044091311453003153,-0.00019717178937137154,-0.01109449042934653,-0.003943116985035321,0.016385157030857956
1832,0.0015434330571963272,0.036532855999116064,0.04947271177277486,0.0,0.003375106941421237,-0.000451658396856598,-0.00020564110414675633,-0.01141926316684563,-0.004148198301297014,0.016819592993310324
1833,0.0015836774663988006,0.03702566225423752,0.05014006889974121,0.0,0.0034206351041380246,-0.0004622731520047442,-0.00021346558580069946,-0.011749140689820041,-0.0043374854237048215,0.017253313416866357
1834,0.001627231257498987,0.037519165421582616,0.050808369783679946,0.0,0.003466227651453792,-0.00047279990572373065,-0.00022077820276694514,-0.012093589970848835,-0.004504172164221116,0.017689147871436772
1835,0.0016727369058492428,0.03801336306015924,0.05147761111900505,0.0,0.0035118843578562154,-0.0004832728307095668,-0.00022795577287871308,-0.012447407267066965,-0.004674236963697553,0.01812160698093003
1836,0.0017290143835769734,0.038508252737525256,0.052147789611708815,0.0,0.003557604998622889,-0.0004937085440726031,-0.0002397478826460112,-0.012826436470349317,-0.004998637598255256,0.018602432368697956
1837,0.0017804487357111962,0.03900383202975849,0.052818901979321264,0.0,0.003603389349818468,-0.0005041329876922162,-0.0002496442864548328,-0.013197881920770909,-0.00524737880310797,0.01906132664942742
1838,0.0018303023910290774,0.039500098521426885,0.05349094495086971,0.0,0.0036492371882920044,-0.0005145580758912534,-0.0002593862741143482,-0.013567150568968265,-0.005492703199125758,0.019519764287245833
1839,0.0018783177573554165,0.03999704980555868,0.054163915266838406,0.0,0.003695148291674162,-0.0005249952964057786,-0.00026948138791665005,-0.013933336723854781,-0.005748623322118333,0.01997497041037982
1840,0.001929455135160105,0.04049468348361285,0.05483780967912832,0.0,0.0037411224383745055,-0.0005354527390614294,-0.00028042012961669696,-0.014306614176764458,-0.006030924895571779,0.020437220202722612
1841,0.001980449938004828,0.04099299716544943,0.05551262495101743,0.0,0.0037871594075786757,-0.0005457057394388303,-0.0002911151610216827,-0.014684496740663723,-0.0063032072847416356,0.02090303635170515
1842,0.0020205958552273204,0.04149198846930019,0.05618835785712053,0.0,0.0038332589792457773,-0.0005558155982305819,-0.0003026052173917082,-0.015037657901828568,-0.006614028577914094,0.021373778251828127
1843,0.0020653289856970066,0.04199165502173928,0.0568650051833496,0.0,0.0038794209341056532,-0.0005658248285433157,-0.0003140869067510948,-0.015403938695154083,-0.006935387926003126,0.021845704227728906
1844,0.0021157538648355666,0.042491994457653934,0.057542563726874274,0.0,0.003925645053656096,-0.0005757714573015951,-0.00032733169867296376,-0.01578431979574008,-0.007344210235624161,0.022328322380682327
1845,0.0021756691948827214,0.04299300442021542,0.05822103029608234,0.0,0.003971931120160259,-0.0005856711194362756,-0.00034296233557256164,-0.016185243660700704,-0.007844291241893538,0.02283735338735086
1846,0.002236663498495616,0.04349468256085,0.05890040171054052,0.0,0.004018278916643963,-0.0005955530690274319,-0.00035791133262583983,-0.01659127386939517,-0.00824776988460959,0.023315116419698648
1847,0.0023094936074968893,0.043997026539210025,0.05958067480095525,0.0,0.004064688226892937,-0.0006054324861454716,-0.0003757943022142202,-0.01702271003245192,-0.008745070026283807,0.023822969332041498
1848,0.0023691490724058184,0.044500034023145105,0.06026184640913367,0.0,0.004111158835450254,-0.0006153095671375179,-0.0003921765858490108,-0.017422474062353584,-0.00922065846209353,0.024307336476798072
1849,0.002428215070156993,0.04500370268867337,0.060943913387944804,0.0,0.004157690527613671,-0.0006251975391687137,-0.0004090202433764563,-0.017818079676768968,-0.009722286443600086,0.024801807804030896
1850,0.002495074861435339,0.045508030219952936,0.06162687260128069,0.0,0.004204283089432893,-0.0006351057078925287,-0.00042814621565492167,-0.01823066943250894,-0.010274292565510372,0.0253246311581391
1851,0.0025550609110531956,0.04592773600136548,0.06241277129582548,3.813764034373893e-11,0.004281633919117211,-0.0006443851158008849,-0.00044463069198082535,-0.018629580971663378,-0.010732550588750566,0.025779708540069106
1852,0.0026163645404519466,0.04636533430917082,0.06330872227423835,1.0483563208517454e-10,0.004382008755339402,-0.0006532553697867725,-0.0004620862982861308,-0.019041740325232908,-0.011189295335616727,0.026227727847665985
1853,0.0026803511519905227,0.04688465213718608,0.06425872221893678,1.9294200974256557e-10,0.004510690578842468,-0.000661835967546123,-0.0004804932337992501,-0.019471909727538837,-0.011642988171066236,0.02668224384750466
1854,0.002767839833143276,0.04747737851789773,0.0652127768898776,2.971158783024929e-10,0.004662131230789745,-0.0006702151561332622,-0.0005090017685447665,-0.019959159536573595,-0.012418990959056285,0.02723874959282994
1855,0.002845409638563498,0.04816294131376444,0.06612929305317579,4.133687301328428e-10,0.004834703815755723,-0.000678430806391257,-0.0005335329125213309,-0.02043538242707684,-0.013069115095925765,0.027744886414077706
1856,0.0029237192374510445,0.048899403065090274,0.06704463581813806,5.387219311060388e-10,0.005023646461810015,-0.0006865422758894679,-0.0005610733729604415,-0.020915076319185787,-0.01380908107751304,0.028275483737221746
1857,0.0029907986819047534,0.04970084387018559,0.06805552602571445,6.709509541244414e-10,0.005219427394335618,-0.0006945802187745926,-0.0005860634873554999,-0.02137522918269024,-0.014447639247876898,0.02877041877939792
1858,0.0030499516527420813,0.050585467184041014,0.06915870595352552,8.083943898079105e-10,0.005412372867519829,-0.0007025780153746605,-0.0006106755584013509,-0.02182484771662367,-0.015033175677474725,0.029242064253030272
1859,0.003117544771942782,0.05155183153456435,0.07035396866602406,9.498113284365405e-10,0.005632418728581649,-0.0007105475486252018,-0.0006399885645301143,-0.022291724602534514,-0.015784953436923106,0.029753976804664496
1860,0.0031956343090192986,0.052562449577380474,0.0716553700336521,1.09427486231408e-09,0.005883898312362367,-0.0007185052588137925,-0.0006769484866166618,-0.022780009459926993,-0.016746386649948847,0.03032211578398789
1861,0.0032738681201945246,0.053630309570482274,0.07303673098472849,1.2410925604471922e-09,0.006170561000674023,-0.0007276625643901661,-0.0007169377879711828,-0.023236729823905032,-0.017679001400140972,0.030857826040273643
1862,0.0033457472634558973,0.05481674144992559,0.07442327927526252,1.3897470843476413e-09,0.006479676372163469,-0.0007377343698571023,-0.0007551922962154554,-0.023668328269327552,-0.018461436143043207,0.0313466617846678
1863,0.003429458314143307,0.0561627170051889,0.0758224541869505,1.539851843878961e-09,0.006795200690313089,-0.0007485536183773582,-0.0007962791342306132,-0.024116311170566326,-0.019434046747369853,0.031868780916778736
1864,0.0035221868476983074,0.0576703997850763,0.07723165240625626,1.69111788400299e-09,0.0071126699615355424,-0.0007598951852036387,-0.0008415651549835049,-0.024572732933415168,-0.020569930784262853,0.03241429991644321
1865,0.0036171746484172577,0.059279271682933884,0.07865104935488372,1.8433291580120448e-09,0.007437248846870541,-0.0007716398096192249,-0.0008910240835714535,-0.02503007216823218,-0.021758898384570582,0.032963813949527423
1866,0.003705822259544641,0.06098925330630167,0.08006836156994865,1.9963240632278543e-09,0.007771334062713067,-0.0007837261463535249,-0.000940400211671042,-0.025498850095510738,-0.022879126058497398,0.03351103573013609
1867,0.0038168882529812454,0.06279854940258758,0.08149897670596133,2.149981653092261e-09,0.008111191234636585,-0.0007970726100889839,-0.0009946934463403198,-0.02602125410698682,-0.02422336367779323,0.03412857791431295
1868,0.003919770178947731,0.06463045115702293,0.08289114368338263,2.304211341274768e-09,0.008462057970662146,-0.0008103784295466082,-0.001045453558234561,-0.02651299609113008,-0.025481607336127567,0.034691523844797824
1869,0.004026200967138518,0.066428365534126,0.0841936942857561,2.4589452133847396e-09,0.008817300196585137,-0.0008237282437047401,-0.0011016952746117092,-0.02700432132020692,-0.026912787243072292,0.035272534340435625
1870,0.004135455023608677,0.06812178768205177,0.0854501505943297,2.6141322858687027e-09,0.009170483598770639,-0.0008375649990053132,-0.001156448312549028,-0.027544566503593586,-0.02822450547026099,0.03587712108890508
1871,0.004243477647520649,0.06963419908424387,0.08669093309673984,2.7697342189351467e-09,0.009534322249492484,-0.0008530307367425508,-0.0012227191807669664,-0.02803733449825896,-0.029830612854323126,0.036470191860191625
1872,0.004373029993393958,0.07096768962952822,0.08798390842812279,2.92572211525002e-09,0.009902290655700335,-0.00086967925194896,-0.001305677933401147,-0.028537969108023434,-0.03192930042680663,0.037153550314139465
1873,0.004501427503538581,0.07212558602287034,0.0893695314364828,3.0820741294132364e-09,0.010272035290968939,-0.0008873434640162894,-0.001398144608625496,-0.029014696555384762,-0.03415284875865189,0.03784134687563294
1874,0.004588655483405974,0.07325189271161214,0.09083531877758565,3.2387736828721194e-09,0.010640247116699579,-0.0009057193197290793,-0.0014710304117904983,-0.029401641949208534,-0.03562361368323695,0.038349136959446306
1875,0.004678329023692088,0.07435459281621996,0.09242088732538689,3.3958081309349033e-09,0.011008999416251202,-0.0009246546312210962,-0.0015435911583328301,-0.029766442579586216,-0.03740483670215136,0.0388720159550883
1876,0.004753684695992742,0.07540414304525962,0.09409473363256532,3.5531677673821395e-09,0.011368778777001175,-0.0009440656500164564,-0.0016143399670427638,-0.030099200451784443,-0.039056973869897024,0.03933771190833284
1877,0.004831424123847778,0.07643231363862159,0.09584149980200969,3.71084508117388e-09,0.011711464075461754,-0.0009639227749044596,-0.001682989937799202,-0.030427536911549244,-0.04067850167001777,0.039806696023689886
1878,0.004898732456741519,0.07747815023692879,0.09766189527568597,3.8688342014049405e-09,0.012046031836310353,-0.000984133535922546,-0.0017467798933050631,-0.030729613960744306,-0.04205143393236098,0.04023099832780541
1879,0.004994781917436624,0.0785908185399319,0.09951156064158195,4.027130482831405e-09,0.012371164350998007,-0.001004707262766647,-0.001828691309825166,-0.031088168047956756,-0.0439164795086254,0.040764567386664556
1880,0.00512638569436039,0.07979120896380412,0.1014268210877627,4.185730196366351e-09,0.012689869334398413,-0.0010256347199195102,-0.0019517616260218318,-0.03152059852552207,-0.04673175737779069,0.04150594448944066
1881,0.005257556065199977,0.08104037883179539,0.10342877610953365,4.3446302979594304e-09,0.012992363644738682,-0.0010475064584051107,-0.0020626105106324186,-0.03190688800864866,-0.04943991873238202,0.04218108745749248
1882,0.005402917480221934,0.0823234777951941,0.1055271422590317,4.503828256008513e-09,0.013284357833370461,-0.0010701972041109236,-0.002177182576318123,-0.032299458223232214,-0.05230559181881977,0.04289104504787807
1883,0.0055609543466399874,0.0836445315188179,0.10762079225456604,4.663321922478952e-09,0.01356509259002854,-0.0010934751007171783,-0.0022900452031910422,-0.032707488818847635,-0.05544158348131811,0.043614288814530194
1884,0.005701566194775515,0.08502112642243255,0.10972202002273071,4.823109436660942e-09,0.013837027233980653,-0.0011172463257287364,-0.002389398678905234,-0.033070750113862055,-0.05809405077620792,0.04423841541168943
1885,0.005821870583774594,0.08648584714210586,0.11190341969530032,4.98318915329882e-09,0.014100479704257034,-0.0011414279929300374,-0.0024779549938693793,-0.033389352897245504,-0.06026665945892462,0.04476265955098754
1886,0.005934937868265488,0.0880083832919579,0.11418254036434375,5.143559588919591e-09,0.014352663857026693,-0.0011659990848257975,-0.0025731940598079503,-0.03368218070654434,-0.0620919478459932,0.04525147292601615
1887,0.006060796297842771,0.08961359127634383,0.11655821052982357,5.304219381751624e-09,0.014606567369043885,-0.0011908757548913513,-0.002684707720267966,-0.033987734365227,-0.06419557315601038,0.045794380073165296
1888,0.006243565870855028,0.09126734591789078,0.1190787057494422,5.465167261791398e-09,0.014849290912755227,-0.0012164090745210511,-0.0028371189674057497,-0.03439282497510951,-0.06753013491041455,0.046570371086429474
1889,0.006379733214021455,0.09299094955376966,0.12171071443230566,5.6264020284482634e-09,0.015096797358259457,-0.0012423434576038467,-0.0029702901353334025,-0.034706561022987845,-0.07012383715275992,0.04718821342002146
1890,0.00656720842854556,0.09476711741255571,0.12441706940364312,5.7879225338479895e-09,0.01533341973407515,-0.0012688807264312819,-0.003142232044141707,-0.035112715813159945,-0.07373414642355569,0.048053780400990176
1891,0.006757596817940014,0.096591130823549,0.12720680419569788,5.949727670361769e-09,0.015557970674717607,-0.001296002148801048,-0.003318548153966244,-0.035512709343059015,-0.07754959163334603,0.04893236414825501
1892,0.006928858155201428,0.09853279514284204,0.13004578472786016,6.1118163612907546e-09,0.015784112926295755,-0.001323497485581402,-0.0034557468065488854,-0.03586392248003041,-0.08089757541412668,0.04968805521423227
1893,0.007062082648869563,0.10054556757026582,0.13283903909735104,6.274187553906698e-09,0.01602006378056083,-0.0013513151867031545,-0.0035573596587298167,-0.03613834414076362,-0.08325962252676525,0.050258462605919346
1894,0.007186585812738641,0.1025380931618778,0.13560743715293316,6.4368402142521726e-09,0.016274996273190317,-0.001379384821426222,-0.003669122073499369,-0.036391135516277776,-0.08591517894566028,0.05080907643598138
1895,0.007352268606303422,0.10445303583035874,0.13830530323588255,6.5997733232547015e-09,0.016547739266354503,-0.0014079425294408266,-0.0038130836974251607,-0.03671871649857194,-0.08935893871449033,0.051543368017239084
1896,0.0075083001754186795,0.10614393975543494,0.14094733104248444,6.7629858738219045e-09,0.01681684454909356,-0.0014368001921708274,-0.003970662511214203,-0.03701870965753895,-0.09291800918745273,0.05220401535790107
1897,0.007673625894198452,0.10766204009117428,0.14353849027059948,6.926476868669451e-09,0.017085337945396944,-0.0014659174588454692,-0.0041410647290569935,-0.03733334397666799,-0.09689129739686252,0.05285517010811329
1898,0.007860586984356665,0.10922328036685607,0.1461478583218026,7.090245318695979e-09,0.017353475394713196,-0.001495353053308994,-0.004323640003769304,-0.037693275254009055,-0.10148345587802075,0.05355394593501314
1899,0.00810212571108776,0.11088963646370349,0.14884953287069322,7.254290241766642e-09,0.01763801340932753,-0.0015252017681168406,-0.004554798511313174,-0.03815276364836652,-0.1075380974578106,0.05449634430705981
1900,0.008344464466792316,0.1126362563187686,0.15168072539493221,7.418610661801784e-09,0.01793543973257104,-0.001555453428619017,-0.004810913911684174,-0.03863262828124354,-0.11376149673685304,0.055458684475447266
1901,0.008580209879668035,0.11444046829052686,0.15452208968633943,7.583205608093332e-09,0.018249154768933958,-0.0015870380716896742,-0.005078897624348411,-0.03911535712076368,-0.11991998588478003,0.05642612141451753
1902,0.008799886416796934,0.11638312334251853,0.1573436519795497,7.748074114791465e-09,0.01861988446657902,-0.001619710419139629,-0.005352460753379194,-0.039559720174092976,-0.12566401116829232,0.05740732699397724
1903,0.00908662575230943,0.11844700347917565,0.16017394254183456,7.91321522051822e-09,0.019057018376571717,-0.0016532898150631537,-0.00569139892427165,-0.0401263827654813,-0.13307138545788447,0.05874957094031067
1904,0.009310373703720034,0.12077970907136218,0.16295269518834057,8.078627968076056e-09,0.019534501488945765,-0.0016874249768904818,-0.006024440984971497,-0.04059388796613526,-0.13936952106856185,0.05986654077515096
1905,0.009563678949019666,0.12331431412182395,0.16576549713895894,8.24431140422731e-09,0.020040886229087687,-0.0017221511388755232,-0.006388040615565624,-0.04111384283642591,-0.14669171664502004,0.06118683397963604
1906,0.009848667490084924,0.12604546282888007,0.16868258607775863,8.41026457952649e-09,0.02057011802627806,-0.0017579135017334149,-0.00678431440390128,-0.04174009980355406,-0.15492261120757173,0.06258383761532753
1907,0.010227370750958953,0.12898235524197946,0.1718077383506015,8.576486548192214e-09,0.02112722406529365,-0.0017950576550173189,-0.007325338157811311,-0.042542592356916153,-0.16569711579781046,0.06454615141035776
1908,0.010445749801321751,0.1319171793944041,0.17505717373267038,8.74297636800858e-09,0.02172503671309741,-0.0018324848249397145,-0.007750305465202622,-0.043107923970388776,-0.1718715466166502,0.06569687987213255
1909,0.010691342413562904,0.13490494707445425,0.1783968327060424,8.909733100248688e-09,0.022355571483117065,-0.0018705056461770743,-0.008165497559706587,-0.04371236632516399,-0.1789935556574232,0.06700857355030719
1910,0.01096075261750472,0.13794411722760316,0.18185237052430853,9.076755809614567e-09,0.02302344307782141,-0.001909227115470712,-0.008612469694993713,-0.04436923457449784,-0.18664564917762325,0.06850957423158804
1911,0.01120627862547336,0.14092454461160683,0.1854185806807662,9.244043564189463e-09,0.023741133980331834,-0.0019476513288572781,-0.009039243052636682,-0.0449651578719242,-0.19303970943089016,0.0699189514694065
1912,0.011473593157104448,0.14378772298058826,0.18921634873301302,9.41159543539938e-09,0.024441709721331587,-0.00198589007356196,-0.009481890228735532,-0.04561786780743636,-0.19986751761251767,0.07150667162181598
1913,0.011789305589399036,0.14635581338946133,0.19325644835434536,9.579410497981393e-09,0.025152381371235582,-0.002024311721809285,-0.010040192126508534,-0.04635249695209944,-0.20745545260854248,0.07351614782908317
1914,0.011855356870309428,0.14866696878481003,0.19738139921317804,9.747487829957255e-09,0.02587645959501966,-0.0020620773044358136,-0.010365884558288442,-0.04657902535165322,-0.20805258605842644,0.07423557737888359
1915,0.011931412447549604,0.15085351511004555,0.20159006939088153,9.915826512610734e-09,0.02659935579878446,-0.002099537273347351,-0.010690755337493885,-0.046732187988584334,-0.20846219922340103,0.07479224430514132
1916,0.012122061865496034,0.15352204323649613,0.20592451307548754,1.0084425630467904e-08,0.02728852743880469,-0.0021372213619862564,-0.01119594598949642,-0.0470046342333768,-0.21356938267370143,0.07586967344100405
1917,0.012349924318634313,0.1562921963467449,0.2103099343768501,1.0253284271279643e-08,0.02797185817449524,-0.0021750981972559567,-0.011762265017470384,-0.047270706829117104,-0.21982782245566673,0.07709111034521
1918,0.012501364524008959,0.15933962997337228,0.2145554132932532,1.0422401526005656e-08,0.028594368919121874,-0.0022131435549700407,-0.012260245400607675,-0.0473674255644013,-0.22382081587988487,0.07796390563953283
1919,0.012317142238014205,0.16272617548752824,0.21854875270357157,1.0591776488799847e-08,0.029099312718648986,-0.0022507275311935463,-0.012539124761708582,-0.04682143843481709,-0.21831486836845518,0.07749342385308083
1920,0.012414827458209505,0.16635961112738504,0.2224919970930102,1.0761408256996494e-08,0.02953255074059326,-0.0022896856597531424,-0.013230627955059748,-0.046835210705833054,-0.21995581904435052,0.0786064692463854
1921,0.012267242060059953,0.17013639100854522,0.226239800220297,1.0931295931097195e-08,0.02992836344644124,-0.002327936784512836,-0.013622293216393548,-0.04655098824065053,-0.21296462069272082,0.07854685324439843
1922,0.012242267366509883,0.17399016468038073,0.22982448362397373,1.1101438614758392e-08,0.030306836023304463,-0.002368009800299318,-0.014219309180521163,-0.046536925285832385,-0.21044195859456452,0.07933236330117557
1923,0.012577013083465054,0.17778258488989818,0.2332496733871966,1.1271835414779167e-08,0.030755826212781005,-0.0024112980358843967,-0.015081212487087431,-0.04710365400512033,-0.2133074649639687,0.08198208590580926
1924,0.012824160709032615,0.18129361036972144,0.23662418917344022,1.1442485441089514e-08,0.031177913001636397,-0.00245337690332121,-0.015825915283777865,-0.04769760244720629,-0.21575225965248596,0.08405650036363636
1925,0.013052962960600949,0.18437227812017692,0.239602263767014,1.1613387806738704e-08,0.031534319760474536,-0.002514473747824436,-0.01659335269120756,-0.0483043564866134,-0.2181373958384156,0.08602080750333956
1926,0.013195450944068488,0.18695253319342395,0.24219878510058637,1.1784541627883935e-08,0.0318381806650749,-0.0025830089499582166,-0.017304395301372226,-0.04873028439546191,-0.22148724591761315,0.08749984902776424
1927,0.013385388196677617,0.1892620211590053,0.2446782648289872,1.1955946023779154e-08,0.03210682020283037,-0.0026511038542948516,-0.01825729142497279,-0.04927491959991935,-0.22749731071982818,0.08970938733549956
1928,0.013449051851162745,0.19174398291816477,0.24692578680669547,1.2127600116763905e-08,0.03237175699299371,-0.002715045143281409,-0.019106794860181266,-0.04960359597841664,-0.23237398051123262,0.09128066298682629
1929,0.013582874408466632,0.19451537653749712,0.24902900093611888,3.313240228331174e-08,0.03261642529450064,-0.0027746668674397596,-0.020183574733373823,-0.050043426109645246,-0.24035147298973705,0.09345703620053818
1930,0.013470834124566164,0.19749881335521305,0.2509409176538657,1.5495856133841476e-07,0.032840446793927065,-0.00282280055074784,-0.020648665377605423,-0.0499545053785668,-0.24151338300103875,0.0938190751457235
1931,0.013218302853617912,0.20048543949064226,0.2528675551937694,1.5357500407210684e-07,0.03311886214123534,-0.002867373004750603,-0.020679486672369605,-0.049642628625002086,-0.23573323025314857,0.09311919071133923
1932,0.012880831171667464,0.2034228819228501,0.25494674308167836,1.348769905751232e-07,0.03339385750181362,-0.0029043840426130757,-0.02040467275353369,-0.049204837076092856,-0.22536917834991396,0.0917150999970071
1933,0.012704127434597643,0.20633989002686923,0.257218308821806,1.2242143740796284e-07,0.03369196906557075,-0.002937626061346982,-0.020442239134421256,-0.04906426049524195,-0.22039517602956932,0.0914938389668016
1934,0.012699588180742523,0.20933280798037016,0.25978578464435675,1.1475460825763292e-07,0.033980856474523716,-0.0029667086116695377,-0.02077013022479394,-0.04924748924604801,-0.22190953250976705,0.09206356688140599
1935,0.012780558115685079,0.2123947239483276,0.26269616564577736,1.1080201160389733e-07,0.03427496100395546,-0.002993174560160121,-0.021338560796434057,-0.04959390413003118,-0.22771849820134177,0.09328579629018353
1936,0.012993707435729529,0.21543183739837085,0.2665653992323148,1.0977331273129584e-07,0.03459313737384018,-0.0030289988922483487,-0.022242932013572702,-0.050173533928097126,-0.23647474083111628,0.09536656791751892
1937,0.013262167478573847,0.21841538557258824,0.2710861422607665,1.110914079462083e-07,0.034951515277805864,-0.0030707391099190143,-0.023414563955595324,-0.050895026937058205,-0.24816183927698804,0.09821472014917657
1938,0.013330061602750872,0.22133514956076444,0.2756423763718769,1.143395683118528e-07,0.03535815585382972,-0.0031122439752498234,-0.023992876125407753,-0.05131195762834445,-0.2524102505391409,0.09954927779070855
1939,0.013488700223769613,0.22448113707911013,0.28028221174763573,1.192220401144315e-07,0.03577896661673559,-0.0031538587416187138,-0.024805997510347257,-0.0518933096598776,-0.2598953196095284,0.10141554883834637
1940,0.013759116558103104,0.2273721363832932,0.2848821374501182,1.2553482930399396e-07,0.03622859161770185,-0.003194290539242277,-0.02600318240532568,-0.052658688856564155,-0.2729362671654538,0.10384360058002737
1941,0.014067609475171949,0.23006082144735104,0.2893477589792888,1.3314417190640633e-07,0.03670646486359207,-0.003234321455703473,-0.027150720990796358,-0.05339682368580312,-0.2856340088925283,0.10633890993688462
1942,0.014372705239749177,0.2328526924957172,0.29352443155778474,1.4196976603428492e-07,0.03722022232720938,-0.003268890691333137,-0.028016249658309324,-0.054077200936233014,-0.2966795786477671,0.10816101107504256
1943,0.014657621320659342,0.23565622821213109,0.2971941207284577,1.519731588563373e-07,0.03794629573147737,-0.003303955377914097,-0.02904686318108227,-0.054733823298164036,-0.3065832530910494,0.11023920911303507
1944,0.014854600139712239,0.23835019857260645,0.3000869340939154,1.0045673198226643e-06,0.03861866831054601,-0.0033422213858387605,-0.03020259560112018,-0.05509751840998742,-0.31209908801671676,0.11249325873100618
1945,0.014626490651222717,0.2408854900383858,0.3022950523875997,1.9055314051923606e-05,0.03925512531841051,-0.003380180933851346,-0.03068092054798695,-0.05452739311289989,-0.3054574229229698,0.11281587722024361
1946,0.014518874168123476,0.2434817055487844,0.3040587411581759,8.514948934276193e-05,0.039851393677994715,-0.003427319327101079,-0.03134425092124351,-0.054339428107105556,-0.2995351501921668,0.11369626591924822
1947,0.014411720767084614,0.24635168733201904,0.3056761148258703,0.00018658672920512405,0.04035958199068684,-0.0034825426020092384,-0.03250642460086037,-0.053915708808278714,-0.3030543256487629,0.11496145890049783
1948,0.014358251603518231,0.2494289267400902,0.30705951266680437,0.00031412414148916515,0.040782451126984996,-0.0035473399714577936,-0.033990568734925064,-0.05377670457252431,-0.3094450705072456,0.11730905357908115
1949,0.014480318222509161,0.25248625420991283,0.3084232445804087,0.00046126126880829054,0.04114008817274602,-0.0036238499269272344,-0.0348261846933333,-0.0541424860800212,-0.3102848530361125,0.1190420551996241
1950,0.014633946273602172,0.2553565298522592,0.3099318574335847,0.0006221606507483958,0.04149871927476055,-0.0037127857142411217,-0.036292177482034345,-0.05465812544945183,-0.3167425480546004,0.12221854233772465
1951,0.014823144173162835,0.2582984018043261,0.31155712901943416,0.0008033091942315656,0.04184815413772473,-0.0038236531500306327,-0.03797956040767119,-0.055294497096675554,-0.32693941978950475,0.12604155418616486
1952,0.014995486734712469,0.2613657525902826,0.3135459320576623,0.0010119060059317815,0.04221289688254044,-0.003946191403427971,-0.03961556475154578,-0.05588550287206625,-0.3369268904187469,0.12959327264891224
1953,0.015131318513560865,0.2650201367376017,0.3159298338287687,0.0012457660855344091,0.04266149557360509,-0.004078095273633977,-0.04122671299607346,-0.05638853670862144,-0.34613254745496413,0.13302192249546688
1954,0.01529708695576849,0.2693953312388647,0.31856294732195245,0.0015084994103162098,0.04312528590344647,-0.004210410492018796,-0.04273701416447956,-0.05693762387895057,-0.35559542557141655,0.13621834696311066
1955,0.015579889193439455,0.2744711581936555,0.32129130321491,0.0018038296191195177,0.04364178799718607,-0.004339268874291777,-0.04490125372253186,-0.0576774853935473,-0.371184276568901,0.14067763567338223
1956,0.016011658898818882,0.2803825755059893,0.32401601204750063,0.0021383085248400098,0.04422149920565932,-0.0044671437770059325,-0.04724591488474242,-0.05854649731128586,-0.38981439672933305,0.1454630803511358
1957,0.016459343600529093,0.2869564206548807,0.3267612766688775,0.0025199321711930713,0.044839697393985384,-0.004598337899011934,-0.049446976029519966,-0.05932132714284239,-0.4073798528586176,0.14960435145807538
1958,0.017051131183399876,0.2936019256009264,0.3296433032453206,0.002947494443149841,0.04545427096396176,-0.004740207725522875,-0.05135979470576505,-0.06021542142052751,-0.423560834350833,0.15386396850642875
1959,0.017715184144059398,0.3000653856013395,0.3328513904386435,0.0034193105502987953,0.0460437862962357,-0.004890738126482152,-0.05334164642488122,-0.06110159127604128,-0.4411038906760273,0.15878145928989185
1960,0.018443361037736992,0.3059655818764007,0.3370323434606474,0.003949450440225062,0.04665541780393531,-0.0050361465783119955,-0.05573580486021558,-0.06212353289913465,-0.4616465950313156,0.1636116483189658
1961,0.01886703071566674,0.3112445543918678,0.3416484011868554,0.004551212737225606,0.04729537752808505,-0.005178350732296237,-0.058059693909237285,-0.06272502411224813,-0.47893964090163427,0.16712026233723382
1962,0.01923489719428863,0.3171378708095446,0.346737066824379,0.0052334470633792944,0.04796881843859212,-0.005340599736738824,-0.06047082457380438,-0.06332206550696044,-0.4957600578636476,0.17088889038203658
1963,0.019611242195595287,0.32420184203195274,0.35189710964314624,0.006014887120843998,0.048687168207658414,-0.005526689973392374,-0.06326507375030664,-0.06402211787527788,-0.5130048190323512,0.17530148406963378
1964,0.01989901835431762,0.3319176167320261,0.35727000429353334,0.006917378234556331,0.049427340827670814,-0.005706070795937687,-0.06647724768322408,-0.06455690675881615,-0.5328783063799293,0.17979684087833162
1965,0.020159302365199472,0.33972380600402396,0.36239541276904824,0.007955879254643706,0.05018512659655452,-0.005940331345042473,-0.06978035204065336,-0.06503490461286263,-0.5518363331327507,0.1844362177877515
1966,0.02040625767939306,0.3472530864810318,0.3685255549041529,0.009139731328739348,0.050980492293558284,-0.00624182012313547,-0.07300302570002311,-0.06540036088565002,-0.5702832998546173,0.18950373103883583
1967,0.020557699417838374,0.35469638147343596,0.37446127249025785,0.010482644696494573,0.05180380252501212,-0.006569107661533223,-0.076462598963933,-0.06553498228373295,-0.5851066657827627,0.1943486081551474
1968,0.020802828670082478,0.3628200241884474,0.38088569811443423,0.012001190263800254,0.05264934633988327,-0.006921432517197569,-0.08060032000863007,-0.0657860949028174,-0.6035658735535195,0.20074015810559495
1969,0.02112735265600506,0.3714996399569711,0.3875823771175289,0.013711867168592833,0.053513365725848194,-0.007246959601120699,-0.08436890222181226,-0.06620138127306456,-0.6240844109929699,0.2082388956827851
1970,0.02154812084944145,0.38116309260875336,0.3958554662433186,0.015624972595809222,0.054394083107077044,-0.007682033290465967,-0.0887290563545287,-0.06681571302860717,-0.6505189539048477,0.21717724489668638
1971,0.02204727699177749,0.39132608860915813,0.40344099116192866,0.017739612581163158,0.05529114066057714,-0.00806778524100471,-0.09282028108605832,-0.0675538962591582,-0.6712860249842517,0.2249195173401193
1972,0.02258771570291485,0.4016107455531618,0.41323860009053376,0.020059564190604836,0.05620531941628972,-0.00841038795969399,-0.09704307441162867,-0.06836128308259783,-0.691851515768055,0.2325257123764121
1973,0.023168540506993938,0.4113534306776278,0.4259452018043068,0.02260739388732189,0.057138191736597246,-0.008726366534939798,-0.1017813230518693,-0.06922768972336997,-0.7163315330134005,0.24002097463249353
1974,0.02363333381784039,0.4206545244953395,0.4373321606921518,0.025409735450192584,0.058091447911591584,-0.009013464861741084,-0.10500380098869984,-0.07009071239527521,-0.7322717576736704,0.2451154039545994
1975,0.02415884965824018,0.4299508496006606,0.44615016127419843,0.028419865860639743,0.05906787875352837,-0.009295285932152848,-0.10724676934226551,-0.07120625058101823,-0.7421955812513447,0.25002536860430796
1976,0.024760664925012475,0.43949300481245673,0.4543722553367504,0.031547949970761664,0.06007057904942596,-0.009556297875340297,-0.11022058949157992,-0.07247019621656113,-0.7583237357808271,0.25562171829693203
1977,0.025469102451078716,0.44938960475540696,0.4643804332219786,0.03473313333889963,0.06110186124223536,-0.009809770967231946,-0.11334491627693245,-0.0739060673540612,-0.7718417000141524,0.26186026809883467
1978,0.02626343507191132,0.45964445657184455,0.47542087650717996,0.03792003832721117,0.06216550695942391,-0.010068197466147831,-0.11651452260599154,-0.07545180631772826,-0.782822199722459,0.2691721822444599
1979,0.027028489668156585,0.4701801607726985,0.48711188349525825,0.04104585052969366,0.06326485145452404,-0.010326052338230233,-0.11969027984078598,-0.07716545510052596,-0.7950793411646653,0.27529911389208694
1980,0.027480941030548007,0.48086263523924594,0.5005217874525778,0.04417606757738231,0.0644520986108221,-0.010570296698071607,-0.12182707116955878,-0.07854610627091967,-0.8037913588179968,0.27937686383422333
1981,0.027806320839720303,0.4915111776552953,0.5132081551263531,0.047283706848969854,0.06578870443627194,-0.010792882675459942,-0.12291951709917742,-0.07976718921081093,-0.8048288340887592,0.28233152361572206
1982,0.028109288601130305,0.5019128939332055,0.5244590938067707,0.0503575659706878,0.06740336058917154,-0.010998550021981515,-0.12306091638839549,-0.08098289998260065,-0.8018530716269755,0.28477672579519575
1983,0.028434796045111302,0.5118305846304164,0.5365217390401694,0.05343704320563829,0.0689285290675986,-0.011199332782835643,-0.12322736682654442,-0.08221018022177073,-0.7976110095890606,0.2872130863442995
1984,0.02888488414341387,0.5211323264715217,0.5489312798702962,0.05646649178341909,0.0704433822243083,-0.011414563006575389,-0.12416260247008629,-0.0835964016994346,-0.7966858349374645,0.2902106155013556
1985,0.029313720550684517,0.5300566638363027,0.5614422646709843,0.05951052776560006,0.0718848847907201,-0.011615248288278642,-0.12533485635066777,-0.08497064531450485,-0.7970970770535322,0.2945700987379947
1986,0.029851581907519232,0.5387298531492166,0.5739119274418574,0.06265016194358891,0.07344961683918733,-0.011824831001111015,-0.12697955840576203,-0.08634501276616377,-0.7972550491301219,0.2984153061497043
1987,0.03047557793244013,0.5468369739532905,0.5870512225063008,0.06591633399878184,0.0747514643025332,-0.012034246204740376,-0.12938279345750853,-0.08796919983726541,-0.8013649088553971,0.3027562814787735
1988,0.031180321359907767,0.5549015366529851,0.6022921431917847,0.069387986410962,0.07611396325247828,-0.01223069235405918,-0.13237492491561936,-0.08957549403773847,-0.8061431253492146,0.30740918341239787
1989,0.031838548647366,0.5630741396245709,0.6173133431943082,0.07285730965338626,0.07769539934235499,-0.012425813382744533,-0.13533083857658487,-0.09117716545087413,-0.8096194569176625,0.3113428628496921
1990,0.03257758828622207,0.5704911613738572,0.631215796643235,0.07616153933490807,0.07937581581649972,-0.01258905847248886,-0.1378564038475101,-0.09275528574247009,-0.8131269283195692,0.31325962111007566
1991,0.03313857029592888,0.5781414388775984,0.6445528575101926,0.07920920612501298,0.08102080146461604,-0.012716955057764346,-0.14001153461493768,-0.09423662534177711,-0.8122275147270963,0.31557483876991743
1992,0.03342230984804085,0.5851612115519109,0.6562252752292902,0.08202059401527081,0.08254908059961577,-0.012822269751114054,-0.14185415155833375,-0.0953809919008607,-0.8054351590023408,0.3167731995969429
1993,0.033706719564977825,0.5909304306479032,0.6666976197782614,0.08449211604852538,0.08388620688860465,-0.012915498102042712,-0.14366765228161663,-0.09606039574398509,-0.7978584586585221,0.3175961326047274
1994,0.03412069345894658,0.5962639438284074,0.6778707865945675,0.08665905456548899,0.08519555284066274,-0.013011870306331596,-0.14498866245655817,-0.09679281009107085,-0.7878065966007004,0.31727871652104284
1995,0.034745856009629636,0.6011923267355408,0.6902475711570119,0.0886499344824053,0.08651273796270127,-0.013097335060863862,-0.14656326348489218,-0.09780439341015106,-0.7773491298401193,0.31788569421426166
1996,0.03519330737622967,0.6054207087724798,0.7033870087308186,0.09048675079750083,0.08796409633881437,-0.013182452338541251,-0.1483650926593035,-0.09868767510790524,-0.7661741224852521,0.31677628638831135
1997,0.03553571039909021,0.6093056949512908,0.7157531639646953,0.0921493921578709,0.08950740135514657,-0.013267195043805736,-0.14975621405393807,-0.09962148046191234,-0.7577017289206226,0.31612637477102135
1998,0.035391169617428136,0.6138990418888547,0.7306943353589138,0.09365398442391804,0.09109025954097427,-0.013351877475402266,-0.15067434084309295,-0.10004913619907194,-0.7473554597522752,0.31449206385601797
1999,0.03515169612963989,0.6186602686200904,0.7464647480227795,0.09503988398742509,0.09281207421499145,-0.013436905938939427,-0.1510878710685998,-0.10063498345411094,-0.7324915930512287,0.3114862461082569
2000,0.034848940797780774,0.6226514375753959,0.7610018651750272,0.0963337904688459,0.09463431936768245,-0.01352868148758298,-0.15247808838351137,-0.10107191031559146,-0.721116106957395,0.30965027996077416
2001,0.034745865749803796,0.6256793857947196,0.7754195034399342,0.09751221152491575,0.09640995711102375,-0.013620962352078133,-0.15348414987234552,-0.10157228158857033,-0.7141946088658672,0.3073666772073728
2002,0.034770420029993254,0.6283185401978655,0.7906328653216956,0.09859737504031274,0.09810299106658901,-0.01376128297587952,-0.15439594234239773,-0.1024072060098762,-0.7081232404660358,0.30429541055226056
2003,0.03501580935968097,0.6311234216285333,0.8075521337208874,0.0995999449656017,0.09976652868044938,-0.01391732429706465,-0.15611577614027305,-0.10361206905830031,-0.7100207341035077,0.302796927831259
2004,0.035534691253875574,0.6333839484925141,0.8242626536934076,0.10054563061785615,0.1013805367943887,-0.014100294562555293,-0.15906046883441616,-0.10510484262183427,-0.720004831252628,0.30308732138652916
2005,0.03611810296826432,0.6350488268803048,0.841253391651531,0.10145399523705793,0.1029862346097573,-0.014287310088839465,-0.16214285719972707,-0.1066617293076846,-0.7349456179027354,0.30412081231566634
2006,0.03666670378508799,0.6365730469195454,0.8586859101696565,0.1023070789784108,0.10465212158470448,-0.014519315683727947,-0.16556335854461637,-0.10811113982576309,-0.7480699145427803,0.30493093027986423
2007,0.03724170517251415,0.638922026197888,0.8756181101793762,0.1030978826354951,0.10631800956412754,-0.01478046789740511,-0.16909158537446922,-0.10966971120188408,-0.7561104884043447,0.3050452638605176
2008,0.037783283485528785,0.6418209562399313,0.8929394682488372,0.10383971762363096,0.10806288508688655,-0.015014916669325713,-0.1717986316832668,-0.1112941174214643,-0.7577953881107129,0.30410528090877925
2009,0.038243425515800275,0.6449220786170107,0.9093325110809933,0.10453442747885418,0.10976637620293879,-0.015222850148578623,-0.17165331577784768,-0.11315316750169137,-0.747531467730086,0.30222199998288113
2010,0.03873332504029809,0.6482150506539742,0.9266323466704279,0.1051888166027399,0.11152819102842752,-0.015435187348365876,-0.17117231808285263,-0.11521173723224733,-0.7339691101000935,0.30146365997375874
2011,0.039095460409561515,0.6516772583049746,0.9438000672535404,0.10584861718450617,0.11339861834390955,-0.01564088436016695,-0.1725112164246637,-0.11681535262454139,-0.7271874772962136,0.30121232961179983
2012,0.03939039658258018,0.6552158821338807,0.9611417480711113,0.1065070311783558,0.11528177295534389,-0.015842143924812337,-0.1733139817632211,-0.11793489262861026,-0.718192571296911,0.301212417007692
2013,0.039510982881885946,0.6588602242583435,0.9801132586047459,0.10716710162447635,0.11720457540326833,-0.01603678603631735,-0.17323055892949898,-0.11880770933945707,-0.7049702694985754,0.3010319929638751
2014,0.03942443738918068,0.6631064077696639,0.9986357679867499,0.10784859014946939,0.11925347247264122,-0.016209280721760207,-0.17252282791427856,-0.11927810376578435,-0.6884265953004092,0.29932286489106225
2015,0.039112992363603404,0.6680706122837462,1.0176068499459068,0.1085668159451649,0.12130315432937645,-0.016381705932000966,-0.17143998914595307,-0.11937692715886193,-0.669098542014266,0.29652410226262094
2016,0.038737837291950475,0.6731682902426901,1.0392318521798984,0.10931678938819332,0.12329825672735578,-0.01655778848231501,-0.17019546106127442,-0.11954799489399076,-0.6495146328553086,0.29230891288928557
2017,0.03846602975542509,0.6782158779881582,1.06023498564215,0.1101146830871353,0.1253007578318854,-0.01674113328093201,-0.16928704617560358,-0.1197253765191355,-0.6304667392785688,0.28837253179019884
2018,0.038218306432173686,0.683431145790801,1.081272266255422,0.11097528018873497,0.12742733929969177,-0.016922049016795226,-0.16840430290538058,-0.11971739846498029,-0.6157264290621804,0.2848612405717496
2019,0.037972559347102,0.6887746324480128,1.102487002778033,0.11185090111749979,0.129522087990688,-0.01710262983214374,-0.16745622988164569,-0.11951967367241698,-0.6029781751147802,0.28172587011160144
