,CO2,N2O,CH4,NOx,SO2,BC,OC,NH3,VOC,HC
1750,0.0,0.0,0.0,-0.0,-0.0,0.0,-0.0,-0.0,0.0,0.0
1751,0.0011261413959816203,7.682715392786278e-05,0.0008315930131947659,-1.173793165656482e-06,-5.254648558007617e-05,1.4227580279514922e-05,-0.00011869972620601733,-4.780195557815912e-06,0.00017707174003288794,0.0
1752,0.0022522827919632406,0.0001536543078559439,0.0016631860263895317,-2.356811553364596e-06,-9.138714435473846e-05,2.8465569762688004e-05,-0.0002372793426307981,-9.559677923505992e-06,0.000353882963007766,0.0
1753,0.003378424187944861,0.0002304814617838067,0.002494779039584298,-3.5289914184026693e-06,-0.00012421602294912087,4.266378654270529e-05,-0.0003556372703668569,-1.4338436109516125e-05,0.0005302049292042751,0.0
1754,0.004504565583926481,0.0003073086157116694,0.0033263720527790634,-4.710396656326352e-06,-0.00016021547709253611,5.687241252637805e-05,-0.00047387508832178235,-1.911648111051212e-05,0.0007062663260276674,0.0
1755,0.005630706979908102,0.00038413576963975055,0.00415796506597383,-5.890995357065523e-06,-0.0001736988659405496,7.106635676029596e-05,-0.0005919420070416571,-2.389380743095403e-05,0.0008819527966963958,0.0
1756,0.006756848375889722,0.0004609629235676134,0.004989558079168596,-8.826424574286596e-06,-0.0003001072687053258,8.963653608786775e-05,-0.0007187261809357575,-2.8671379284396923e-05,0.0010772584676379659,0.0
1757,0.007882989771871343,0.0005377900774954762,0.005821151092363362,-1.0005423398537435e-05,-0.00033606636000948136,0.000103801116822339,-0.0008364513011859436,-3.344726886650969e-05,0.0012521905084254803,0.0
1758,0.009009131167852963,0.0006146172314235572,0.006652744105558248,-1.1183615685604097e-05,-0.0002848166124961885,0.00011795101580704332,-0.0009540055222012376,-3.8222439768057705e-05,0.0014267476230583735,0.0
1759,0.010135272563834584,0.0006914443853514201,0.007484337118753013,-1.2361001435485708e-05,-0.0003432490760151495,0.00013208623304201693,-0.0010713888439814571,-4.2996891989040965e-05,0.0016009298115367012,0.0
1760,0.011261413959815315,0.0007682715392792827,0.00831593013194778,-1.352754813478304e-05,-0.00032535143403328797,0.00014618167757385887,-0.0011885504770730738,-4.7770620005432986e-05,0.0017746229263397098,0.0
1761,0.012387555355796935,0.0008450986932073639,0.009147523145142547,-1.7256405336720337e-05,-0.00046315953605529053,0.00016443755509534377,-0.0013164588413563088,-5.178987807157842e-05,0.0019603203833124267,0.0
1762,0.013513696751778556,0.0009219258471352267,0.009979116158337312,-1.837600272509354e-05,-0.00044511844800795673,0.00017615522223471956,-0.0014309833850207788,-5.580697672280595e-05,0.0021159654022272845,0.0
1763,0.014639838147760176,0.0009987530010630895,0.010810709171532078,-1.949479378417352e-05,-0.0005030069680907093,0.00018785832687351993,-0.0015453293660457684,-5.9823352206247545e-05,0.0022712363384885196,0.0
1764,0.015765979543741794,0.0010755801549909524,0.011642302184726843,-2.061277851396123e-05,-0.0006115105327514613,0.00019954686901180792,-0.0016594967844314596,-6.383900452188867e-05,0.002426133192096342,0.0
1765,0.016892120939723417,0.0011524073089190332,0.01247389519792161,-2.1729956914454916e-05,-0.0004865434843499005,0.00021122084864951918,-0.0017734856401774798,-6.785393366972762e-05,0.0025806559630506824,0.0
1766,0.018018262335705037,0.0012292344628468963,0.013305488211116375,-2.6317735186976048e-05,-0.00074913669173593,0.00023156173565984318,-0.001904869084286951,-7.187005835149113e-05,0.002774245390455767,0.0
1767,0.019144403731686657,0.001306061616774759,0.014137081224311144,-2.7433327022977677e-05,-0.0006775879418896833,0.00024320659029646794,-0.0020185008147540493,-7.588354239511692e-05,0.0029280109455884305,0.0
1768,0.02027054512766828,0.0013828887707028402,0.014968674237505909,-2.854811252968615e-05,-0.0008338561814861523,0.00025483688243253333,-0.0021319539825816673,-7.989630327094634e-05,0.0030814024180675975,0.0
1769,0.0213966865236499,0.0014597159246307028,0.015800267250700672,-2.9662091707101675e-05,-0.0009254175650343636,0.0002664526120680475,-0.002245228587769614,-8.39083409789799e-05,0.0032344198078931414,0.0
1770,0.02252282791963152,0.0015365430785585655,0.01663186026389544,-3.077526455522513e-05,-0.0010507176174591583,0.00027805377920301966,-0.0023583246303182704,-8.791965551921685e-05,0.0033870631150651888,0.0
1771,0.02364896931561314,0.0016133702324866467,0.017463453277090205,-3.72222229788754e-05,-0.00041982903882179277,0.00034621672959959005,-0.00268377477822607,-0.00010661020215561188,0.004029519332326151,0.0
1772,0.024775110711594762,0.0016901973864145096,0.018295046290285093,-4.001573114239126e-05,-0.0004409604881722312,0.0004052076627218892,-0.002990443618588951,-0.00012529730717807122,0.004629896027482338,0.0
1773,0.02590125210757638,0.0017670245403423723,0.019126639303479857,-4.280789843964493e-05,-0.0004564456861872257,0.00046415968560409825,-0.0032968185125772545,-0.0001439829942868854,0.005229647684593837,0.0
1774,0.027027393503558,0.0018438516942704535,0.019958232316674623,-4.559872487063553e-05,-0.0004831610085681971,0.0005230727982462184,-0.003602899460191153,-0.00016266726348207556,0.0058287743036604485,0.0
1775,0.02815353489953962,0.0019206788481983162,0.020789825329869387,-4.8388210435364255e-05,-0.000501417350330177,0.0005819470006482849,-0.003908686461430831,-0.00018135011476362549,0.006427275884682357,0.0
1776,0.02927967629552124,0.001997506002126179,0.021621418343064157,-5.5029303638522364e-05,-0.0006598405674384855,0.0006504172189122815,-0.00423368266654217,-0.00020003369122384868,0.007068824363613266,0.0
1777,0.03040581769150286,0.00207433315605426,0.02245301135625892,-5.781613643064354e-05,-0.000675247707595519,0.0007092136008341637,-0.004538881775033001,-0.00021871370804474124,0.007666065824044038,0.0
1778,0.03153195908748448,0.002151160309982123,0.023284604369453687,-6.060162835650286e-05,-0.0006821958671335547,0.000767971072516004,-0.0048437869371494345,-0.00023739230695199958,0.008262682246429924,0.0
1779,0.0326581004834661,0.002227987463909986,0.024116197382648454,-6.33857794160993e-05,-0.0007200632560225379,0.0008266896339577328,-0.0051483981528914575,-0.00025606948794562254,0.008858673630771105,0.0
1780,0.03378424187944772,0.0023048146178380664,0.02494779039584322,-6.61786236311636e-05,-0.0007132786337370995,0.0008871407741546411,-0.005457076170781619,-0.00027474525662082183,0.00945875363117081,0.0
1781,0.034910383275428454,0.0023816417717659297,0.025779383409037984,-7.270919026152386e-05,-0.0009245954467367952,0.0009213411838959913,-0.005656257692279646,-0.0002822861913403585,0.009784784900349425,0.0
1782,0.036036524671410074,0.0024584689256937926,0.02661097642223275,-7.435206809259658e-05,-0.000932008513824108,0.0009434092884626591,-0.005830714016865888,-0.0002898233888634704,0.010055253725717481,0.0
1783,0.03716266606739169,0.0025352960796218736,0.027442569435427517,-7.60038599549259e-05,-0.0009679026659486893,0.0009654783391057036,-0.0060049561288852875,-0.00029735957966089076,0.01032531599262777,0.0
1784,0.03828880746337331,0.0026121232335497365,0.028274162448622287,-7.764449742796911e-05,-0.0009809038091661642,0.0009874030371964145,-0.006178647709633364,-0.00030489475252443664,0.010594493875597601,0.0
1785,0.03941494885935493,0.002688950387477599,0.02910575546181705,-7.931741117044188e-05,-0.000991825295349838,0.0010094904371098336,-0.006352520496722669,-0.0003124289514205037,0.010863710323806503,0.0
1786,0.04054109025533656,0.0027657775414056803,0.029937348475011935,-8.719725125579097e-05,-0.0012449422756177215,0.0010471160732791211,-0.00655762517336503,-0.0003199655932356345,0.01120280074200833,0.0
1787,0.04166723165131818,0.002842604695333543,0.0307689414882067,-8.884460961276103e-05,-0.0012560193369109483,0.0010690727069973776,-0.0067307681919391085,-0.0003274977370536371,0.011470724402059235,0.0
1788,0.0427933730472998,0.0029194318492614057,0.03160053450140146,-9.048081327877968e-05,-0.0012667051703029323,0.0011037697142897943,-0.006935120236172209,-0.0003350288629235137,0.01174159312379683,0.0
1789,0.04391951444328142,0.0029962590031892685,0.03243212751459624,-9.212593142855396e-05,-0.001277744875790515,0.001126960289274163,-0.007110893605776447,-0.00034255898208905756,0.01200868996680744,0.0
1790,0.04504565583926304,0.0030730861571173496,0.033263720527791,-9.376992951243846e-05,-0.0012887659100331167,0.001150237511322412,-0.0072866753981941515,-0.0003500880889301633,0.01227555889003145,0.0
1791,0.04617179723524466,0.0031499133110452124,0.034095313540985765,-0.0001009018324320162,-0.0015218842836772172,0.001166214085116912,-0.0074501641556306624,-0.0003499472999798555,0.012435406285670927,0.0
1792,0.04729793863122628,0.003226740464973075,0.03492690655418053,-0.00010461408929997248,-0.0015913493523014137,0.001168865439925596,-0.007589757306999983,-0.00034980539179951494,0.012535283165279892,0.0
1793,0.048424080027207904,0.0033035676189011563,0.0357584995673753,-0.00010568568624947423,-0.0015984754760939484,0.0011696176280804138,-0.007721850539997303,-0.0003496597179868567,0.012625247263218429,0.0
1794,0.049550221423189524,0.003380394772829019,0.03659009258057006,-0.00010647151481276095,-0.0015987747710836091,0.0011698137544120877,-0.00785198830949034,-0.00034951296495933565,0.012712725389103705,0.0
1795,0.05067636281917114,0.0034572219267568816,0.037421685593764825,-0.00010749842341739956,-0.0016048812530689682,0.001170363832994098,-0.00798286961129967,-0.0003493657208770064,0.012801049024441126,0.0
1796,0.05180250421515276,0.003534049080684963,0.038253278606959595,-0.00011164903955304382,-0.0017202916805230137,0.001177655640101217,-0.008127579831895083,-0.00034921975505290074,0.012919797773969191,0.0
1797,0.05292864561113438,0.0036108762346128255,0.039084871620154366,-0.00011580766689938844,-0.0018469049977402694,0.00118683313603772,-0.008275729376841491,-0.00034907279247047533,0.013042195421889223,0.0
1798,0.054054787007116,0.0036877033885406884,0.03991646463334913,-0.00011960697646627335,-0.001964938814058186,0.0011950095459962854,-0.008421598574276615,-0.0003489249053906028,0.013159547207449737,0.0
1799,0.05518092840309762,0.0037645305424687694,0.04074805764654389,-0.00012439589312345458,-0.002086726311200241,0.0012055315223455643,-0.008572123171283565,-0.000348776903027736,0.013286735704206428,0.0
1800,0.05630706979907835,0.0038413576963966323,0.04157965065973877,-0.00012920788991163798,-0.0022673324789895762,0.0012147775515428515,-0.008716310104367938,-0.00034863122863588124,0.013406758760609079,0.0
1801,0.05743321119505997,0.003918184850324496,0.04241124367293355,-0.0001343746407818406,-0.0022927666524250536,0.0012645240223730604,-0.009076673254887603,-0.00036699655566876097,0.013982546861398415,0.0
1802,0.05855935259104159,0.003995012004252576,0.043242836686128314,-0.00016619682208073817,-0.002757549073613022,0.0013384931510196261,-0.009480257959888994,-0.0003854950937404228,0.014663975963328135,0.0
1803,0.05968549398702321,0.004071839158180439,0.04407442969932308,-0.00015362550207835364,-0.002713052894728829,0.0013862797782009837,-0.009840392475214952,-0.0004039040109379757,0.015232988993743165,0.0
1804,0.06081163538300483,0.004148666312108302,0.04490602271251784,-0.00016145037294506239,-0.0028845524987575213,0.0014553970354616447,-0.010236704033330017,-0.0004224513855923807,0.015897873849008495,0.0
1805,0.06193777677898646,0.0042254934660363825,0.04573761572571261,-0.0001663889893896653,-0.002968864648272046,0.0014963118712355886,-0.010575084600406444,-0.0004410364987977493,0.016426654935815077,0.0
1806,0.06306391817496806,0.004302320619964246,0.046569208738907374,-0.00017600045660893322,-0.003181219943728447,0.0015564605028251647,-0.01095421959217414,-0.0004596894594409154,0.017045673654171336,0.0
1807,0.0641900595709497,0.004379147773892108,0.04740080175210214,-0.00018003590995248163,-0.0033238325359960545,0.00160888227135028,-0.011312936697167219,-0.0004783339341239961,0.017635895210128136,0.0
1808,0.0653162009669313,0.00445597492782019,0.04823239476529691,-0.00018492574607106878,-0.0032286098968920323,0.0016519785883301352,-0.011657112874473241,-0.0004970951798951669,0.018177470148687147,0.0
1809,0.06644234236291294,0.004532802081748053,0.04906398777849168,-0.0001887379333376567,-0.0032498604547486045,0.001699872314836861,-0.012007014601430152,-0.000515915492766377,0.018742774461144068,0.0
1810,0.06756848375889456,0.004609629235675915,0.04989558079168644,-0.00019655593232577402,-0.0033467274469416042,0.001772890838639999,-0.012412332614467352,-0.0005348035698453828,0.019384701483620217,0.0
1811,0.06869462515487618,0.004686456389603996,0.050727173804881204,-0.00020653873803084266,-0.003603180124137618,0.001807473980276133,-0.012750503168916556,-0.000545041740863277,0.019829316917936546,0.0
1812,0.0698207665508578,0.004763283543531859,0.05155876681807597,-0.00021364605232524733,-0.003771334242195817,0.0018371436190697918,-0.013078517373454921,-0.0005553019961950905,0.020252352688728433,0.0
1813,0.07094690794683942,0.004840110697459722,0.05239035983127074,-0.00021798082973788392,-0.003824693239031362,0.001858184941697874,-0.013388542892013822,-0.0005655821646260358,0.020634878852008456,0.0
1814,0.07207304934282104,0.004916937851387585,0.0532219528444655,-0.00022435937540242763,-0.00391699258659007,0.0018831790834854451,-0.013706078524620857,-0.0005758872736905414,0.021034489915504054,0.0
1815,0.07319919073880266,0.004993765005315665,0.05405354585766039,-0.00023107577751102162,-0.004055010662617134,0.0019111960673155429,-0.014029064890043703,-0.0005862162666189737,0.021447178594230103,0.0
1816,0.07432533213478427,0.005070592159243529,0.05488513887085515,-0.00023957840725071338,-0.004460594365853456,0.001958949012229742,-0.01438330854983039,-0.00059650113986885,0.02194695198418409,0.0
1817,0.07545147353076591,0.005147419313171391,0.05571673188404992,-0.00024474405393877155,-0.004604501212795022,0.0019857192017256886,-0.01470135651883783,-0.0006068753710005634,0.022352427966463355,0.0
1818,0.07657761492674751,0.005224246467099473,0.056548324897244685,-0.00024942011226340065,-0.004674653480979172,0.002005092447420628,-0.015005815500886917,-0.0006172696627846118,0.022722972512104183,0.0
1819,0.07770375632272915,0.005301073621027335,0.057379917910439455,-0.0002530976174660269,-0.00470795566657743,0.002053264493247372,-0.015379002112231423,-0.0006276868406719535,0.02312363621791969,0.0
1820,0.07882989771871075,0.005377900774955198,0.05821151092363421,-0.0002582068960043879,-0.00480146635332918,0.002083538789302637,-0.015708468591088966,-0.0006381290911294414,0.02351883695439736,0.0
1821,0.07995603911469149,0.005454727928883279,0.05904310393682899,-0.0002656361181670186,-0.004945703204456884,0.002150694703536716,-0.016250354446563794,-0.0006585001936278143,0.024263073760915063,0.0
1822,0.08108218051067312,0.005531555082811142,0.059874696950023745,-0.0002763975194890156,-0.005196594444124083,0.0022265161053806565,-0.016807779203303064,-0.0006789304946861432,0.025045015689393053,0.0
1823,0.08220832190665472,0.0056083822367390046,0.060706289963218515,-0.0002911582175833923,-0.00551214247418028,0.0023233100065908905,-0.01741520940018216,-0.0006994206609051514,0.02584708464016358,0.0
1824,0.08333446330263636,0.005685209390667086,0.061537882976413286,-0.00030463755809969994,-0.005766539404716241,0.0024092687198966588,-0.01799558383386329,-0.0007199681308431375,0.026644355526578668,0.0
1825,0.08446060469861796,0.005762036544594948,0.06236947598960805,-0.00031282271217407414,-0.005979912768711694,0.002486456678991158,-0.01855336795598223,-0.000740572416803054,0.027403843792217424,0.0
1826,0.0855867460945996,0.005838863698522811,0.06320106900280281,-0.00031931931299537954,-0.006122262628677611,0.002557795405180024,-0.01909701243761681,-0.0007611584705983104,0.028142510209859275,0.0
1827,0.0867128874905812,0.005915690852450892,0.06403266201599758,-0.00033549866376630873,-0.00657668760654745,0.002653599383291336,-0.01969325355252656,-0.0007818865682176853,0.028988296097680333,0.0
1828,0.08783902888656284,0.005992518006378756,0.06486425502919248,-0.00034199797826118297,-0.006695173570150858,0.0027152116602125837,-0.020211008559431986,-0.0008026595581044213,0.029720028203883454,0.0
1829,0.08896517028254446,0.006069345160306617,0.06569584804238723,-0.0003498292386691978,-0.006783034447455661,0.002770669649200738,-0.02071580097222677,-0.0008234886203774453,0.03043586707212554,0.0
1830,0.09009131167852608,0.006146172314234699,0.066527441055582,-0.0004199504164749786,-0.008829794180539948,0.002942727797284074,-0.02145152701044085,-0.0008444668345799317,0.03163573270888783,0.0
1831,0.0912174530745077,0.0062229994681625616,0.06735903406877676,-0.0004130147974420871,-0.008616470182044056,0.00298582537616125,-0.02204116768922887,-0.0008624738927020465,0.03227550261897535,0.0
1832,0.09234359447048932,0.006299826622090425,0.06819062708197153,-0.00042594435615017775,-0.008834274495746258,0.0030418335472940966,-0.022651666556528553,-0.0008805638705782526,0.033019521720353565,0.0
1833,0.09346973586647093,0.006376653776018506,0.06902222009516629,-0.0004365807339606463,-0.009093167290607293,0.0031063489723542306,-0.02327606278046026,-0.0008986927737777423,0.03379217278142017,0.0
1834,0.09459587726245255,0.006453480929946368,0.06985381310836106,-0.0004469651201250353,-0.00926890093493821,0.003203652544618662,-0.023981585473202914,-0.0009168611827605374,0.03458365037787268,0.0
1835,0.09572201865843417,0.006530308083874231,0.07068540612155583,-0.00045922113866463083,-0.009599264260867588,0.0032967955447068173,-0.0246741787573272,-0.0009350876200880851,0.03533576312408185,0.0
1836,0.09684816005441581,0.006607135237802313,0.0715169991347506,-0.000507525667032583,-0.011090324262892744,0.003461013129423708,-0.02550480311760746,-0.0009533039875737413,0.0364757702621559,0.0
1837,0.09797430145039741,0.006683962391730175,0.07234859214794537,-0.000514868237909366,-0.011117857216406034,0.0035263197488254305,-0.02613178168349896,-0.0009716139491558978,0.03716951903440616,0.0
1838,0.09910044284637905,0.006760789545658038,0.07318018516114012,-0.0005318462748408838,-0.011551464295975426,0.00360708347756447,-0.02678425878241183,-0.0009899603719836635,0.03798381176883043,0.0
1839,0.10022658424236065,0.0068376166995859,0.0740117781743349,-0.0005523749088719274,-0.012084793128434634,0.0036826649413798053,-0.027424369135168953,-0.0010083631129472013,0.03877449767617594,0.0
1840,0.10135272563834138,0.006914443853513982,0.07484337118752965,-0.0005772996229178752,-0.012758345970440375,0.0037924924764067467,-0.02813514449982153,-0.0010268184297784724,0.03963608660460291,0.0
1841,0.10247886703432302,0.006991271007441844,0.07567496420072442,-0.000595491313104919,-0.013203195325427882,0.0038831848144505717,-0.02883930256662155,-0.0010435614773791116,0.04048313551481553,0.0
1842,0.10360500843030462,0.007068098161369708,0.07650655721391919,-0.0006211219423960888,-0.013999228311428052,0.003891531134598194,-0.02932672252152318,-0.0010603483387248208,0.04134594382669855,0.0
1843,0.10473114982628626,0.007144925315297788,0.07733815022711407,-0.0006420962952221568,-0.01465411408152433,0.003996949567411512,-0.03005487264108875,-0.0010771540668345282,0.042188094834866775,0.0
1844,0.10585729122226786,0.007221752469225651,0.07816974324030884,-0.0006765651518696099,-0.01591657071041566,0.004119505148336573,-0.030814580803702397,-0.001094026771093811,0.04310374705910202,0.0
1845,0.1069834326182495,0.0072985796231535135,0.07900133625350361,-0.0007191443341706963,-0.01737491551874563,0.004281911637641228,-0.03164946564618935,-0.0011108687902135848,0.0441586946216731,0.0
1846,0.1081095740142311,0.007375406777081595,0.07983292926669837,-0.0007427937728047407,-0.017569957832526253,0.004398038928887913,-0.03240448414961557,-0.0011278147668501574,0.04482159675606511,0.0
1847,0.10923571541021274,0.007452233931009458,0.08066452227989314,-0.0007927355521289984,-0.019034245653689316,0.004598324108659788,-0.03332327896952834,-0.001144813594026008,0.04589216814677015,0.0
1848,0.11036185680619434,0.00752906108493732,0.08149611529308791,-0.0008143356492146337,-0.019793487959383394,0.004629816167092092,-0.0338529102825554,-0.0011617800480500625,0.04660919926206333,0.0
1849,0.11148799820217598,0.007605888238865401,0.08232770830628267,-0.0008479968151707609,-0.02087445914950504,0.004732020572278414,-0.0345307422423806,-0.0011788143631696459,0.047536453518556676,0.0
1850,0.1126141395981576,0.007682715392793265,0.08315930131947744,-0.0008964151904525214,-0.022189888338321258,0.004897025175025767,-0.035361028598402636,-0.0011959121229313547,0.048621199387885526,0.0
1851,0.11452094483360754,0.007994372805166062,0.08333853324784814,-0.0009114914220988467,-0.022497714859335154,0.004964604399245748,-0.03598811271573534,-0.0012080557470811363,0.049023737773832086,2.9174491196510974e-10
1852,0.11667822900811262,0.00830583796208855,0.08413817164587134,-0.0009490596528444209,-0.02332898354715787,0.005081416104975408,-0.03679356800315495,-0.0012206429708350444,0.04975873251638504,5.834898239301063e-10
1853,0.11861642286889004,0.008701707951207031,0.08545955226855494,-0.000988283724242923,-0.02414392673662881,0.0052110085371330035,-0.03765963531282527,-0.0012333325678468995,0.05058249372505502,8.752347358952129e-10
1854,0.12027347469314134,0.009109183604755116,0.08687338206568002,-0.001099271094925815,-0.027440324011858752,0.005504817047014393,-0.03885786643317019,-0.0012461168440440907,0.05214790773974563,1.1669796478602092e-09
1855,0.12161740397756368,0.009547490467838045,0.08857556524022513,-0.0011218974181825567,-0.02792573470396928,0.005587901520728615,-0.03964336503681106,-0.0012587812696176134,0.05274238899840762,1.4587245598253157e-09
1856,0.12316467198448715,0.009989431427863195,0.09013370120669734,-0.001190223793595024,-0.029816632655519003,0.005733164276487032,-0.0405169825260254,-0.0012715639104139125,0.05381078391007402,1.7504694717904227e-09
1857,0.12544701424653945,0.010389287200723402,0.09189538073370125,-0.0012217116779766638,-0.03041471872087286,0.005788018947985963,-0.04121968069389461,-0.0012843600062180044,0.054464701768800666,2.042214383755422e-09
1858,0.12788544045757155,0.010727597783442941,0.09391899958828831,-0.0012648168873842928,-0.03118540474806527,0.005846309205248177,-0.04195218351805972,-0.001297249840667269,0.05514312850034373,2.333959295720529e-09
1859,0.1304966568506482,0.011288760568944806,0.09608899630240471,-0.0013459588973296513,-0.03352924274371983,0.006014357388356105,-0.04287559019555505,-0.0013101335018273555,0.05626153293120252,2.6257042076855256e-09
1860,0.13338901528026695,0.011934445415579765,0.0981265343254117,-0.0014585797307024935,-0.03652246844016656,0.006214166774418608,-0.04386247839920145,-0.001323068955737186,0.05757800400389043,2.917449119650632e-09
1861,0.13628137370987062,0.012668403649215785,0.10034540997979627,-0.0015504608613350482,-0.03809143540210306,0.0063547325868297845,-0.044483785792000546,-0.0013452293418886082,0.05832276584780496,3.209194031615742e-09
1862,0.13875130310327663,0.013371647902249912,0.10314021550520532,-0.0016115796139979392,-0.03867307332447963,0.006445602660599083,-0.04509218371549724,-0.0013674939948645562,0.05889297407464526,3.5009389435807354e-09
1863,0.14128376154044117,0.013994238648963209,0.10647281885419818,-0.001704154705669972,-0.04156641890687671,0.006663132088504517,-0.04596841623578132,-0.0013902134437599573,0.05998471739566673,3.792683855545842e-09
1864,0.14381621997760569,0.014593852524687794,0.1101245919720934,-0.001812486287997681,-0.04461649248601786,0.006881632171320364,-0.0468140319291932,-0.0014126189813855239,0.06106338442086949,4.084428767510844e-09
1865,0.14636490732690782,0.015235551587577317,0.11361956403922127,-0.0019285323159415628,-0.04713372587986226,0.007065480367556599,-0.04761695290188478,-0.001435085092283835,0.06203702525807965,4.376173679475951e-09
1866,0.14883483672029782,0.01590808186000955,0.11730318939368722,-0.0020198718520846857,-0.04881680179690264,0.007187573674340182,-0.048500725847908696,-0.0014578237642333851,0.06296862246772683,4.667918591441058e-09
1867,0.15141407261007345,0.016569123696941638,0.12116180782834451,-0.0021491169935717066,-0.05260289863001555,0.007517165754849679,-0.049727806230230986,-0.0014882106546015943,0.0644496587423541,4.959663503406057e-09
1868,0.15361861155809983,0.017280105059592658,0.12461851836739488,-0.0022229834655810294,-0.05444376740853364,0.0076554314317562495,-0.05041168854185523,-0.0015110325817998794,0.06510858736489084,5.251408415371164e-09
1869,0.15535346669637703,0.01796025521270883,0.12767947134107094,-0.0023588222811527764,-0.05809521580002812,0.007867349316032389,-0.05126639794832607,-0.0015343838820969713,0.06621658718072637,5.5431533273361575e-09
1870,0.15724488310457535,0.018598320178656137,0.13012946993155738,-0.0024516846801583203,-0.05983749425718006,0.008080189211031912,-0.05249621624066768,-0.001561168518491155,0.06739979864405964,5.834898239301264e-09
1871,0.1592766318705581,0.019328409857483596,0.13178724124779345,-0.002640977461167979,-0.06451087066169342,0.00826707779362625,-0.05308109854343601,-0.0015975853858584525,0.06835813458346525,6.12664315126637e-09
1872,0.16179381603750234,0.02002778555570917,0.13310758602538636,-0.0028917467364998487,-0.07126113497114442,0.008625351990097212,-0.05399645747713714,-0.0016336768984699832,0.07007131986355249,6.41838806323137e-09
1873,0.1647172003285208,0.020715790047371695,0.13410474713434567,-0.0031194037914986303,-0.07613875806622636,0.008851094020036155,-0.05468238221450234,-0.001670714739800236,0.07129947343347225,6.710132975196478e-09
1874,0.16771934257546742,0.021380583210182883,0.13586202431971064,-0.003142491276898848,-0.07453455082557395,0.008768068514403593,-0.05481694391567009,-0.0017073255974522385,0.07112308651289395,7.001877887161476e-09
1875,0.17117446239909848,0.022056982037419955,0.13761625871011843,-0.003274917469433039,-0.07960942079482175,0.008939162752778987,-0.05529503933135879,-0.0017440832812294672,0.07209122687133467,7.293622799126582e-09
1876,0.1746143079524941,0.02266034723902364,0.13909586467056984,-0.00339507789413842,-0.08191301642891308,0.008986450032520864,-0.05565384665073723,-0.0017812164061699841,0.07253412076550461,7.585367711091577e-09
1877,0.17810140827942708,0.023183058934302784,0.14071323802822683,-0.0035092986095429666,-0.08471546527659199,0.009133719185743077,-0.05616146208269167,-0.0018189763630954894,0.07332833396862884,7.877112623056688e-09
1878,0.18172884096417558,0.023740353164996092,0.14258529979782336,-0.0035981096126406803,-0.08578563332155809,0.009187319699073698,-0.05649272931859411,-0.0018568237652971363,0.07376072251430826,8.168857535021796e-09
1879,0.18515293492637583,0.02427080196989628,0.14486457816912265,-0.003853142383407271,-0.09203873124041649,0.009520315334317034,-0.05740569144491826,-0.001895358259911326,0.0752837613745602,8.460602446986791e-09
1880,0.18890542569867244,0.024805002100667706,0.14742916712288573,-0.004318994653445558,-0.10273698490810187,0.00996046162982473,-0.05855958509576824,-0.0019344546737387746,0.07776952720614505,8.7523473589519e-09
1881,0.19293953582845427,0.02525092884443851,0.1498612326452202,-0.00445527033487993,-0.10716548319310562,0.010193313482316875,-0.05893640072608816,-0.0019786823977395976,0.0785566997403175,9.044092270916898e-09
1882,0.19720848786311118,0.025708344023697666,0.1522699269126718,-0.004689579086820377,-0.1134020353848601,0.010536766583657563,-0.05962440722495084,-0.0020236989333178323,0.07998736211397776,9.335837182882006e-09
1883,0.20088269800045477,0.026138796548230533,0.15477094087392795,-0.00488907216098778,-0.12079409746258493,0.010895451521808003,-0.06039371043127991,-0.002068444836642678,0.08131822571834432,9.627582094847111e-09
1884,0.20463518877275136,0.02656549774688779,0.15747562787635297,-0.0049945935199067594,-0.12292810589485621,0.011047733352126145,-0.06073095824198357,-0.002113527703355123,0.08181262948654394,9.919327006812111e-09
1885,0.20895091826000337,0.02697684195524421,0.16053237272934395,-0.005094496139120252,-0.12414963684145863,0.011143951137721037,-0.06098198138774564,-0.0021588489867832997,0.08210860684990626,1.0211071918777216e-08
1886,0.2135482671047406,0.027349735073374203,0.16352243505455172,-0.005307018527610562,-0.12545360844361225,0.01130067686023531,-0.06129078799515558,-0.0022047211637063165,0.08270399829756414,1.0502816830742211e-08
1887,0.21831745148965218,0.027799530371953343,0.16680926699855173,-0.00560544420724515,-0.13086889065896637,0.011596330777480292,-0.061843908567506926,-0.0022506219974807477,0.08391483584020239,1.0794561742707318e-08
1888,0.22363412299832458,0.028153197944973937,0.1699892126771454,-0.006123159319632181,-0.14409989341504778,0.01225371644344233,-0.06308497701445544,-0.002299716305395272,0.08659764440551036,1.1086306654672424e-08
1889,0.22896654609819156,0.02860674456942454,0.17342041553081045,-0.006259000489157456,-0.1446045022485563,0.012228176375055761,-0.06305634681362443,-0.0023480369172046013,0.0867339766800404,1.1378051566637425e-08
1890,0.23422068856308947,0.028948923706952633,0.17684844610888312,-0.006801087661154602,-0.15711791974409517,0.012861474817367444,-0.06425701269581947,-0.0023985897040364875,0.08966900998374698,1.1669796478602531e-08
1891,0.23967816975050454,0.02926038886387512,0.18033597303941365,-0.007154046847488862,-0.16536756787244467,0.013222693593212648,-0.06488044532319714,-0.0024500740170623372,0.0912827902669352,1.196154139056753e-08
1892,0.24502586712060775,0.029652507527118215,0.1844438416992787,-0.007182070272776039,-0.16885285204059977,0.013420264525830743,-0.06516498526449419,-0.002500986906884363,0.09187922368294342,1.2253286302532636e-08
1893,0.24973252246172972,0.0301099227063813,0.18841594991180285,-0.007161312662295802,-0.16745992419200012,0.013435786246873128,-0.06514053842963172,-0.0025521365428013178,0.09175958459553271,1.2545031214497746e-08
1894,0.25450170684662615,0.030655728501582328,0.19181963813021793,-0.007421570389061087,-0.17394846289476265,0.013601926851780483,-0.06538974816154375,-0.002603278436308619,0.09254777340717887,1.2836776126462741e-08
1895,0.2588646911074315,0.031228379722580406,0.1947393924698223,-0.007869659728375025,-0.18477722763139984,0.014132634752768177,-0.06633451827329943,-0.002656621675568679,0.09485301713982125,1.312852103842785e-08
1896,0.2631956948649349,0.03167043791153872,0.19638343883859227,-0.008237076165852765,-0.1919636108688684,0.014353232659058733,-0.06663940888300886,-0.0027093738901834835,0.09554131072094427,1.3420265950392846e-08
1897,0.26744889530841326,0.03212785309079788,0.1979830733490533,-0.008624070454930535,-0.2016458685150817,0.01469968047403008,-0.06721365527237509,-0.0027623026126856625,0.09657679398115059,1.3712010862357954e-08
1898,0.2721245247881035,0.03258526827006096,0.2008976484631988,-0.00903016257925463,-0.21367678931327552,0.015157895003634602,-0.06804996477759542,-0.002816087523828391,0.09802917688094949,1.4003755774323059e-08
1899,0.27739394152325375,0.03316940792655154,0.2043649116741218,-0.009737559509407133,-0.23333582235340056,0.015909143047372766,-0.0693877408651158,-0.002871116817313814,0.10107068846512125,1.429550068628806e-08
1900,0.28311729047697554,0.03375741613785068,0.20783955528132309,-0.010356894291392396,-0.24589097008496996,0.016353234717230297,-0.07031024381441242,-0.002926768846226761,0.10286719292386722,1.4587245598253164e-08
1901,0.28816809421935724,0.034395363874864804,0.2112901154901419,-0.010923197760083958,-0.2569602993792584,0.0167414722422239,-0.0711367175526227,-0.002990215333271851,0.1045855600811739,1.4878990510218164e-08
1902,0.2930002849689695,0.03537526841120875,0.21546466667778916,-0.011463245787337198,-0.26520786247222516,0.01704372596277672,-0.07165200735245926,-0.003054250907932537,0.10637710657596143,1.5170735422183272e-08
1903,0.298003833937813,0.03653558827637057,0.21976811583904385,-0.012470446939310058,-0.28853138642962667,0.017950249997941085,-0.07332136067671889,-0.003118893854016447,0.11084868970625257,1.5462480334148377e-08
1904,0.30255440532995603,0.037622991744828686,0.225427680446381,-0.013057021200916362,-0.293819717656669,0.01798998714835606,-0.07353043161996713,-0.0031824880159288587,0.11152568498643688,1.5754225246113373e-08
1905,0.3076519865249328,0.038698906777798005,0.2310853675844886,-0.013909865882207306,-0.31326894548518286,0.018615693997650368,-0.07470716167988509,-0.0032473122412325197,0.1150441568854867,1.604597015807848e-08
1906,0.31334383229629587,0.039782441691447554,0.2370825529514238,-0.014836369811865284,-0.3337801239752166,0.019313707878366573,-0.07639540452500543,-0.0033165687228287936,0.11798115841729587,1.633771507004348e-08
1907,0.3200213458188421,0.040946630111417935,0.2435195193001348,-0.016681646871765037,-0.36851682402889474,0.02054626100362254,-0.0788214239347865,-0.0033903489238047467,0.12479890187886622,1.662945998200858e-08
1908,0.3264487431662619,0.042260754337470854,0.24875309261348139,-0.01680840469993602,-0.3534618514773243,0.020014523348576018,-0.07842176928300985,-0.0034582640818613944,0.1221650785210178,1.6921204893973586e-08
1909,0.3328446373313238,0.04359011832489516,0.2543938177882117,-0.01752318563633694,-0.3719677388016654,0.020608067803945168,-0.07967739751508392,-0.0035289801138092595,0.12540510461877202,1.721294980593869e-08
1910,0.33959995416789596,0.045015610037874514,0.26011482095755317,-0.01853550355531589,-0.38907858272112317,0.021227218861224847,-0.08110845464552452,-0.0036015355002591474,0.12916763104732099,1.7504694717903802e-08
1911,0.34652758386555443,0.0466061600893707,0.2650821820823147,-0.01920972071128077,-0.3935036493504776,0.021526416000365,-0.08177124861538704,-0.003667681795270805,0.13114060298661115,1.779643962986879e-08
1912,0.3545816909931557,0.04777808561895818,0.26947918100341967,-0.020119437688073102,-0.4084263639389242,0.022128224949466,-0.0832156704121563,-0.003733988722337597,0.13499783920395314,1.80881845418339e-08
1913,0.36315178206215903,0.04912280659668355,0.27228084900256233,-0.021821398065887572,-0.4266569398814758,0.022974656616449266,-0.08495978326213224,-0.00380263575469935,0.14105523110268073,1.8379929453798898e-08
1914,0.37097056996392613,0.05050984721943996,0.2747983717449677,-0.021079779579668743,-0.3870310329112361,0.021633099862142093,-0.08234585974559668,-0.003865096084923185,0.13482269943762704,1.867167436576401e-08
1915,0.378930644865379,0.05180861445519183,0.27782669559825296,-0.02166236524651958,-0.3859924224551518,0.021797252313754952,-0.08207928060030728,-0.00392885676925591,0.1347285218732127,1.8963419277729114e-08
1916,0.3873599262556548,0.05285369827861866,0.28524913907114646,-0.02362795290135569,-0.4219653073307864,0.022780665067722156,-0.08314536326391161,-0.003995965849785439,0.13954887541741143,1.9255164189694113e-08
1917,0.39544505924465573,0.05404484935331926,0.29068159464210763,-0.02502704942316899,-0.43983646449852704,0.023392184500894805,-0.0834795162884146,-0.004063150523141209,0.1424866008304187,1.9546909101659217e-08
1918,0.4021535986286177,0.05480190168687716,0.29764483503775585,-0.025551351029856614,-0.4337656736178667,0.02320535466373879,-0.08255434821798215,-0.004130404947096576,0.14192925469420806,1.9838654013624213e-08
1919,0.4077208636333597,0.0550057506827521,0.30560520581487755,-0.02478900259880139,-0.3679870516399912,0.020887881528068475,-0.07768251504427814,-0.004193049131524477,0.13308977880693057,2.0130398925589327e-08
1920,0.4143358481121332,0.05533257282997542,0.313501936859167,-0.028436533801216156,-0.4112858914899293,0.02264947979294815,-0.08077502269003876,-0.004268733047196611,0.14405705354805426,2.0422143837554432e-08
1921,0.4197303229348316,0.05578236812855456,0.32106991656745315,-0.027425673362141155,-0.34763472110203336,0.02092081368736041,-0.07838422663314205,-0.0043310235138919705,0.1369853770963203,2.0713888749519424e-08
1922,0.4249844653997295,0.05631269970451765,0.32839382527599353,-0.029700847252831532,-0.3676159423406475,0.021535015184447424,-0.07976794979808369,-0.004411183509053873,0.14309344397989665,2.1005633661484532e-08
1923,0.4299417142369219,0.057480756679296585,0.3347949254884003,-0.032824634571954954,-0.4032491593474257,0.02419942307969123,-0.08404885949667945,-0.004505387854629924,0.15862244615109822,2.1297378573449534e-08
1924,0.43541446969457326,0.0580380509099899,0.339382260945117,-0.033532247798014884,-0.4048110079805405,0.02413330269088953,-0.08521160838455587,-0.004571800616260417,0.15906904265048571,2.158912348541464e-08
1925,0.4381349925840337,0.058245768460673385,0.3422618762874163,-0.035081980584011685,-0.40831909066161304,0.02442753288046165,-0.086314840107416,-0.004790491675669528,0.16195974885395173,2.1880868397379747e-08
1926,0.4401982445323744,0.05842664058555982,0.34379450456850197,-0.03606735130681125,-0.4195430101602419,0.02416579697763415,-0.0859597857817277,-0.004957007820474188,0.16176205555756307,2.2172613309344746e-08
1927,0.44354405785963763,0.05863822669104816,0.34610181549759816,-0.03922313163777685,-0.445584901037598,0.02476081289032082,-0.08754703635683245,-0.005077339176364214,0.16992596005259145,2.2464358221309854e-08
1928,0.4457796226690806,0.059022608244674354,0.3512724612216154,-0.0401999181409609,-0.44770747873680355,0.024117694851252282,-0.08680126046174627,-0.00516818538838785,0.1690179591601164,2.2756103133274955e-08
1929,0.4482342777922503,0.05927264544038913,0.35766307350247084,-0.04350411888981375,-0.4800234812330719,0.02473413280235255,-0.0881415395315373,-0.005249552716539221,0.176387825797795,1.82415137242935e-07
1930,0.4500474135654796,0.0594803629910689,0.36401095717328524,-0.04082394493821738,-0.4424224751348755,0.023067831534328374,-0.08479967929442951,-0.005267572667774935,0.1664071598331567,9.939881216217272e-07
1931,0.45306483008264653,0.06022205833432574,0.3691606270341995,-0.03832193307269055,-0.39073293365851236,0.0217349856613438,-0.08278034564693999,-0.005323968750937926,0.15868961609499013,2.8536826411957063e-07
1932,0.4571614692562029,0.060625665433061346,0.3739070941931474,-0.0359682197408248,-0.3437467027844819,0.02055789684295367,-0.08107621551683968,-0.005342777442842884,0.15166869207891515,1.4963931747226565e-07
1933,0.4618523730061454,0.061225162079852756,0.3787703528861765,-0.037755352504370385,-0.3642812544539613,0.021098513598058453,-0.08236911662546534,-0.0053759410909838745,0.1577348554417498,1.6086302499275256e-07
1934,0.46770078004743043,0.061621149297904416,0.3843229664877894,-0.03997539857276789,-0.40361869731800154,0.022036755071448404,-0.08443895812042644,-0.005398778602786334,0.16308309925846481,1.730373516728335e-07
1935,0.47447232579611,0.0621092784577731,0.3899602604256599,-0.042372585749609386,-0.4386632421620131,0.022643777195535248,-0.0859034869495164,-0.005425345219604221,0.16889393615623316,1.8624496018685113e-07
1936,0.48660848164436027,0.0627510947495958,0.3950040151259353,-0.04596073978186731,-0.47164903415561843,0.02377231886255007,-0.08821723259631804,-0.005538425722643571,0.17753366889452746,2.0057570312671522e-07
1937,0.4982281762302352,0.0635619551636812,0.39977132866735243,-0.04966697414423212,-0.5101515553001029,0.024566641166272416,-0.09027953460675717,-0.00564309512545871,0.18712193248422965,2.1612721689704718e-07
1938,0.5063758382630248,0.06451102849048614,0.4043489530763311,-0.047300126138811835,-0.47492820787473483,0.023509166582092,-0.08919771913674854,-0.005711981261844593,0.18072852348515303,2.330057193895398e-07
1939,0.5149459293320282,0.0652911749239657,0.4110141937871393,-0.05012418455905253,-0.5070358414640516,0.024293988634634396,-0.09111630182349709,-0.005782940608773128,0.1870636579103899,2.513265277267842e-07
1940,0.522717939781201,0.06620953427016504,0.41442480921960484,-0.05453920900027915,-0.5630901502442426,0.025413983933379816,-0.09349982530402232,-0.005844106726381017,0.19464650310017242,2.71215610642928e-07
1941,0.5296770726612334,0.0671778331420796,0.4177396089810816,-0.056371429149462186,-0.5846651029008125,0.02618449251132142,-0.09461912796541144,-0.005908869134692506,0.1995196771969204,2.9281175922148616e-07
1942,0.5351813313012428,0.06825761672985377,0.4229949350413563,-0.05632638086816966,-0.5955193081419454,0.02671001245196097,-0.09545037204933711,-0.005934038849810208,0.19884952055246388,3.162612733205686e-07
1943,0.5384493413144952,0.07075469812492555,0.42774140220030427,-0.059155622039225905,-0.6070566676158796,0.027099603602073856,-0.09642859682197633,-0.005994180925500624,0.2039867315100361,3.4172489389480347e-07
1944,0.5386667931689756,0.07162323517434306,0.4315755487946594,-0.061993299160398724,-0.5915301167819574,0.02693109708843032,-0.09530014452827928,-0.006075890600156491,0.2089964811688061,6.806050037530471e-06
1945,0.538087119045495,0.072522368975433,0.43481615615144076,-0.05892855600816125,-0.5081034214854596,0.02401361163089508,-0.08870444365162444,-0.0061368313160160975,0.19821719765170373,0.00014000559622517604
1946,0.5380234288634476,0.07331775517028023,0.43942498539381697,-0.061155648030254584,-0.4998104721935349,0.024452542418081407,-0.09038117937979612,-0.006269646317212984,0.20276214730733905,0.0005422000253966603
1947,0.5393826324180901,0.07366767141742522,0.44577286906463137,-0.06613760104178296,-0.5596542093730716,0.02420592002777202,-0.08806831596859907,-0.006411629949522527,0.2070560667347454,0.0009394598487454859
1948,0.5397881487248505,0.07386776908742106,0.45213149962827553,-0.070722735727438,-0.5874069397790427,0.02436799978018104,-0.0892856381480723,-0.006580404700465317,0.21742403899328375,0.0013336414174596409
1949,0.541382194184385,0.07405626109299145,0.45714301365008286,-0.06849818806600247,-0.5562367199669742,0.02556602436556111,-0.09273595379676342,-0.0067837661997815,0.21688650437389653,0.0017278258119790193
1950,0.5441967492999932,0.07462504375917724,0.46082942283822687,-0.07480576369166793,-0.5998219882412723,0.026000342688349054,-0.09444224156318248,-0.007014881836326327,0.23090459914794326,0.0021144935141836746
1951,0.5470733561384173,0.07511704147385449,0.46612695958598604,-0.07919294723094285,-0.6398298625195176,0.02652569510299958,-0.09621293038966906,-0.007342336711339345,0.24159407871985844,0.0025766326477743465
1952,0.5520616308370246,0.0757780833107905,0.4719668907199314,-0.08191355132355614,-0.6567945325941147,0.026717950179876545,-0.09694365300212278,-0.007633132243048027,0.24649358033534363,0.003132100527968568
1953,0.5579883185132636,0.07699221125647589,0.48157108291737066,-0.08473221992784104,-0.6689424845177651,0.026726936058319273,-0.09725953252509716,-0.007928328447893226,0.2519923719932481,0.0037228619905607645
1954,0.5635551061970624,0.07784140553185083,0.49331830912903846,-0.08691594074965009,-0.6875023684511912,0.027173634047943204,-0.09843010726385279,-0.008172587765434928,0.2564074629773199,0.004388942574726654
1955,0.5684183228081063,0.07900571118075439,0.5062855018975442,-0.09467413027190018,-0.7514199063461976,0.028343809399486296,-0.10079503226023029,-0.008387580507859716,0.2718018733177803,0.005138048853690662
1956,0.5727025491130004,0.08035043215847953,0.5216177879718294,-0.10006095604752617,-0.8034763370050612,0.02998267128790135,-0.10305364804179915,-0.008614388119298745,0.28244600910070794,0.005998857099928464
1957,0.577159088278995,0.08162610529430973,0.5372146029864282,-0.10330775201747273,-0.8299089247762498,0.03088898403415983,-0.10384976930571173,-0.008871772774447688,0.28627814805087326,0.006994875289960846
1958,0.5825382888314562,0.08265196357262695,0.5495453984266854,-0.10516358244613774,-0.8517809918000103,0.03280498161011348,-0.1060951190635628,-0.009191367509589564,0.29468893567967713,0.008070917323917522
1959,0.5896224797990528,0.0835051436317434,0.5600511642958663,-0.10919078032003837,-0.8919398840268528,0.03444671091311421,-0.10759434661622165,-0.009515602628247945,0.30744007919899935,0.00922082052970912
1960,0.602274619588706,0.08466933205171377,0.5672688988825002,-0.11596979289031817,-0.9471844008120323,0.03616285400943144,-0.11017485840417603,-0.009750548117178856,0.3157399282993007,0.01056169080144513
1961,0.6126742818394638,0.0859219110876221,0.5729399872664764,-0.11984224670754248,-0.9603222311594796,0.03517981926511911,-0.10875852132291168,-0.009989797752399165,0.3144128829878271,0.012114486599018337
1962,0.6241851472499123,0.08726663206534746,0.5868507054329511,-0.1247759875837528,-0.9883859087647348,0.035511685802503044,-0.10971356927656212,-0.010400240647802978,0.32262904982163215,0.013870495022248524
1963,0.6335213384354601,0.08876128884915514,0.6061810946002026,-0.13213240567365986,-1.0223418178749326,0.0362266851590129,-0.11148061956907299,-0.010877745810725425,0.3342705219698542,0.015922048788030666
1964,0.6440618103649616,0.09016368646221261,0.6237726883002838,-0.14048245212618413,-1.0739167544717245,0.03621440651969859,-0.11139184060221245,-0.01116678014050917,0.3428436677510972,0.018328626194336912
1965,0.6514743981426223,0.09157370395595774,0.6382986984512595,-0.14712378703592816,-1.1033687149638538,0.03649800518013846,-0.11181348899163437,-0.011913410759967418,0.35202953024491007,0.0210791255149995
1966,0.6679746993899358,0.0931681225622627,0.65016271619703,-0.15261716084642787,-1.1340846805757823,0.03683630221918558,-0.11169835550375033,-0.0128593038133061,0.36365036154042524,0.024158835144445442
1967,0.6772168583493512,0.09475878984269205,0.6629293434596337,-0.16037146440085356,-1.1399417799968778,0.03651957817661642,-0.1104611391308388,-0.013616572036498348,0.37109976183654664,0.027618590439738074
1968,0.6912923691966528,0.09635707700380534,0.6813683879254168,-0.17194464465658485,-1.194306611283055,0.03746605556937336,-0.11143694517382302,-0.014416461189353611,0.3916390296193988,0.031506045947416225
1969,0.7046328057888406,0.09796685260041114,0.7001387733399325,-0.17679648758886693,-1.2435467903518644,0.03848290494313469,-0.11300173332474484,-0.014866707464055415,0.4117712836623983,0.0358518667459117
1970,0.7284528237259563,0.09959597097106343,0.7232234535616721,-0.18827318062546672,-1.3261820268699214,0.039780522152973015,-0.11514862812844995,-0.016307171657683004,0.43655100934570806,0.04063962166431081
1971,0.7379613277726216,0.1012518175385796,0.7444644590006942,-0.19428999101240385,-1.3314992652889226,0.041125465747013285,-0.11710197538072532,-0.01674157891230246,0.44390700797643373,0.04580273587712848
1972,0.7683034591006346,0.10294236387043917,0.7637416316263533,-0.20283790961971324,-1.3676465623917289,0.04233579612330875,-0.11887369291162074,-0.01712682536355081,0.457041536790712,0.05137444057497747
1973,0.8082020330661808,0.10467511261840101,0.7781412686761331,-0.21456042132884273,-1.4348221293682588,0.043616912044824444,-0.12069844642950532,-0.017554173131739792,0.47007952273510933,0.057504950807825195
1974,0.8213076277534777,0.10645393233726928,0.7922327418111219,-0.2117194371137613,-1.4141741634305816,0.043777229457352636,-0.12215693078464993,-0.01791187867308863,0.46536037252892104,0.06426794519075603
1975,0.8222763827752094,0.10829042869146967,0.808784994442245,-0.21005160380027466,-1.3963381594938076,0.04506480162270924,-0.12556399153525988,-0.018393539582219242,0.47295768293731505,0.07115255055383286
1976,0.8333643418284868,0.11019222156169005,0.8272145868215578,-0.21957497354420832,-1.460379430161869,0.046586692529671424,-0.128657269878449,-0.018745248432897425,0.48684616216419097,0.07773823396800084
1977,0.8615007730701835,0.11215919371899331,0.8469169738573887,-0.2260558480473451,-1.4688840398541,0.04848539143301149,-0.1322120712365766,-0.0191575251623021,0.5016997727364007,0.08407333216899229
1978,0.8872758975975601,0.11420693661155036,0.8672982278702412,-0.232010982680924,-1.4728794040971462,0.0504283283389283,-0.13561835598832744,-0.01965000087630683,0.5210672557341653,0.09008242433045388
1979,0.912081105964917,0.11633920156524094,0.8877431863562377,-0.237743315473694,-1.5011368877835547,0.05165277245144708,-0.1396749707061859,-0.020108880889124624,0.5252002014752094,0.09560207403223639
1980,0.9462715896789646,0.1189361169958325,0.9076682800867995,-0.23548195617266338,-1.4949314995338938,0.05065080784794657,-0.14021715240516797,-0.020466056636879323,0.5204209129452975,0.10149323389050739
1981,0.9650406129453241,0.12216861949735025,0.9264583465580588,-0.23117299126812307,-1.450291691289087,0.05046494412637797,-0.14144051599659863,-0.020734667190500055,0.5187695185638406,0.10717459021219243
1982,0.9769276610140184,0.12666877003867882,0.9435195875711427,-0.22556523049697388,-1.4188966270286802,0.05083422513396083,-0.14353248109698913,-0.020997134876207454,0.5196432684257725,0.11271507269227538
1983,1.0032042935869219,0.1288871541083478,0.9582574280433961,-0.22559540568025888,-1.4008163996711522,0.05150347835709719,-0.14573997091674648,-0.02131845717700345,0.5233610501061666,0.11848040351269512
1984,1.02744761530597,0.13153384956116518,0.971022734603516,-0.2313649851347838,-1.4153911517406725,0.05299587462484066,-0.14909333720544476,-0.02177765288599166,0.5314175289624316,0.12381939699794238
1985,1.0504396688072601,0.13367348579805818,0.9843982293693143,-0.23454529148300365,-1.421219794344126,0.053611173661825294,-0.15144080412757796,-0.02204221128854989,0.546673166838127,0.12954518014744715
1986,1.072493271145233,0.13717104198062735,0.9979858652099076,-0.23998053942967915,-1.4174735188226333,0.05518089918606717,-0.1538534744631513,-0.022457496367779002,0.5501854567701244,0.13590756715916158
1987,1.099864763408674,0.13794699623529946,1.0086549702140144,-0.24850954621579177,-1.4454222711671583,0.05678371801153432,-0.15817221406663817,-0.022819930714147237,0.5604239678703669,0.14267915387536684
1988,1.1394361207952486,0.14068780495167826,1.0222155580675711,-0.2571938174889931,-1.4558584266651617,0.058509115732120136,-0.16091866000423882,-0.023083483169131478,0.5701982311495409,0.1502862630584209
1989,1.1652435277864936,0.1447519613944661,1.0368230621252394,-0.26222011083043034,-1.452504432619601,0.05941407521529899,-0.16372699136680058,-0.0234105683516951,0.5726713986261048,0.15668650570848988
1990,1.1836997339984139,0.1483148206578738,1.0450085254961883,-0.26415217882379943,-1.4568419518981484,0.061201376166446136,-0.1663764917959825,-0.023500830030155906,0.5638223383432808,0.16182448878959038
1991,1.2041892510641898,0.15103450190692272,1.0592834984191162,-0.26570642359237795,-1.427289787095389,0.0611614877820126,-0.1684154538823746,-0.02350273013893911,0.569565377401958,0.16593300725086552
1992,1.2151378479695663,0.1530588974129237,1.0673788018332775,-0.2669844947813334,-1.377904080813319,0.060018350202469116,-0.16842609443328665,-0.023533956542671278,0.5644798204455435,0.16969197457536356
1993,1.2263992619293815,0.1542842905180743,1.0694986215231623,-0.2698240582422053,-1.356295647591247,0.06046687709980575,-0.16680574008470606,-0.023601807249705956,0.5629166929645909,0.17219387877821035
1994,1.2498605410123311,0.1563874338568515,1.075431146679793,-0.26905818917560514,-1.3202880737163487,0.06190212587597864,-0.16825138987392088,-0.023762757010518498,0.5547816077562168,0.174303064763683
1995,1.2784833014935302,0.15870569322662684,1.0807474020141452,-0.27304894983546146,-1.2954022337324234,0.06421010670845671,-0.17152767883276326,-0.023822116594190878,0.5602529681003953,0.17680203187751758
1996,1.306011202284191,0.16200157813013516,1.0830183722198214,-0.2773225887753462,-1.267405718931238,0.06394768967625003,-0.17222173144264752,-0.02394115187856025,0.5473056067246109,0.17912403417309894
1997,1.323216140278353,0.16522831859510825,1.0866629558847922,-0.2771490412780527,-1.26425032664813,0.06389778582277025,-0.17403469224495685,-0.02405920536333844,0.5477091109031809,0.18098997445915016
1998,1.3645079914643452,0.1682264982771459,1.097686866836493,-0.27570549432146013,-1.2313362937114627,0.060723440991708434,-0.1716842196314026,-0.02417883860540691,0.5379598695508765,0.18263908545367843
1999,1.397353782180474,0.17205633190045316,1.1059317297083844,-0.27310871709873485,-1.174645927822362,0.05961167093342586,-0.17344122694800396,-0.024301361333768187,0.5233663736984824,0.18428079282174847
2000,1.415966396919614,0.17585351398334143,1.1073159502214192,-0.2808731924937029,-1.170575810841331,0.058560848639896565,-0.17315260129711976,-0.02447341346197086,0.5255910680364856,0.18589454927885027
2001,1.4406789442203214,0.17871340478830855,1.1057344385088255,-0.28010492132359266,-1.1806664850251218,0.05940163791265913,-0.1742016123611055,-0.02461057596556793,0.5177072221128631,0.18714819345928987
2002,1.4721170581914738,0.18120260457557366,1.1066911947561493,-0.28081342303041107,-1.1718029107304768,0.06007667010064288,-0.17744621090049997,-0.025112207998474325,0.5063750230694878,0.18834673966249246
2003,1.5120012326324879,0.18393380989771171,1.1111413841526523,-0.2882420701357155,-1.2190690568716882,0.06171088992351928,-0.18160372033131422,-0.025458761706349052,0.5116010727408138,0.18944491429559546
2004,1.5404675845864666,0.1864498991888514,1.1104779129412323,-0.300410716393873,-1.2825805711902194,0.0641726411900981,-0.18584257353107675,-0.02592093112787289,0.5215191524307061,0.19057869147261153
2005,1.572218515612058,0.18918110451098946,1.108375594890018,-0.30661167767753955,-1.3376872154333843,0.0655608427175707,-0.18891919436237817,-0.02625938979497013,0.5268848545036297,0.19175079259764888
2006,1.6056899404370657,0.19241552769135536,1.10861107148304,-0.314601233120864,-1.3504732215076027,0.06631154483763989,-0.19080188851083196,-0.026918344454074483,0.5262885584408512,0.19271199835886885
2007,1.6327486156460678,0.19530038732134938,1.1159654721934813,-0.321468320457741,-1.3347267881507783,0.06746184637834246,-0.1941306392276895,-0.02754202022002943,0.5216500377198888,0.19351181529275344
2008,1.6655944063621975,0.19878449875198106,1.12280649150292,-0.32142551668893826,-1.29944253627918,0.06820359574367663,-0.19733341693048276,-0.027793759198211896,0.5129338221026901,0.19429240322870386
2009,1.689055685445147,0.20149457660678877,1.1280447849922852,-0.3042557962933697,-1.2091416252214822,0.0685121182440724,-0.20194935946758896,-0.027994836820918086,0.5030459326275656,0.19499186792859904
2010,1.7247168296512299,0.2048826540950106,1.1335912133927895,-0.30085074473973755,-1.1620652573453496,0.06951322348890986,-0.20674246998794713,-0.028380812069065557,0.5071762181815563,0.19565190574633415
2011,1.7541216327685267,0.20876242536837142,1.1393312205240438,-0.31329428815923366,-1.1858095590223965,0.06936524313200249,-0.20690645327722737,-0.02869018584828312,0.5087530087296424,0.19658357425289902
2012,1.7855597467396789,0.2121120892796291,1.1446835398411115,-0.3112158947168857,-1.1538445137948934,0.0694337733539047,-0.20596707465561792,-0.029003061743527833,0.5093564124632816,0.19747304984654204
2013,1.8284156831978668,0.21568647261612614,1.1504033935702602,-0.30542738197865976,-1.1022588986251611,0.0685526992689657,-0.20590873828318584,-0.029290174528771324,0.5071443798324549,0.19838253672811115
2014,1.8584461204240426,0.2199926345937869,1.1601178637377914,-0.2999396411956806,-1.049530751845052,0.06708536202473053,-0.20418264221809349,-0.029445233055408273,0.4942768793954829,0.19944578342218422
2015,1.8944200816845653,0.22357662132452494,1.1718731310448463,-0.2951623578368717,-0.9945944735918978,0.06508435199290652,-0.20191776796891017,-0.029726126099633654,0.48183685257884035,0.2006667659083708
2016,1.94806820652091,0.22673229667211484,1.1805295476018396,-0.29130304746629027,-0.9537295535366611,0.06388536132170852,-0.2023341136785773,-0.030034976915955035,0.4648152663624844,0.2019194713855495
2017,1.9816960398731376,0.23025098032201413,1.188028734595828,-0.29094866412389886,-0.9185192486204332,0.06384383957959007,-0.20238633027325115,-0.030378014974894035,0.45805677619570634,0.20335605591210412
2018,2.0190776778786366,0.23467046235171832,1.197087688842244,-0.28887322748172184,-0.9132793699021632,0.06339665723573809,-0.20098555250144232,-0.030660439705137956,0.45297450152721463,0.20499683457728765
2019,2.0575541755746745,0.23812960495732358,1.2061572501423994,-0.28615762605892325,-0.8986876096294887,0.06282834041479633,-0.19919623649684604,-0.030953762808309592,0.4483530460727163,0.2063921907400296
