"em","sector","units","X1970","X1971","X1972","X1973","X1974","X1975","X1976","X1977","X1978","X1979","X1980","X1981","X1982","X1983","X1984","X1985","X1986","X1987","X1988","X1989","X1990","X1991","X1992","X1993","X1994","X1995","X1996","X1997","X1998","X1999","X2000","X2001","X2002","X2003","X2004","X2005","X2006","X2007","X2008","X2009","X2010","X2011","X2012","X2013","X2014","X2015","X2016","X2017","X2018","X2019"
"N2O","1A1a_Electricity-autoproducer","ktN2O",1.00345142470282,0.942994763968495,0.933329575904028,1.04647232905049,4.34826827482388,3.86612331589248,3.9843895551248,3.96362528744415,4.05041430376683,4.20871991715086,4.17553177601654,4.07900386383339,4.5216436381475,4.34218899987412,4.35541798576655,4.38943881367496,4.33768074837913,4.46175860203982,4.531964400068,4.5339765452939,10.2452431114486,10.7930475575658,11.0388724134035,10.3279237287616,11.4209883768156,12.8387004261034,13.3277454218892,13.7512637132823,13.4842490940524,8.60889517894697,7.46225180611639,7.97189459520257,8.23211576442668,8.27217162000955,9.29202071271696,10.0011218804761,10.8251358143598,13.3774198907024,14.3549943042752,15.1937773773163,17.219243258303,18.5822312533686,20.5375989913188,21.335573465873,23.9676186138466,24.5674604257086,31.2061220034177,31.052315825588,31.8401880448546,32.2556975804331
"N2O","1A1a_Electricity-public","ktN2O",33.9246410349813,35.4247502982493,37.7437089404184,40.7011304715216,39.4964549685889,40.6096387957642,44.2464469290252,46.682809604146,47.7239999960188,50.2488403612834,52.3063583622992,53.4611421268635,52.8104067158222,54.5709591134741,56.8589247505217,59.0405152068131,59.2364268968464,62.1148780503456,64.7794074753016,67.5869468250678,70.6636306078128,70.0574852758971,70.8722962874413,73.8356221271783,75.7409400148458,79.4864284916115,83.3208187174992,85.5456653587302,90.0970259447877,96.3042531733672,104.060123749924,109.948963474212,124.667174842582,136.439571327808,150.498065837706,161.612542025396,172.253451752415,188.318775194646,191.403751284077,191.948163136015,205.004459109372,212.115513327145,211.184346363629,224.674471946371,228.799475570726,223.497102879326,242.621517187465,245.412215368322,247.121914529922,239.288523242635
"N2O","1A1a_Heat-production","ktN2O",10.549956003552,10.7977299463224,11.3988465962452,11.9167211652918,12.5325602167845,13.1656621564888,13.8273547925229,14.3188699739944,15.3680671525479,15.8515216588407,16.7692792279549,16.7257057412635,17.4302359368234,18.1480706495956,19.2491210835075,20.3611790910689,21.0826995448936,22.4297814381299,23.1741810711674,37.1263174426983,35.4026677555785,36.5490665312518,38.3362633677772,39.5785665077914,41.5467537577817,40.8734882576464,42.3802937229169,42.2051815564511,42.3182045530777,35.6324389572455,39.180669147028,40.5147934609238,46.7703746962873,52.5203256674563,55.8744712760097,60.667629135266,63.3452621177507,66.1265227994165,66.6002042035385,67.7949824217918,74.4171814563065,78.6601129708336,80.7959225574436,83.4319348751817,82.6135552086301,82.9919933962072,91.5821757195551,94.1527991126262,95.6874358314128,96.2600473652401
"N2O","1A1bc_Other-transformation","ktN2O",3.45736445222619,3.46200104368659,3.60187646547399,4.44562717057017,4.4287412777444,4.22838827366124,4.18288189340468,4.46362811066134,4.71368957877359,4.79107281657722,4.73075322715971,4.67575158552724,4.79439880459112,4.96357322302535,5.17570246723319,5.55252571644235,5.5576255728966,5.86416028557212,5.96988146151543,6.43616753963604,6.11972688787693,6.23080687117851,6.19515045894664,6.41352984401225,6.58225314323106,6.79565735780745,6.91858115192191,7.2682551323575,7.41717281416737,7.0404309615136,6.89504861866608,7.73198242295228,7.69375675746376,8.22411403280986,8.03950183306709,8.17351821916718,8.78308043314438,9.7566381542327,10.3269191643575,10.6674812005822,11.2796012119319,10.7340746482722,11.0036460811864,11.4264312291088,10.9855435080292,10.3682427040523,10.4080426834538,10.4446321065919,10.4973717201969,10.5622276915169
"N2O","1A2a_Ind-Comb-Iron-steel","ktN2O",8.17097046330774,8.25016563336557,8.36256081996074,8.41190588489842,8.34290519198039,7.80316154345989,7.05525304964508,7.44031371734631,7.24246969548531,7.79545079761624,8.99789317122911,8.65969158393664,7.71743254567533,7.77599511333053,8.23933689547265,7.39640414159145,7.45609204007194,6.92455576064631,7.24968932550144,7.20157208818775,6.72563229242509,6.60655019674637,6.49405611879715,6.57250734011129,6.80730529216806,7.3536914268406,7.16496068031804,7.1833189490132,7.24497383274587,6.50177306054767,6.93992505650441,7.04066987108452,6.83582826168469,7.79393902100137,8.4743944812967,8.81102735333461,9.13398869734635,9.56870886248935,10.2113072036342,9.97128515355036,11.6958302127109,12.7222507249468,13.3513680671835,12.8024447324554,13.2291080789552,13.0342920236656,12.7078901777879,12.8656414271018,13.1922177438311,13.2151262772219
"N2O","1A2b_Ind-Comb-Non-ferrous-metals","ktN2O",0.833818532901414,0.966745207354002,0.883845814751408,0.976216213955037,1.02395851880806,1.06894267581065,1.11394974581058,1.23742567670036,1.14318973851642,1.08302845852094,1.27001412910693,1.3653651842715,1.28219755947588,1.15887942445421,1.27153284933655,1.53065211942937,1.54471383635008,1.59646252680005,1.65606729119931,1.47599908376985,1.45637668080409,1.43214445950867,1.43716515862746,1.47585151651561,1.41843759419076,1.69949665721819,1.7030125655794,1.59399637551469,1.66105054997623,1.59520550951406,1.54043804606999,1.36739903582123,1.30295549343202,1.37788488656714,1.49901161843933,1.45421861571379,1.54233750869993,1.65088327907573,1.68066351159113,1.54622065535523,1.64310786640915,1.70335484639757,1.64927372490932,1.71217103275987,1.7759083049222,1.76071954782398,1.75053431802018,1.76535758206012,1.80672630409145,1.84265593817519
"N2O","1A2c_Ind-Comb-Chemicals","ktN2O",5.61761485085525,6.62164245759322,6.28722235163378,6.41553551635006,6.06605960830785,5.6084912284763,6.28602607048525,6.12970591757403,5.40807571370211,5.58977319204802,7.66008280349063,7.30260914062322,7.54736174702935,7.05568729127968,7.45389773635276,6.86424129284429,6.67535720434984,6.81200495686877,7.07126525256765,6.94042478031237,7.48099086311501,7.61267834050234,6.85691807960078,7.25063990702319,7.44980742232853,8.65735924569014,8.57356570130489,7.96739002964685,7.78428436786935,8.12147984588209,8.38448544664044,8.56311942515056,7.5812668968667,7.72793242906806,8.5456395491026,8.54728423163079,8.58170300620626,9.4007269362634,9.09185882217115,8.56722783781063,9.40859719458353,9.82730082211915,9.2201966089973,9.22912202491582,9.14067224842658,9.87053486652892,10.2503577522522,9.51052850009325,9.64815582052184,9.73007018314556
"N2O","1A2d_Ind-Comb-Pulp-paper","ktN2O",2.7465288115652,4.29705749691121,4.34344309982629,4.82473154455424,4.82070808787466,4.27348309519435,4.74495030151946,4.45643533604075,4.48192400630038,4.61257593226033,5.10339104517131,4.78669962361629,5.40205792908005,5.00921091221202,5.46316167944909,5.87336796397936,6.10779318705956,6.27578036646543,6.3995064750524,6.17423718006432,6.10970310539733,6.15731357997803,5.8568369965512,8.42624460672186,8.25100870426739,10.891690740592,9.2550436006738,9.7965798561553,9.97032169770641,18.749140690662,19.7895108450492,17.8221700503692,17.2410371162788,17.5104246677359,18.3594689794357,18.4942748137969,19.3485766005291,19.5178972657382,18.3772509074047,16.1389254685152,18.9674955029304,18.9378958012699,17.8647361404852,18.0373544288372,17.7147491148189,18.0307269421312,18.0405861238959,18.6861629798621,18.689473852423,18.7257636080691
"N2O","1A2e_Ind-Comb-Food-tobacco","ktN2O",4.10759599516736,4.24505814807337,4.51936182053373,4.5482970167579,5.1408988446792,4.94783441128754,5.26196155859705,5.50901600664787,5.35236759348156,5.34817111440041,5.93231004525754,6.19170259548311,6.41672978641131,6.23536194501484,6.42767699840722,6.46202152790512,6.22533112814675,6.58668638871966,6.36366373382918,6.38244499149143,6.32204077170654,6.25892742404291,5.83931153920123,5.84816728788681,5.95346484557046,6.94540226514397,7.09816366203245,7.18895841453284,7.3560734058687,7.85686392041908,7.40843565414484,7.97210867306354,8.35887637896177,8.23820620050736,9.00790495127177,9.10012591918315,9.50576445345082,9.75438527849272,9.75114852791858,9.57697385481642,9.9579098845622,9.88995625803677,9.94192263630609,10.0479573296479,9.59910111177852,9.99748609067498,10.2979845908451,10.3295690344095,10.3756526546154,10.3837988281826
"N2O","1A2f_Ind-Comb-Non-metalic-minerals","ktN2O",4.49679327049251,4.9897069653664,4.94379151755674,5.10446995935501,5.59153798721537,5.25391439406884,5.37245301914317,5.56476461528127,5.8045068783335,5.95601020695398,7.71855906656315,8.12718404916552,8.42931950350834,8.35813967068567,8.77650007960293,9.8237054867452,9.73618217864292,9.97636602960127,10.0253218171148,10.160648937541,10.2572377528588,10.3117054704307,10.4413833714675,10.6819506419885,11.0741110088974,11.9562902569614,11.9070515383398,11.8308566372194,12.029662803859,11.4718615738026,11.1146626555756,12.089617371899,11.6874181987386,13.2334940584118,15.7026800411253,16.123205554037,16.1120363034047,17.880082695711,18.2975411850434,17.2563408388473,17.8784276900269,19.3811162848644,18.980995967574,18.9750246813052,19.5823200285734,19.2915435047199,18.2823212050374,18.1756156674315,19.0846296302515,19.5662756772367
"N2O","1A2g_Ind-Comb-Construction","ktN2O",0.570994746902263,0.598925108995615,0.670232286829191,0.894904083292396,0.91868607021185,0.910796850436876,0.957627383065099,1.00269662973337,1.06136026905248,1.05694663920738,1.25597120296191,1.10188641513992,1.15471350718435,1.15941988305398,1.19058524059893,1.22257231111212,1.2995618897414,1.27722991627137,1.32085252832026,1.32075607716853,1.22049095747901,1.10004231866,1.0028510946427,1.08996298912399,1.05323538134547,1.13740233116141,1.24369021103426,1.07597629749817,1.13482398121807,1.02895916501543,1.05451481507859,1.35353720001253,1.1945322167333,1.16910503445535,1.21183395752346,1.20833322910481,1.26973459523068,1.230755178403,1.20348064161268,1.08913687000284,1.10461084176643,1.17818730617116,1.15484461472559,1.22606811240855,1.27641401122776,1.34219268941825,1.48416693449624,1.52866697746064,1.54636464230664,1.5688037999196
"N2O","1A2g_Ind-Comb-machinery","ktN2O",1.30833637908536,1.47884734305355,1.49492092817496,1.71785330247366,1.60740783088825,1.47366805558332,1.5078031930077,1.48583481179336,1.50966471167094,1.55064899165901,2.48620799472973,2.3556635752758,2.43576418741383,2.39891223815441,2.5427977724917,2.65016097121111,2.63068334624675,2.74247873133519,2.75948099920061,2.59813484157213,2.61313590199297,2.4902818523813,2.39373044473749,1.94841692821096,1.90037311975172,2.25156212879647,2.29925746076228,2.0354208470061,2.00889418191978,1.742437109227,1.72355502805359,1.96363765084297,1.7468813979829,1.65910739763394,1.69967932640043,1.70958107528546,1.92976685430216,2.03107453208726,2.00597005229314,1.83888816504437,1.85424522801907,1.83636639366212,1.50479098031415,1.4696448700658,1.33207391005042,1.24255387939401,1.16442574092912,0.936559597603939,0.961927941254569,0.975132106390919
"N2O","1A2g_Ind-Comb-mining-quarying","ktN2O",0.559640086331523,0.583944999145746,0.578958097790595,0.627989164417322,0.650635995312059,0.590447602892701,0.600531223182605,0.605388432323946,0.606903283630052,0.649249302052246,0.646214226795802,0.604628763872217,0.602259640571362,0.621782883677853,0.671705275329062,0.665669100864397,0.650956233960783,0.665709430557039,0.657818439764357,0.650002831803396,0.913196995969155,0.762422036413566,0.770908473069272,0.725614827789498,0.748582167514981,0.813575788881299,0.815073530672109,0.805188490376324,0.843517862542434,0.744092886161379,0.757860347736445,0.801479149158657,0.831391828362789,0.86112726193832,0.935949738578445,1.02445825823914,1.14373305200816,1.21160236570116,1.29673115840485,1.20429622313972,1.24111853837262,1.38988940761463,1.41712387797254,1.44093988095738,1.40912679596156,1.38131353249587,1.27080918652572,1.22309941725815,1.2493353126188,1.26074798631774
"N2O","1A2g_Ind-Comb-other","ktN2O",52.1351821236328,44.5282479122841,45.9429623657743,46.7983406881183,45.5639590120174,44.0209816444386,47.2487160752088,51.2636433362972,53.5811642663467,56.202673982589,46.1847671355522,45.4896232278819,44.9976366037316,46.7246944120802,52.1249286371603,50.6808003839748,52.0381743959978,56.1305494057934,56.2645046404661,31.7661996454406,29.8685058666983,29.2599121375647,30.1604336353699,24.6885073935343,24.3774631573732,19.2659295907908,19.720707541837,20.1776151068178,20.3629880297113,20.3238076852308,20.1164410045751,20.0226337079418,20.3119398210604,20.3164808641509,20.7644104211287,23.5771225021721,24.6275914248755,25.0537504127291,25.5679375364793,25.3280002002839,26.2928855393418,25.8092466337962,26.2915874474404,26.6278326898776,25.9093927437104,25.6046718032327,24.594850444105,24.6939582670038,25.2939612613471,25.4139989243836
"N2O","1A2g_Ind-Comb-textile-leather","ktN2O",1.13260070745726,1.28645214725456,1.45721868386384,1.46828732044402,1.39465054680382,1.36119834321739,1.49170094056471,1.39388204682966,1.33296423379681,1.3583985146146,1.93894806604645,2.00583928933965,1.95276548699264,1.85540396814774,1.88624819057109,1.83911895081348,1.91048273684231,2.01263248143721,2.01381739226451,1.85699976736183,1.82181951887629,1.75698492437211,1.74824223022346,1.64198601436491,1.66341152060443,1.97009875034,1.70348740921078,1.63341956624802,1.65325438653856,1.41214964894065,1.4525466105068,1.49724874273169,1.47004776402369,1.43932788851798,1.6402251405082,1.60413174962263,1.58300046715249,1.60574710658432,1.53141033169409,1.39112294585747,1.45233410423225,1.47871813239751,1.33567222978815,1.2290733076904,1.15523064526995,1.65953009195199,1.57532178265811,1.43277639223457,1.49387736541443,1.55942759847045
"N2O","1A2g_Ind-Comb-transpequip","ktN2O",0.300723381726523,0.580794616340256,0.629465410458021,0.645618082425688,0.542312438415264,0.504500043987035,0.500345131121761,0.538847474765018,0.532621100034712,0.535238843795525,0.582467249215007,0.560812844049828,0.506435858435437,0.430606916841135,0.45512890993939,0.463472805113199,0.451652239359551,0.440601013720933,0.41849630745135,0.390449736873844,0.34876709508302,0.289917050629348,0.297148132109589,0.56468632026176,0.519928266058015,0.694090221754833,0.67932324806987,0.674088610197699,0.660379964174556,0.594684414156748,0.690707710729694,0.661258754943592,0.65698381925426,0.558585870768358,0.461748213490592,0.453702474012014,0.492286407762526,0.496053967779575,0.491616679745107,0.447560602167594,0.471818481434305,0.453975480993335,0.438098477421396,0.418800526457592,0.362722062040806,0.323567582788317,0.295387112620516,0.292248988622292,0.29972865993899,0.30201313226879
"N2O","1A2g_Ind-Comb-wood-products","ktN2O",0.370831574708801,0.392193750795254,0.437164993910708,0.511147521843698,0.608481995582256,0.600925288912225,0.618520708085634,0.625914618467216,0.643440331650939,0.673354700607056,0.802590438256977,0.780631702588389,0.779695679135924,0.750636255979532,0.863060346261887,1.12627301596256,1.05531536535348,1.10433612087213,1.17703640124754,1.18282544610479,0.775252991824602,0.799214212485701,0.777075218963781,4.21958304642621,4.4676306053499,5.36072727716898,6.56276553636543,7.02370153365503,7.51281029400119,4.50970920544455,4.40540818261506,4.88639551910541,4.0170342416949,4.17606635933594,4.27707023516926,4.00879444865589,3.84590015601909,3.76671887429484,3.7548119390439,3.73314478883668,2.29776747351013,2.29082518580381,2.23444030025644,2.2473971595622,2.36293821874416,2.521697759591,2.47281491207513,2.52951580434846,2.61449025824735,2.61961696679104
"N2O","1A3ai_International-aviation","ktN2O",3.63077189113718,3.92611156898109,4.2025368042003,4.44668234180939,4.15444954943173,4.2978385243382,4.27536167279836,4.7221147307169,4.90187554053901,5.08101225730459,5.02884163032288,4.97925776191267,5.14940068939852,5.17664485059179,5.41026512954853,5.60148257118719,6.2477940348155,6.67082100213215,7.08364508424325,7.52162193606508,7.85037058589649,7.61943196970859,7.9308452778341,8.14705986216415,8.62543093901566,8.98117080548824,9.36311446111057,9.8897866332378,10.2665902085334,10.7323914120822,11.1865401788328,10.9885633845417,11.609899006891,11.5794603362892,12.4871826052187,13.2970829073593,13.7988632307324,14.1950739254799,14.43513275151,13.7284620078424,14.4574152284101,14.9720370002773,15.105948063755,15.3972750464783,15.9076416727739,16.7868451872161,17.5512742061453,18.5613112027873,18.6964380510002,18.6822714581231
"N2O","1A3aii_Domestic-aviation","ktN2O",5.70184184159835,5.95676274124665,6.12675480512416,6.31674236060274,6.19312615015906,6.43424946655652,6.41881890813878,6.60563983263893,6.80742488628981,7.14407324445842,7.27527612911257,7.03818093730712,6.95996035867215,7.135838985807,7.77491113519512,8.02709856331582,8.1286224199766,8.3906169052446,8.73161870349514,8.9836783960649,8.88142537153707,8.52652627930868,8.36378498250093,8.31513394837994,8.57821515761555,8.66998954733265,9.08951379520609,9.173135928149,9.21634952042583,9.46026121681549,9.90269136638701,9.59563610136587,9.16197627433073,9.05806648495312,9.48389573897729,9.29376636741118,9.22521636315957,9.36074016406129,8.87245639648576,8.29154272344068,8.45771783876582,8.68475553872422,8.88387213666332,9.17429016053139,9.6574347263328,10.1204805948328,10.7428992544704,11.1768558363534,10.9203021815984,11.0084299858701
"N2O","1A3b_Road","ktN2O",170.422337321598,179.596308813729,191.821735616651,202.525902796633,199.251436136072,206.703102307816,216.474893377582,223.259108964851,232.478089353011,227.654898057947,220.576974933299,219.851751146996,220.270347141397,221.967033722968,222.937632910009,223.023939975628,229.514669279878,236.812296511882,244.591722367584,248.2103259559,246.75701913971,261.983539151652,279.601547379088,290.36190315991,299.409329692242,309.911296949381,318.881856763448,325.508599168997,325.970662157236,310.455833190598,304.297553586196,289.292446159787,278.546026731949,266.95736468252,254.67406150669,234.505968989353,228.718021818661,210.388292288523,203.167884284248,197.741845435231,193.717601021271,188.604854798023,179.37995120394,171.863067564069,161.930097301526,152.914996002624,141.039434764815,140.181132101175,137.331376864434,138.205553997047
"N2O","1A3c_Rail","ktN2O",15.9189299368528,15.2701989223854,16.1384285478837,17.2877014494492,18.4273635516439,18.8309495250356,19.4139662044772,19.7108919564415,19.9836527032557,20.3036082946551,20.657351272798,20.9045048187773,21.0602320215878,20.3000201056331,19.5825581647016,18.8664208163341,21.3177589096918,21.1559651425048,20.855011772255,20.4533889181952,20.9914338845296,19.7031262642463,17.1049254004892,15.360790018253,11.7036528491822,11.0649360460954,10.240671936343,9.48688768899032,8.86430601058068,9.02494337330611,13.7435694786408,13.9022427105866,14.8047737073705,15.8554219239635,17.4373418974286,18.2783473803377,18.7594404438709,18.7294855706159,18.3716625464472,16.9135720676362,16.9995191936795,17.546002251398,16.9230676647563,16.7150025925342,16.2303550838404,15.614671257666,15.4928539164476,16.0081768181721,16.3288124321662,16.6556418990888
"N2O","1A3di_International-shipping","ktN2O",21.3953352642254,21.8567896261242,22.8820344998474,24.0313453774319,22.3070077497969,20.4637921124168,21.0712991042945,20.9723923365729,21.080660843776,21.694236584682,21.0791993459358,19.4712923917021,17.5260886544175,16.4482143834657,17.0742963267509,18.5817871102571,19.8127479384979,20.6217313638618,22.5190869108713,24.4605262455096,24.561402920299,26.3484588717696,26.8846086943129,28.3048073654966,29.6112954772847,30.5948309570147,30.089669180102,32.8049328052658,32.6888508266128,32.7975584997137,35.6065270433925,35.8924321804237,36.4959618158323,38.7526666716604,41.9892386449308,44.5458103309635,48.574263217551,52.1516899365678,54.8307836840008,46.1366061174337,42.4865498657016,47.7553082115226,43.0894620643497,42.5569019676193,42.9128848304118,44.8472615677552,48.7553769847805,50.1176484454737,50.4837515229902,50.0343923609912
"N2O","1A3di_Oil_Tanker_Loading","ktN2O",0,0,0,0,0,0,0,0,0,0,0,0,0,0,0,0,0,0,0,0,0,0,0,0,0,0,0,0,0,0,0,0,0,0,0,0,0,0,0,0,0,0,0,0,0,0,0,0,0,0
"N2O","1A3dii_Domestic-navigation","ktN2O",4.65666518917521,5.03930969732959,4.93676507136091,5.37138036091535,5.91685896346678,5.98057013680117,6.10736798252704,5.96064432914826,6.00001190790967,6.3556288361989,6.24239637928968,6.02764936213475,5.79291413212817,5.46173756934505,5.57306229118135,5.38723931770487,5.22233575757028,5.21868886714712,5.10715191079022,5.06888640073247,5.61130696796002,5.11132911869766,5.17596215555366,5.22084623228671,4.93236040263487,5.04908111071246,6.40497641418388,5.75783393265831,5.50128830857602,6.16854099998323,6.33839319687731,6.39741398514354,6.30925245311479,6.84852137940195,6.78665064857899,6.82773828637296,7.31702858546933,7.48576563726831,6.76344024648522,6.89875753847482,7.02847905854348,7.7856046037257,8.19701809087296,8.47669794774882,8.54976843516839,8.09894576931732,8.38130657493928,9.05456004081705,9.28665323282278,9.48660238073556
"N2O","1A3eii_Other-transp","ktN2O",0.122102720355755,0.132517833720247,0.136349789671084,0.142707716174961,0.151349132270096,0.159485387890373,0.168722012389988,0.168158307559024,0.175390130512042,0.180295015344133,0.193720627509893,0.184570995262478,0.182082071674506,0.178680151670671,0.178132157844695,0.177949533741625,0.164502051652123,0.169438984591325,0.163873292776948,0.164486282091667,0.180163698086346,0.107452115659382,0.077382826535563,0.0792410120977446,0.105976970823454,0.0869277737689699,0.0951354114078916,0.0872854072666867,0.218979565398946,0.0983040863157888,0.150157275308586,0.220383439212394,0.114675798911689,0.0851129410228197,0.102402707280183,0.22172871806197,0.145565880332058,0.127737562313053,0.12922226479879,0.167226774703546,0.205923314748229,0.18360351532544,0.19036493476926,0.18096335057792,0.215587838553775,0.212481066072403,0.155153091973461,0.146530320102942,0.149820145005427,0.149599276624037
"N2O","1A4a_Commercial-institutional","ktN2O",12.1892991422629,12.6780356357545,13.1871798412219,13.6189343519837,13.5579833219758,13.5410024287904,14.4625097444194,14.6013318135357,14.9024277204455,14.6603423829282,14.4644636200535,13.9835338145367,13.9703776239891,13.9974782560364,14.2778752922517,14.0641659731969,13.6889412088962,14.0948010429839,14.6088993235941,14.4447159157232,15.6257017942979,15.2522570692415,12.8367587538967,12.6323012251016,11.8273084259495,11.9616912599788,12.4099471148176,12.354037062721,11.7253285045136,12.1925853550498,11.4137763234688,11.3464636118159,11.3438766882218,11.5489960348352,11.8823822835852,12.8141756731816,13.1716546647133,13.4901116883076,13.8099951693812,13.4385023088357,13.4700058594176,13.6712703878891,14.3285732118264,14.6022504029438,15.170607618218,15.7586221387534,15.5915741522398,15.649834561902,15.8762073818852,16.0579666340081
"N2O","1A4b_Residential","ktN2O",153.520794825888,154.94460473896,156.66823397218,158.140731066927,159.401812786679,162.676734439603,165.005684533678,166.765134097846,168.57381358623,170.121671796674,170.482632084146,170.441566455346,172.172932300538,172.763269163324,175.060285727769,178.028273980735,177.950438246782,179.934853808704,182.43796144068,183.846621021895,183.228410253505,184.188019888265,184.717594273667,186.585052281123,188.313118305588,193.604723979349,186.169351997763,196.507435031622,197.869411043863,204.409597419518,188.109190919317,188.368290282787,188.209241390261,191.17593087386,195.035482796065,197.080586737067,199.04303688524,196.170463045015,195.098458715613,195.268772200005,196.680415925335,197.217234500266,197.456013980825,198.205643284818,199.715804790627,198.001666076412,194.958471765633,194.418755449941,194.991524322018,195.46125412809
"N2O","1A4c_Agriculture-forestry-fishing","ktN2O",7.65991824653155,8.48911168552777,8.7591209634423,9.05360703388001,9.22728342684456,9.52766610288562,9.78764993026403,10.0078461723327,10.1802427583465,10.3222545125592,10.470229081067,10.4599248116588,10.8078980452582,10.6876734989621,10.6622887486908,10.8690485405335,11.1315982414558,11.3744676176282,11.6133515097401,11.471367750265,11.6162399710179,11.3183965560446,10.9646395040423,9.96129398583673,9.81723504897654,10.7493680206358,9.59312634350631,10.3747846494157,9.74346219053561,9.5427065451987,8.72284116137284,8.73625643787989,8.56373417122338,8.97294131982304,9.6796286777958,10.8471415088877,10.9086069758466,11.2945334099193,12.2136489795201,11.4697617066487,11.7242734491277,11.9415957512446,12.2371492652707,12.3285657603767,12.711863524194,12.9099363110801,12.4658390143366,12.9069474084399,12.9337114405229,13.0862460015182
"N2O","1A5_Other-unspecified","ktN2O",3.99066744010904,4.78895036783527,4.7086808548547,4.73691341075458,4.90609634979687,5.08276396005199,5.30470995920846,5.22926981033172,5.60359346954039,6.4596222015474,5.99509010141653,6.2339541146264,5.71221196548731,6.21112154957215,5.76629301216147,5.27578717136452,5.72832105096708,6.74736740232155,5.86757524554836,6.89178313982008,4.48354978246078,5.71976741706631,5.98369212029005,2.97254604761482,2.97856669825097,2.91146182401572,2.37139130080395,2.49542523785828,2.3457302970594,2.7226812339082,3.08834497999164,2.83283733077747,2.7557707519262,2.90744627841269,3.02809092385514,3.14028816266106,3.21459827726676,3.23561845666516,3.40561795142727,3.68991971172447,3.30826236373244,2.92583592287445,3.0499430623625,2.99896825141367,3.01595310127218,3.00985362005506,2.9548841121718,2.78258224968495,2.91794205025563,2.95002987397414
"N2O","1B1_Fugitive-solid-fuels","ktN2O",2.81628501242,2.789295758858,2.84141622734,2.869876154378,3.016604696053,3.132016907889,3.098990740149,3.15367398139,3.235189082167,3.36876036948,3.493511136505,3.464208612858,3.504220718684,3.548417462952,3.799641974529,3.902532781333,4.002107762972,4.055671085073,4.193744586819,4.438889184791,4.3592047439,4.35692086803,4.325120536129,4.347743118378,4.40045435964,4.39073294222,4.38628394137,4.36096880499,4.40194291542,4.56670076821,4.82746374872,4.91973300433,5.12414123049,5.3298565922,5.55143958873,5.79535405817,5.90611438769,6.2071030189,6.28806407195,5.99091286515,6.32487116958,6.50127396641,7.01603520286,7.03568735006,7.20955188684,7.35483180424,7.50457683307374,7.65588330545358,7.80871662241757,7.9630920215885
"N2O","1B2_Fugitive-petr","ktN2O",0.460802075334832,0.455220839116524,0.48163702845423,0.522843550331812,0.518514226969925,0.504782153819671,0.526008320722108,0.578719795345201,0.609269419119184,0.673306877782959,0.690023793450776,0.736404364692397,0.746566710848452,0.713135932134199,0.76336159072656,0.800456706357408,0.830821270098868,0.844118275704675,0.844457265882891,0.808868225337309,1.13712433388616,1.16356238358975,1.16349882966738,1.23026211434511,1.11905631647443,1.19010002348103,1.18052395039454,1.16094382870164,1.1756090701274,1.20669503204937,1.21965743135874,1.22308413452291,1.40593643477508,1.40275514698096,1.57728576833048,1.64208808740308,1.58129113152218,1.63688463558249,1.52404913897612,1.52773855329626,1.62741541247391,1.66183470221571,1.68341211136038,1.57326295874415,1.62101658391335,1.52658842466994,1.52133021951704,1.54438471895491,1.78254084684225,1.76495451519485
"N2O","1B2b_Fugitive-NG-distr","ktN2O",0,0,0,0,0,0,0,0,0,0,0,0,0,0,0,0,0,0,0,0,0,0,0,0,0,0,0,0,0,0,0,0,0,0,0,0,0,0,0,0,0,0,0,0,0,0,0,0,0,0
"N2O","1B2b_Fugitive-NG-prod","ktN2O",0,0,0,0,0,0,0,0,0,0,0,0,0,0,0,0,0,0,0,0,0,0,0,0,0,0,0,0,0,0,0,0,0,0,0,0,0,0,0,0,0,0,0,0,0,0,0,0,0,0
"N2O","1B2d_Fugitive-other-energy","ktN2O",0,0,0,0,0,0,0,0,0,0,0,0,0,0,0,0,0,0,0,0,0,0,0,0,0,0,0,0,0,0,0,0,0,0,0,0,0,0,0,0,0,0,0,0,0,0,0,0,0,0
"N2O","2A1_Cement-production","ktN2O",0,0,0,0,0,0,0,0,0,0,0,0,0,0,0,0,0,0,0,0,0,0,0,0,0,0,0,0,0,0,0,0,0,0,0,0,0,0,0,0,0,0,0,0,0,0,0,0,0,0
"N2O","2A2_Lime-production","ktN2O",0,0,0,0,0,0,0,0,0,0,0,0,0,0,0,0,0,0,0,0,0,0,0,0,0,0,0,0,0,0,0,0,0,0,0,0,0,0,0,0,0,0,0,0,0,0,0,0,0,0
"N2O","2Ax_Other-minerals","ktN2O",0,0,0,0,0,0,0,0,0,0,0,0,0,0,0,0,0,0,0,0,0,0,0,0,0,0,0,0,0,0,0,0,0,0,0,0,0,0,0,0,0,0,0,0,0,0,0,0,0,0
"N2O","2B_Chemical-industry","ktN2O",98.8777362186215,102.806111084511,107.254822167013,116.848132265013,123.411876264889,120.207790139957,120.62944035494,127.951710753501,129.601194118941,129.775974383119,132.103223051399,128.502005753532,118.769564888622,114.332581878849,115.124692455428,111.423168050138,108.459492763612,111.855706025839,103.017765113605,104.008589378271,89.079556262354,91.3367472537976,97.0598334488068,104.549432028976,128.384311034447,180.419327681772,169.840601116846,194.118867775756,193.217156283826,200.358063252507,200.005161758259,208.096230323378,217.861228589777,226.557059947061,267.266615174243,260.590444379031,263.445174011977,302.956953459039,290.17643415187,320.565523902121,312.095006772817,308.677019588552,320.875781508989,321.85468032287,318.657944720362,316.041342002387,316.995231357104,321.976940169391,324.310878863416,327.462575536157
"N2O","2B2_Chemicals-Nitric-acid","ktN2O",528.429816089586,539.758195066971,556.864694933111,596.275435702819,630.359226494347,597.845704470874,601.892976225411,607.016855066482,609.143188714221,616.777285500297,581.176449212886,553.864725214645,494.99088520572,497.539271326851,492.008211931947,458.40180916933,435.717731877486,420.484627174764,393.589203630019,372.144839834773,311.908711385445,289.917108247552,280.107417303423,276.543481848983,284.140900708286,292.850930232166,306.975555037673,302.817983723882,290.89749038555,279.883591494184,292.379129768848,281.260169921303,278.627337611312,282.062918023527,300.034756106835,306.431352031251,303.548049994447,315.275143890844,303.710902701741,279.60499722006,294.559853780508,272.277566652099,257.884275236874,253.21894402739,254.950825830542,259.688014184353,256.850466531888,256.107827272468,259.262869905139,262.663575874052
"N2O","2B3_Chemicals-Adipic-acid","ktN2O",581.994306303896,584.803920311598,590.964190294674,608.568639231034,650.126776107454,615.05418643929,646.924933049978,630.293089106171,636.367383983871,644.359119109842,583.024505821172,562.677230169132,497.14890290478,511.269215755793,516.854357939899,492.934723205596,465.453058459663,453.185443265889,428.590634574307,431.143056822441,318.908397682488,329.080452396685,331.494497989339,327.655871705478,349.07949133831,367.651702309594,380.307619764615,352.748238264313,279.516899764348,205.075046699465,222.194504623871,209.281152573362,202.027046168988,214.702964404065,229.568051302983,223.194881478829,214.968687250187,186.918696959796,160.570003689584,159.931178255206,134.249757441439,178.848728423472,189.529321903511,217.886951520714,258.544779959824,289.706003919498,311.589817361796,326.062851480815,348.357255982259,362.827306346952
"N2O","2C_Metal-production","ktN2O",0,0,0,0,0,0,0,0,0,0,0,0,0,0,0,0,0,0,0,0,0,0,0,0,0,0,0,0,0,0,0,0,0,0,0,0,0,0,0,0,0,0,0,0,0,0,0,0,0,0
"N2O","2D_Chemical-products-manufacture-processing","ktN2O",0,0,0,0,0,0,0,0,0,0,0,0,0,0,0,0,0,0,0,0,0,0,0,0,0,0,0,0,0,0,0,0,0,0,0,0,0,0,0,0,0,0,0,0,0,0,0,0,0,0
"N2O","2D_Degreasing-Cleaning","ktN2O",0,0,0,0,0,0,0,0,0,0,0,0,0,0,0,0,0,0,0,0,0,0,0,0,0,0,0,0,0,0,0,0,0,0,0,0,0,0,0,0,0,0,0,0,0,0,0,0,0,0
"N2O","2D_Other-product-use","ktN2O",50.3054892195519,54.0141834334326,54.7480425989341,55.494270130992,56.2530514356955,57.0254884074233,57.8112007259281,58.6124416077274,59.4356752691132,60.2889336856091,61.1774302850032,62.1028414675932,63.061823071309,64.0490960536201,65.0573417703611,66.079891049978,67.1161061048767,68.1641141259895,69.2150574011826,70.2580192705489,71.2854518098564,70.5588804332272,71.0232698953732,73.799165786564,74.2155686797919,75.7161622400562,75.5207407680134,77.8063809646659,71.3644490627613,71.6908901946592,73.571289170824,73.4113025963368,72.3336804449506,74.4162223519008,70.4317145936133,78.2845392599376,81.3034478810727,79.9513597521371,69.3414681427394,70.1485082979367,70.661424056186,78.3351857440499,67.1791467802588,62.9222917469235,65.5538962723791,66.2723771496659,66.9009296450311,67.3845427066922,68.4708867125123,69.3896330113909
"N2O","2D_Paint-application","ktN2O",0,0,0,0,0,0,0,0,0,0,0,0,0,0,0,0,0,0,0,0,0,0,0,0,0,0,0,0,0,0,0,0,0,0,0,0,0,0,0,0,0,0,0,0,0,0,0,0,0,0
"N2O","2H_Pulp-and-paper-food-beverage-wood","ktN2O",0,0,0,0,0,0,0,0,0,0,0,0,0,0,0,0,0,0,0,0,0,0,0,0,0,0,0,0,0,0,0,0,0,0,0,0,0,0,0,0,0,0,0,0,0,0,0,0,0,0
"N2O","2L_Other-process-emissions","ktN2O",0,0,0,0,0,0,0,0,0,0,0,0,0,0,0,0,0,0,0,0,0,0,0,0,0,0,0,0,0,0,0,0,0,0,0,0,0,0,0,0,0,0,0,0,0,0,0,0,0,0
"N2O","3B_Manure-management","ktN2O",1554.24628448355,1582.60768392889,1609.07964666419,1630.24257892643,1663.05935892156,1691.74506616185,1717.77021415039,1741.42830204535,1760.76040479214,1787.99270094958,1820.26919867399,1842.70118014503,1869.10074278579,1894.13290971436,1900.46955529857,1918.25883781368,1950.29395273021,1974.63335401961,2003.55441652818,2049.75034177664,2075.50046148945,2091.13283330991,2113.46994560758,2065.24485273338,2106.05832538483,2141.83743651464,2161.87176879156,2127.73634023563,2149.5450107401,2184.48991627602,2215.06527264105,2233.17960950184,2263.79423022544,2310.1630670593,2348.76253625198,2388.91193794552,2410.99506801046,2443.78377961992,2478.82271649878,2503.02900534692,2521.81663401819,2541.07082673272,2497.83569596436,2511.65607488757,2536.6388732648,2538.70675235675,2541.19365443623,2544.94380460176,2547.96668427599,2547.96673943286
"N2O","3D_Rice-Cultivation","ktN2O",0,0,0,0,0,0,0,0,0,0,0,0,0,0,0,0,0,0,0,0,0,0,0,0,0,0,0,0,0,0,0,0,0,0,0,0,0,0,0,0,0,0,0,0,0,0,0,0,0,0
"N2O","3D_Soil-emissions","ktN2O",1735.17883789802,1786.18012090429,1862.29150158792,1975.81072728859,1946.03095551855,2162.88991985891,2191.2776297105,2242.39998508026,2393.57012927838,2501.14603861232,2608.72688281415,2557.19656968464,2482.97682635892,2709.74744507587,2812.16338641108,2754.94637391403,2797.63843607666,2887.15260708594,2966.82019177422,2986.95715091213,3368.56673375652,3295.43219511558,3228.60160500042,3246.51086604255,3201.89908683781,3329.1543746605,3439.34314767675,3372.42819642078,3401.65452553737,3424.81306720872,3308.32426694414,3400.35531918704,3407.64202037708,3480.0850038685,3577.02523567026,3547.476420528,3574.81104232816,3704.27894315525,3696.41143399247,3773.03944085504,3851.84249209832,3855.31318544606,3832.03961310999,4038.2318915529,4111.62446881342,4107.99925084066,4046.99925408931,4038.99926188606,4074.99927285025,4074.99928470782
"N2O","3E_Enteric-fermentation","ktN2O",0,0,0,0,0,0,0,0,0,0,0,0,0,0,0,0,0,0,0,0,0,0,0,0,0,0,0,0,0,0,0,0,0,0,0,0,0,0,0,0,0,0,0,0,0,0,0,0,0,0
"N2O","3I_Agriculture-other","ktN2O",0,0,0,0,0,0,0,0,0,0,0,0,0,0,0,0,0,0,0,0,0,0,0,0,0,0,0,0,0,0,0,0,0,0,0,0,0,0,0,0,0,0,0,0,0,0,0,0,0,0
"N2O","5A_Solid-waste-disposal","ktN2O",0,0,0,0,0,0,0,0,0,0,0,0,0,0,0,0,0,0,0,0,0,0,0,0,0,0,0,0,0,0,0,0,0,0,0,0,0,0,0,0,0,0,0,0,0,0,0,0,0,0
"N2O","5C_Waste-combustion","ktN2O",14.2236171217256,15.0677513901914,15.8524980184334,16.6922789941533,17.6115066125098,18.6624031615295,19.803850137397,20.9462038690618,22.1355045050804,23.32157290135,24.4702069717197,25.685394526164,26.8703482687632,28.0579399008935,29.2016774474271,30.4667342391558,31.7900859364403,33.0965281833915,34.4506402725123,35.8330033456111,37.332304042657,39.0067486265482,40.6077192897007,42.5537647700522,44.4308745849858,46.7004782806096,49.6032195863039,51.4574228004916,53.4776224285839,55.3050900360389,56.6301828947313,59.009192863369,61.3513397436412,64.1089843489698,66.8978961379633,69.8885415000378,72.6104284197263,75.3520735358203,78.2157011013957,80.8781529614754,83.4319632581264,86.0022425664455,88.5772346859807,91.0962491323168,93.6127432301194,93.6060931346419,93.6262863861655,93.6461784333184,93.6419766726385,93.6419766726385
"N2O","5D_Wastewater-handling","ktN2O",148.353897319379,150.817966004723,153.373879774375,157.252692415216,160.209420710657,163.880394741284,166.423785378061,169.351369105395,176.851641322144,180.927974705784,182.927073113543,189.054298865078,193.102493123372,198.60249493451,204.198185762293,208.190055766651,214.156772491065,218.948989341096,224.053820782711,229.077067821319,228.023574279347,233.297501261861,240.347470152514,246.511465626313,252.750089198776,259.413210307865,263.718672472253,267.441190499719,273.637975500921,278.817065575054,266.991152491756,273.34565819971,278.638996934364,284.630704976029,292.324680187163,300.106037637364,309.947708127376,317.497142786465,324.399402696338,332.686172174855,338.584019117487,345.535355977349,351.778733195296,356.715272780233,361.916371482838,366.279736519127,370.344402031561,374.361002587043,377.486496748289,380.694411291155
"N2O","5E_Other-waste-handling","ktN2O",4.54045519232333,4.54045519232333,4.54045519232332,4.54045519232333,4.54045519232332,4.54045519232333,4.54045519232333,4.54045519232333,4.54045519232333,4.54045519232333,4.54045519232333,4.54045519232333,4.54045519232333,4.54045519232333,4.54045519232333,4.54045519232333,4.54045519232332,4.54045519232333,4.54045519232333,4.54045519232333,4.54045519232333,5.06560705936165,5.48528068103981,6.30646750992483,7.52917918821709,8.76796341332284,9.74561332131832,10.5232706128144,11.1143332529814,12.2847839921094,12.869658067342,13.1349229945932,13.957093355414,14.472881177502,15.1480833837102,15.7087998675376,16.0898019632679,16.6368607755993,16.9373642610026,17.1275452103743,17.676632476315,18.1353122314216,18.9246032008748,19.0413928388259,19.1558116846497,19.5664188651073,19.7731591290235,19.9784811862065,20.0412356527819,20.1263903221389
"N2O","6A_Other-in-total","ktN2O",0,0,0,0,0,0,0,0,0,0,0,0,0,0,0,0,0,0,0,0,0,0,0,0,0,0,0,0,0,0,0,0,0,0,0,0,0,0,0,0,0,0,0,0,0,0,0,0,0,0
"N2O","6B_Other-not-in-total","ktN2O",0,0,0,0,0,0,0,0,0,0,0,0,0,0,0,0,0,0,0,0,0,0,0,0,0,0,0,0,0,0,0,0,0,0,0,0,0,0,0,0,0,0,0,0,0,0,0,0,0,0
"N2O","7A_Fossil-fuel-fires","ktN2O",0.710418031237187,0.7269,0.728700000000001,0.730500000000001,0.732300000000001,0.734100000000001,0.735900000000001,0.737700000000001,0.739500000000001,0.741300000000001,0.743100000000001,0.744900000000001,0.746700000000001,0.753000000000001,0.753000000000001,0.753000000000001,0.753000000000001,0.753000000000001,0.753000000000001,0.753000000000001,0.753000000000001,0.979498000000001,0.753000000000001,0.753,0.752999999999999,0.752999999999999,0.753,0.753,0.753,0.753,0.753,0.752999999999999,0.752999999999999,0.753000000000001,0.753,0.753,0.753000000000001,0.753,0.753,0.753,0.752999999999999,0.753,0.753,0.753,0.753,0.753000000000001,0.758344252152394,0.763563623561754,0.768619823247267,0.773465173244871
"N2O","7BC_Indirect-N2O-non-agricultural-N","ktN2O",307.38800852403,305.92946685395,318.3954213176,333.23705834699,334.68495703747,337.53282027412,348.91442586767,360.07478529657,370.9077909009,377.91312207303,376.52451533612,371.49511681822,367.95838540697,370.49521207474,379.51071831933,380.90641945972,406.15269115215,399.28217277512,410.936816662355,419.088907672507,431.789230829832,432.234121312498,435.639340917063,438.786460607956,436.069518890914,441.056486663582,450.002331522814,446.514685859943,447.911891471879,447.156666723265,454.940078887591,453.979908711228,458.321812472808,471.266145467353,488.818937065544,498.387830913946,509.098215012386,524.122291408203,521.743509562074,515.766182672817,535.08692010893,553.399913061486,570.964516827082,579.258868579302,586.600164367387,590.324581863136,595.783755726692,601.129840129717,606.357279817103,611.46292290416
