percentile,scenario,year,variable,Delta T
recommendation,ssp534-over,2019,o3,0.0
recommendation,ssp534-over,2020,o3,0.001970733851895945
recommendation,ssp534-over,2021,o3,0.0031896741313687804
recommendation,ssp534-over,2022,o3,0.004335793575999697
recommendation,ssp534-over,2023,o3,0.00543922643382605
recommendation,ssp534-over,2024,o3,0.006548773289656529
recommendation,ssp534-over,2025,o3,0.007695139984184279
recommendation,ssp534-over,2026,o3,0.008900584322798472
recommendation,ssp534-over,2027,o3,0.010185147999517308
recommendation,ssp534-over,2028,o3,0.011558360177969074
recommendation,ssp534-over,2029,o3,0.013021293930389782
recommendation,ssp534-over,2030,o3,0.014560967110264056
recommendation,ssp534-over,2031,o3,0.01617086187841721
recommendation,ssp534-over,2032,o3,0.018043201996919
recommendation,ssp534-over,2033,o3,0.020134759449689232
recommendation,ssp534-over,2034,o3,0.022414668012632144
recommendation,ssp534-over,2035,o3,0.02484824502330829
recommendation,ssp534-over,2036,o3,0.027401754568858683
recommendation,ssp534-over,2037,o3,0.0300739743580391
recommendation,ssp534-over,2038,o3,0.032852052297539236
recommendation,ssp534-over,2039,o3,0.03574586017064674
recommendation,ssp534-over,2040,o3,0.03874549614035905
recommendation,ssp534-over,2041,o3,0.04185470837714045
recommendation,ssp534-over,2042,o3,0.04430253063756179
recommendation,ssp534-over,2043,o3,0.04611198765357033
recommendation,ssp534-over,2044,o3,0.04715392424844339
recommendation,ssp534-over,2045,o3,0.04735703542678338
recommendation,ssp534-over,2046,o3,0.046687462671939906
recommendation,ssp534-over,2047,o3,0.04512815039837481
recommendation,ssp534-over,2048,o3,0.04269769366455317
recommendation,ssp534-over,2049,o3,0.03942517156295311
recommendation,ssp534-over,2050,o3,0.03536358089884872
recommendation,ssp534-over,2051,o3,0.030576193750331437
recommendation,ssp534-over,2052,o3,0.025400549771517178
recommendation,ssp534-over,2053,o3,0.019896903167903768
recommendation,ssp534-over,2054,o3,0.014192474531465576
recommendation,ssp534-over,2055,o3,0.008375125237132602
recommendation,ssp534-over,2056,o3,0.0024974706480870856
recommendation,ssp534-over,2057,o3,-0.003410875920450862
recommendation,ssp534-over,2058,o3,-0.009327083699304961
recommendation,ssp534-over,2059,o3,-0.015216524953523464
recommendation,ssp534-over,2060,o3,-0.021058733291400455
recommendation,ssp534-over,2061,o3,-0.026839492232031692
recommendation,ssp534-over,2062,o3,-0.032483678001134886
recommendation,ssp534-over,2063,o3,-0.03796662202534798
recommendation,ssp534-over,2064,o3,-0.04325261989613713
recommendation,ssp534-over,2065,o3,-0.0483254425214259
recommendation,ssp534-over,2066,o3,-0.05317930569282775
recommendation,ssp534-over,2067,o3,-0.0578193568145787
recommendation,ssp534-over,2068,o3,-0.06226557474389602
recommendation,ssp534-over,2069,o3,-0.06652912159943208
recommendation,ssp534-over,2070,o3,-0.0706118972691849
recommendation,ssp534-over,2071,o3,-0.07450670157867656
recommendation,ssp534-over,2072,o3,-0.07803943258820578
recommendation,ssp534-over,2073,o3,-0.08124772817691764
recommendation,ssp534-over,2074,o3,-0.08417149776597638
recommendation,ssp534-over,2075,o3,-0.08684762899039358
recommendation,ssp534-over,2076,o3,-0.08930493411459436
recommendation,ssp534-over,2077,o3,-0.09157263417466086
recommendation,ssp534-over,2078,o3,-0.09367499320846151
recommendation,ssp534-over,2079,o3,-0.09563802969176638
recommendation,ssp534-over,2080,o3,-0.09748821662934706
recommendation,ssp534-over,2081,o3,-0.09924393167104961
recommendation,ssp534-over,2082,o3,-0.10077231614177476
recommendation,ssp534-over,2083,o3,-0.10211086721411058
recommendation,ssp534-over,2084,o3,-0.10329025316336318
recommendation,ssp534-over,2085,o3,-0.10432848086599031
recommendation,ssp534-over,2086,o3,-0.1052484693076732
recommendation,ssp534-over,2087,o3,-0.1060608273181246
recommendation,ssp534-over,2088,o3,-0.10678309095773392
recommendation,ssp534-over,2089,o3,-0.10743655355547815
recommendation,ssp534-over,2090,o3,-0.10803835922130672
recommendation,ssp534-over,2091,o3,-0.10860685087766286
recommendation,ssp534-over,2092,o3,-0.1091247289783186
recommendation,ssp534-over,2093,o3,-0.10960235620051209
recommendation,ssp534-over,2094,o3,-0.11004919906439681
recommendation,ssp534-over,2095,o3,-0.11044861090753168
recommendation,ssp534-over,2096,o3,-0.11078765220123893
recommendation,ssp534-over,2097,o3,-0.1110661914462692
recommendation,ssp534-over,2098,o3,-0.1112865841024615
recommendation,ssp534-over,2099,o3,-0.11146196077736184
recommendation,ssp534-over,2100,o3,-0.11160224890282494
recommendation,ssp334,2019,o3,0.0
recommendation,ssp334,2020,o3,0.001970733851895945
recommendation,ssp334,2021,o3,-0.0023145176051282135
recommendation,ssp334,2022,o3,-0.004976169248389256
recommendation,ssp334,2023,o3,-0.0064526043160978985
recommendation,ssp334,2024,o3,-0.007059691489720604
recommendation,ssp334,2025,o3,-0.007020294266692567
recommendation,ssp334,2026,o3,-0.006492368843965285
recommendation,ssp334,2027,o3,-0.0055905164826094145
recommendation,ssp334,2028,o3,-0.004399911509886251
recommendation,ssp334,2029,o3,-0.0029881860384023406
recommendation,ssp334,2030,o3,-0.0014088687768800678
recommendation,ssp334,2031,o3,0.0002968941740047193
recommendation,ssp334,2032,o3,0.0008391289093480636
recommendation,ssp334,2033,o3,0.000497761917718692
recommendation,ssp334,2034,o3,-0.000526534689463759
recommendation,ssp334,2035,o3,-0.0020837731678480242
recommendation,ssp334,2036,o3,-0.004052428247046824
recommendation,ssp334,2037,o3,-0.006335720917798243
recommendation,ssp334,2038,o3,-0.0088558632799563
recommendation,ssp334,2039,o3,-0.011552741323603372
recommendation,ssp334,2040,o3,-0.014381349023921075
recommendation,ssp334,2041,o3,-0.017305231664038634
recommendation,ssp334,2042,o3,-0.019883878972904584
recommendation,ssp334,2043,o3,-0.022192171873145372
recommendation,ssp334,2044,o3,-0.02429522426369765
recommendation,ssp334,2045,o3,-0.026247886114615315
recommendation,ssp334,2046,o3,-0.02809934401567077
recommendation,ssp334,2047,o3,-0.029887386161372986
recommendation,ssp334,2048,o3,-0.03163679218925031
recommendation,ssp334,2049,o3,-0.033360055582355275
recommendation,ssp334,2050,o3,-0.03505585428965499
recommendation,ssp334,2051,o3,-0.03671811300016353
recommendation,ssp334,2052,o3,-0.038174586680410544
recommendation,ssp334,2053,o3,-0.03947162329744652
recommendation,ssp334,2054,o3,-0.04064644580991625
recommendation,ssp334,2055,o3,-0.04173426321902507
recommendation,ssp334,2056,o3,-0.04276896548987391
recommendation,ssp334,2057,o3,-0.04377871259523705
recommendation,ssp334,2058,o3,-0.044777107836411534
recommendation,ssp334,2059,o3,-0.045768918012269316
recommendation,ssp334,2060,o3,-0.046758621661206645
recommendation,ssp334,2061,o3,-0.04774365831022198
recommendation,ssp334,2062,o3,-0.04861196175081381
recommendation,ssp334,2063,o3,-0.04938933975312862
recommendation,ssp334,2064,o3,-0.05009984946821472
recommendation,ssp334,2065,o3,-0.050764590781164964
recommendation,ssp334,2066,o3,-0.05140168677819129
recommendation,ssp334,2067,o3,-0.052030916115786974
recommendation,ssp334,2068,o3,-0.05266865999520856
recommendation,ssp334,2069,o3,-0.05332108057357174
recommendation,ssp334,2070,o3,-0.053984348480243693
recommendation,ssp334,2071,o3,-0.05464974220264249
recommendation,ssp334,2072,o3,-0.055213000406903245
recommendation,ssp334,2073,o3,-0.05569368764008828
recommendation,ssp334,2074,o3,-0.05611151393025493
recommendation,ssp334,2075,o3,-0.056481824704083555
recommendation,ssp334,2076,o3,-0.056817611559025344
recommendation,ssp334,2077,o3,-0.057130380144536586
recommendation,ssp334,2078,o3,-0.057431211452430325
recommendation,ssp334,2079,o3,-0.05773274055210054
recommendation,ssp334,2080,o3,-0.058045443551499376
recommendation,ssp334,2081,o3,-0.05837404589331133
recommendation,ssp334,2082,o3,-0.058643651764387544
recommendation,ssp334,2083,o3,-0.05886660927499687
recommendation,ssp334,2084,o3,-0.05904936366313279
recommendation,ssp334,2085,o3,-0.05919729821027303
recommendation,ssp334,2086,o3,-0.05931408662513993
recommendation,ssp334,2087,o3,-0.059403144936071434
recommendation,ssp334,2088,o3,-0.059473162931733436
recommendation,ssp334,2089,o3,-0.05953358723977287
recommendation,ssp334,2090,o3,-0.05959479553213981
recommendation,ssp334,2091,o3,-0.059668777173959686
recommendation,ssp334,2092,o3,-0.059699073966226146
recommendation,ssp334,2093,o3,-0.05970468324612749
recommendation,ssp334,2094,o3,-0.059691171930489645
recommendation,ssp334,2095,o3,-0.05965198956540363
recommendation,ssp334,2096,o3,-0.059583782549865766
recommendation,ssp334,2097,o3,-0.05948694467871324
recommendation,ssp334,2098,o3,-0.0593662634404305
recommendation,ssp334,2099,o3,-0.05922917632186092
recommendation,ssp334,2100,o3,-0.05908507030123797
recommendation,ssp119,2019,o3,0.0
recommendation,ssp119,2020,o3,0.001970733851895945
recommendation,ssp119,2021,o3,-0.0006252574322254123
recommendation,ssp119,2022,o3,-0.003473033623411309
recommendation,ssp119,2023,o3,-0.00658368976073509
recommendation,ssp119,2024,o3,-0.009958975168675138
recommendation,ssp119,2025,o3,-0.013599298380724073
recommendation,ssp119,2026,o3,-0.017496668959306405
recommendation,ssp119,2027,o3,-0.021634840503238106
recommendation,ssp119,2028,o3,-0.02599979350255882
recommendation,ssp119,2029,o3,-0.030580764150756112
recommendation,ssp119,2030,o3,-0.03537925318916049
recommendation,ssp119,2031,o3,-0.04038852428444431
recommendation,ssp119,2032,o3,-0.044794320216664296
recommendation,ssp119,2033,o3,-0.04876273014802715
recommendation,ssp119,2034,o3,-0.052404073643548404
recommendation,ssp119,2035,o3,-0.05580219201809117
recommendation,ssp119,2036,o3,-0.0590235094302724
recommendation,ssp119,2037,o3,-0.0620929245678232
recommendation,ssp119,2038,o3,-0.06503998605260938
recommendation,ssp119,2039,o3,-0.06786677516319395
recommendation,ssp119,2040,o3,-0.07059218769590908
recommendation,ssp119,2041,o3,-0.07321795919736823
recommendation,ssp119,2042,o3,-0.0757378501004626
recommendation,ssp119,2043,o3,-0.07816222839899864
recommendation,ssp119,2044,o3,-0.08050910518500032
recommendation,ssp119,2045,o3,-0.08279729656432255
recommendation,ssp119,2046,o3,-0.08504536857117195
recommendation,ssp119,2047,o3,-0.0872796369745823
recommendation,ssp119,2048,o3,-0.08950613697659682
recommendation,ssp119,2049,o3,-0.09172959578307491
recommendation,ssp119,2050,o3,-0.09393608747402415
recommendation,ssp119,2051,o3,-0.0961044260419163
recommendation,ssp119,2052,o3,-0.09802744548306755
recommendation,ssp119,2053,o3,-0.09975219608676048
recommendation,ssp119,2054,o3,-0.10131128723465752
recommendation,ssp119,2055,o3,-0.10273410708811381
recommendation,ssp119,2056,o3,-0.10405319871580251
recommendation,ssp119,2057,o3,-0.10530155128468843
recommendation,ssp119,2058,o3,-0.10650184009857178
recommendation,ssp119,2059,o3,-0.10765213723743897
recommendation,ssp119,2060,o3,-0.10875584048363218
recommendation,ssp119,2061,o3,-0.10981591329898421
recommendation,ssp119,2062,o3,-0.11077013581711309
recommendation,ssp119,2063,o3,-0.11163059331300543
recommendation,ssp119,2064,o3,-0.11241166623735414
recommendation,ssp119,2065,o3,-0.11313142054776973
recommendation,ssp119,2066,o3,-0.11380413240297507
recommendation,ssp119,2067,o3,-0.11444523861773911
recommendation,ssp119,2068,o3,-0.11507749903743482
recommendation,ssp119,2069,o3,-0.11571037227342411
recommendation,ssp119,2070,o3,-0.1163406494100631
recommendation,ssp119,2071,o3,-0.11695406860639582
recommendation,ssp119,2072,o3,-0.11754663370153176
recommendation,ssp119,2073,o3,-0.11810951955252244
recommendation,ssp119,2074,o3,-0.11864936130474231
recommendation,ssp119,2075,o3,-0.11917244081439982
recommendation,ssp119,2076,o3,-0.11968167276952046
recommendation,ssp119,2077,o3,-0.1201832239617813
recommendation,ssp119,2078,o3,-0.12068164255920603
recommendation,ssp119,2079,o3,-0.12118562298755223
recommendation,ssp119,2080,o3,-0.12170679159805212
recommendation,ssp119,2081,o3,-0.1222505913747742
recommendation,ssp119,2082,o3,-0.12279481011162521
recommendation,ssp119,2083,o3,-0.12333201091107568
recommendation,ssp119,2084,o3,-0.12385594070040516
recommendation,ssp119,2085,o3,-0.1243550718550527
recommendation,ssp119,2086,o3,-0.124829888127206
recommendation,ssp119,2087,o3,-0.12527272733767128
recommendation,ssp119,2088,o3,-0.12568751285695648
recommendation,ssp119,2089,o3,-0.1260848367034931
recommendation,ssp119,2090,o3,-0.1264726008728678
recommendation,ssp119,2091,o3,-0.12686385702749853
recommendation,ssp119,2092,o3,-0.12726889772776048
recommendation,ssp119,2093,o3,-0.12768857195750938
recommendation,ssp119,2094,o3,-0.1281249400854393
recommendation,ssp119,2095,o3,-0.12855349856699594
recommendation,ssp119,2096,o3,-0.128955213232519
recommendation,ssp119,2097,o3,-0.12932460912992122
recommendation,ssp119,2098,o3,-0.12965814424907435
recommendation,ssp119,2099,o3,-0.12996232377103709
recommendation,ssp119,2100,o3,-0.13024197228192141
recommendation,ssp460,2019,o3,0.0
recommendation,ssp460,2020,o3,0.001970733851895945
recommendation,ssp460,2021,o3,0.003651354537158674
recommendation,ssp460,2022,o3,0.005629132498193246
recommendation,ssp460,2023,o3,0.007825826727698382
recommendation,ssp460,2024,o3,0.010161050129343818
recommendation,ssp460,2025,o3,0.012594915911866428
recommendation,ssp460,2026,o3,0.015107006546535906
recommendation,ssp460,2027,o3,0.017689563920506857
recommendation,ssp460,2028,o3,0.020334547213985865
recommendation,ssp460,2029,o3,0.023032677117142797
recommendation,ssp460,2030,o3,0.025764542218231767
recommendation,ssp460,2031,o3,0.02852050320265387
recommendation,ssp460,2032,o3,0.031267752300332685
recommendation,ssp460,2033,o3,0.03399816144953216
recommendation,ssp460,2034,o3,0.03669566443349598
recommendation,ssp460,2035,o3,0.03934019480494522
recommendation,ssp460,2036,o3,0.041912944978502675
recommendation,ssp460,2037,o3,0.044428321606001575
recommendation,ssp460,2038,o3,0.046888042128257756
recommendation,ssp460,2039,o3,0.04931556740811244
recommendation,ssp460,2040,o3,0.05171330883986863
recommendation,ssp460,2041,o3,0.054097742918273906
recommendation,ssp460,2042,o3,0.056398968456992105
recommendation,ssp460,2043,o3,0.058629391313623824
recommendation,ssp460,2044,o3,0.060783704692391693
recommendation,ssp460,2045,o3,0.06285514537731773
recommendation,ssp460,2046,o3,0.06483694738716728
recommendation,ssp460,2047,o3,0.06671471957326397
recommendation,ssp460,2048,o3,0.06849238288774329
recommendation,ssp460,2049,o3,0.0701752521800294
recommendation,ssp460,2050,o3,0.07178523617104693
recommendation,ssp460,2051,o3,0.07335160514813949
recommendation,ssp460,2052,o3,0.07488669571985823
recommendation,ssp460,2053,o3,0.0763906592432495
recommendation,ssp460,2054,o3,0.07785996229946635
recommendation,ssp460,2055,o3,0.07928889080082985
recommendation,ssp460,2056,o3,0.08066388048585355
recommendation,ssp460,2057,o3,0.08196935411158413
recommendation,ssp460,2058,o3,0.08319676328222714
recommendation,ssp460,2059,o3,0.08436022847268321
recommendation,ssp460,2060,o3,0.0854676394977712
recommendation,ssp460,2061,o3,0.0865254495066814
recommendation,ssp460,2062,o3,0.08757146265605531
recommendation,ssp460,2063,o3,0.08860502835705575
recommendation,ssp460,2064,o3,0.08961741212164981
recommendation,ssp460,2065,o3,0.09059564882310966
recommendation,ssp460,2066,o3,0.09153009049595157
recommendation,ssp460,2067,o3,0.09241032132163257
recommendation,ssp460,2068,o3,0.09321884638133116
recommendation,ssp460,2069,o3,0.09395109445868172
recommendation,ssp460,2070,o3,0.094615003264447
recommendation,ssp460,2071,o3,0.09522969065190784
recommendation,ssp460,2072,o3,0.0957181262252974
recommendation,ssp460,2073,o3,0.09611160598584845
recommendation,ssp460,2074,o3,0.0964191508937553
recommendation,ssp460,2075,o3,0.0966469174333523
recommendation,ssp460,2076,o3,0.09680307763238394
recommendation,ssp460,2077,o3,0.09688958815530296
recommendation,ssp460,2078,o3,0.09691065478703298
recommendation,ssp460,2079,o3,0.09686336862188222
recommendation,ssp460,2080,o3,0.09674236977257478
recommendation,ssp460,2081,o3,0.09654729679425522
recommendation,ssp460,2082,o3,0.09634959392926573
recommendation,ssp460,2083,o3,0.09614599064594409
recommendation,ssp460,2084,o3,0.09593291641317647
recommendation,ssp460,2085,o3,0.09571501281197903
recommendation,ssp460,2086,o3,0.09548807540155196
recommendation,ssp460,2087,o3,0.09525814583352582
recommendation,ssp460,2088,o3,0.09502015325765722
recommendation,ssp460,2089,o3,0.09476374886550132
recommendation,ssp460,2090,o3,0.09448198449370959
recommendation,ssp460,2091,o3,0.09416233377455296
recommendation,ssp460,2092,o3,0.09383746750971794
recommendation,ssp460,2093,o3,0.09350157106737056
recommendation,ssp460,2094,o3,0.09314853602792966
recommendation,ssp460,2095,o3,0.09279927599420507
recommendation,ssp460,2096,o3,0.09247060104271121
recommendation,ssp460,2097,o3,0.09216617892500384
recommendation,ssp460,2098,o3,0.09188732880364547
recommendation,ssp460,2099,o3,0.09162393595083085
recommendation,ssp460,2100,o3,0.09136957769623627
recommendation,ssp585,2019,o3,0.0
recommendation,ssp585,2020,o3,0.001970733851895945
recommendation,ssp585,2021,o3,0.003120328255776378
recommendation,ssp585,2022,o3,0.004179416709041928
recommendation,ssp585,2023,o3,0.005179674552993896
recommendation,ssp585,2024,o3,0.006175457365183962
recommendation,ssp585,2025,o3,0.007201623983690397
recommendation,ssp585,2026,o3,0.008283017579543167
recommendation,ssp585,2027,o3,0.009441537835385427
recommendation,ssp585,2028,o3,0.010688196494805402
recommendation,ssp585,2029,o3,0.01202478127631637
recommendation,ssp585,2030,o3,0.013438782145222983
recommendation,ssp585,2031,o3,0.014924179166030505
recommendation,ssp585,2032,o3,0.01667343449755032
recommendation,ssp585,2033,o3,0.018643776063392625
recommendation,ssp585,2034,o3,0.020805734782713026
recommendation,ssp585,2035,o3,0.023125328478041385
recommendation,ssp585,2036,o3,0.02556885717844376
recommendation,ssp585,2037,o3,0.028135681384070632
recommendation,ssp585,2038,o3,0.030812833798689432
recommendation,ssp585,2039,o3,0.0336104898061822
recommendation,ssp585,2040,o3,0.03651821749457024
recommendation,ssp585,2041,o3,0.03953987464207542
recommendation,ssp585,2042,o3,0.04248470249139785
recommendation,ssp585,2043,o3,0.045374460716195164
recommendation,ssp585,2044,o3,0.04820439727799053
recommendation,ssp585,2045,o3,0.05097166029269096
recommendation,ssp585,2046,o3,0.053671828781940156
recommendation,ssp585,2047,o3,0.056291455942337754
recommendation,ssp585,2048,o3,0.058834666907795985
recommendation,ssp585,2049,o3,0.06130598576182861
recommendation,ssp585,2050,o3,0.06372615202274085
recommendation,ssp585,2051,o3,0.06612260695905625
recommendation,ssp585,2052,o3,0.06872531775789437
recommendation,ssp585,2053,o3,0.07146184917531817
recommendation,ssp585,2054,o3,0.0742522562736539
recommendation,ssp585,2055,o3,0.07703621563861895
recommendation,ssp585,2056,o3,0.07976141980877138
recommendation,ssp585,2057,o3,0.08238427029609557
recommendation,ssp585,2058,o3,0.08487732354018945
recommendation,ssp585,2059,o3,0.08724195764079007
recommendation,ssp585,2060,o3,0.08947777008415908
recommendation,ssp585,2061,o3,0.09158618157732479
recommendation,ssp585,2062,o3,0.09341954809709818
recommendation,ssp585,2063,o3,0.09502482203221413
recommendation,ssp585,2064,o3,0.09643410899482752
recommendation,ssp585,2065,o3,0.09766698100289023
recommendation,ssp585,2066,o3,0.09873994414689796
recommendation,ssp585,2067,o3,0.0996623971538858
recommendation,ssp585,2068,o3,0.10043214002887568
recommendation,ssp585,2069,o3,0.10105670499664443
recommendation,ssp585,2070,o3,0.10155317146426812
recommendation,ssp585,2071,o3,0.10194739678026415
recommendation,ssp585,2072,o3,0.10220220525426332
recommendation,ssp585,2073,o3,0.10233648260283035
recommendation,ssp585,2074,o3,0.10234588934792677
recommendation,ssp585,2075,o3,0.1022289438891868
recommendation,ssp585,2076,o3,0.10198997502049861
recommendation,ssp585,2077,o3,0.1016299417400105
recommendation,ssp585,2078,o3,0.1011523087904258
recommendation,ssp585,2079,o3,0.10055541518643679
recommendation,ssp585,2080,o3,0.09983554183849869
recommendation,ssp585,2081,o3,0.09899422379770884
recommendation,ssp585,2082,o3,0.09787939518884681
recommendation,ssp585,2083,o3,0.0965395374150223
recommendation,ssp585,2084,o3,0.09500384550612812
recommendation,ssp585,2085,o3,0.09330356781279603
recommendation,ssp585,2086,o3,0.09145658966947529
recommendation,ssp585,2087,o3,0.08948623010110013
recommendation,ssp585,2088,o3,0.08740281007355599
recommendation,ssp585,2089,o3,0.08520865822356521
recommendation,ssp585,2090,o3,0.08290719330427088
recommendation,ssp585,2091,o3,0.08049483278019365
recommendation,ssp585,2092,o3,0.07792490684501585
recommendation,ssp585,2093,o3,0.07522475824963337
recommendation,ssp585,2094,o3,0.07242395676790536
recommendation,ssp585,2095,o3,0.06957040532447573
recommendation,ssp585,2096,o3,0.06670144457490779
recommendation,ssp585,2097,o3,0.06383534769138821
recommendation,ssp585,2098,o3,0.060984771068067545
recommendation,ssp585,2099,o3,0.05814720092223591
recommendation,ssp585,2100,o3,0.0553209098524145
recommendation,ssp370,2019,o3,0.0
recommendation,ssp370,2020,o3,0.001970733851895945
recommendation,ssp370,2021,o3,0.005148218464644361
recommendation,ssp370,2022,o3,0.008244756600507053
recommendation,ssp370,2023,o3,0.011284004966789607
recommendation,ssp370,2024,o3,0.014296033122562557
recommendation,ssp370,2025,o3,0.01730373798600049
recommendation,ssp370,2026,o3,0.020327620840737914
recommendation,ssp370,2027,o3,0.023389246227510818
recommendation,ssp370,2028,o3,0.026500882142605653
recommendation,ssp370,2029,o3,0.02966830214732391
recommendation,ssp370,2030,o3,0.03288265317582578
recommendation,ssp370,2031,o3,0.03614130115324554
recommendation,ssp370,2032,o3,0.039404690447978064
recommendation,ssp370,2033,o3,0.04266899403095864
recommendation,ssp370,2034,o3,0.045921373249806385
recommendation,ssp370,2035,o3,0.049145138614649087
recommendation,ssp370,2036,o3,0.05232434604734337
recommendation,ssp370,2037,o3,0.055474432700808485
recommendation,ssp370,2038,o3,0.058597540902684486
recommendation,ssp370,2039,o3,0.06171711503691407
recommendation,ssp370,2040,o3,0.06483465706865399
recommendation,ssp370,2041,o3,0.0679647606379079
recommendation,ssp370,2042,o3,0.07105188352463077
recommendation,ssp370,2043,o3,0.07410897564478236
recommendation,ssp370,2044,o3,0.07713445250840695
recommendation,ssp370,2045,o3,0.08012572441847626
recommendation,ssp370,2046,o3,0.08307766002132894
recommendation,ssp370,2047,o3,0.08597599487617685
recommendation,ssp370,2048,o3,0.08882402487331792
recommendation,ssp370,2049,o3,0.09162527894620831
recommendation,ssp370,2050,o3,0.09439977037017055
recommendation,ssp370,2051,o3,0.09717417747882118
recommendation,ssp370,2052,o3,0.09987413027341563
recommendation,ssp370,2053,o3,0.10251996725315005
recommendation,ssp370,2054,o3,0.10512530987547003
recommendation,ssp370,2055,o3,0.10769827551110933
recommendation,ssp370,2056,o3,0.11023687376945762
recommendation,ssp370,2057,o3,0.11273246743746845
recommendation,ssp370,2058,o3,0.1151811885519049
recommendation,ssp370,2059,o3,0.11760011909770629
recommendation,ssp370,2060,o3,0.11999751883233722
recommendation,ssp370,2061,o3,0.12238062572054265
recommendation,ssp370,2062,o3,0.12477655834870466
recommendation,ssp370,2063,o3,0.12719053428008825
recommendation,ssp370,2064,o3,0.12962118550232116
recommendation,ssp370,2065,o3,0.13206132165091566
recommendation,ssp370,2066,o3,0.13450416592488534
recommendation,ssp370,2067,o3,0.13694099497762302
recommendation,ssp370,2068,o3,0.13935446954105551
recommendation,ssp370,2069,o3,0.1417387999118287
recommendation,ssp370,2070,o3,0.14410082515680817
recommendation,ssp370,2071,o3,0.14645696398718788
recommendation,ssp370,2072,o3,0.1488241964598605
recommendation,ssp370,2073,o3,0.15121293151804333
recommendation,ssp370,2074,o3,0.1536201513267363
recommendation,ssp370,2075,o3,0.1560414790234435
recommendation,ssp370,2076,o3,0.15847545819457864
recommendation,ssp370,2077,o3,0.16091652664157885
recommendation,ssp370,2078,o3,0.16336098218982403
recommendation,ssp370,2079,o3,0.16579996111680767
recommendation,ssp370,2080,o3,0.1682219891195187
recommendation,ssp370,2081,o3,0.17062163881340142
recommendation,ssp370,2082,o3,0.17305861958701052
recommendation,ssp370,2083,o3,0.1755260570878036
recommendation,ssp370,2084,o3,0.17801653201095868
recommendation,ssp370,2085,o3,0.18053020229136496
recommendation,ssp370,2086,o3,0.18305908239306384
recommendation,ssp370,2087,o3,0.1856051381967181
recommendation,ssp370,2088,o3,0.18816053449040943
recommendation,ssp370,2089,o3,0.1907129309993742
recommendation,ssp370,2090,o3,0.1932529370116544
recommendation,ssp370,2091,o3,0.19576652485471346
recommendation,ssp370,2092,o3,0.19823833386735173
recommendation,ssp370,2093,o3,0.20066652982087707
recommendation,ssp370,2094,o3,0.20304849871899633
recommendation,ssp370,2095,o3,0.20540949507012735
recommendation,ssp370,2096,o3,0.20776964452726243
recommendation,ssp370,2097,o3,0.21013662229406743
recommendation,ssp370,2098,o3,0.21251371464713442
recommendation,ssp370,2099,o3,0.2148935550122148
recommendation,ssp370,2100,o3,0.21727090745536193
recommendation,ssp370-lowNTCF-aerchemmip,2019,o3,0.0
recommendation,ssp370-lowNTCF-aerchemmip,2020,o3,0.001970733851895945
recommendation,ssp370-lowNTCF-aerchemmip,2021,o3,0.0031483652839406073
recommendation,ssp370-lowNTCF-aerchemmip,2022,o3,0.004207205774502648
recommendation,ssp370-lowNTCF-aerchemmip,2023,o3,0.005178502774244004
recommendation,ssp370-lowNTCF-aerchemmip,2024,o3,0.006098443733335651
recommendation,ssp370-lowNTCF-aerchemmip,2025,o3,0.00699433744102837
recommendation,ssp370-lowNTCF-aerchemmip,2026,o3,0.007890171726920248
recommendation,ssp370-lowNTCF-aerchemmip,2027,o3,0.008810362420338752
recommendation,ssp370-lowNTCF-aerchemmip,2028,o3,0.009768940374731555
recommendation,ssp370-lowNTCF-aerchemmip,2029,o3,0.010773038030576582
recommendation,ssp370-lowNTCF-aerchemmip,2030,o3,0.011814850211590455
recommendation,ssp370-lowNTCF-aerchemmip,2031,o3,0.012892647585445394
recommendation,ssp370-lowNTCF-aerchemmip,2032,o3,0.014083955487820987
recommendation,ssp370-lowNTCF-aerchemmip,2033,o3,0.015354973976867858
recommendation,ssp370-lowNTCF-aerchemmip,2034,o3,0.016670928905985982
recommendation,ssp370-lowNTCF-aerchemmip,2035,o3,0.017999069693942493
recommendation,ssp370-lowNTCF-aerchemmip,2036,o3,0.019311416106228996
recommendation,ssp370-lowNTCF-aerchemmip,2037,o3,0.0206144108102827
recommendation,ssp370-lowNTCF-aerchemmip,2038,o3,0.021903945572767425
recommendation,ssp370-lowNTCF-aerchemmip,2039,o3,0.02319871075843044
recommendation,ssp370-lowNTCF-aerchemmip,2040,o3,0.024496663182758394
recommendation,ssp370-lowNTCF-aerchemmip,2041,o3,0.025809843603634586
recommendation,ssp370-lowNTCF-aerchemmip,2042,o3,0.027014585644017652
recommendation,ssp370-lowNTCF-aerchemmip,2043,o3,0.028136417600671038
recommendation,ssp370-lowNTCF-aerchemmip,2044,o3,0.029183715320626302
recommendation,ssp370-lowNTCF-aerchemmip,2045,o3,0.030162045189182973
recommendation,ssp370-lowNTCF-aerchemmip,2046,o3,0.031072781785912718
recommendation,ssp370-lowNTCF-aerchemmip,2047,o3,0.03190637663851592
recommendation,ssp370-lowNTCF-aerchemmip,2048,o3,0.0326700249889304
recommendation,ssp370-lowNTCF-aerchemmip,2049,o3,0.03337039601781372
recommendation,ssp370-lowNTCF-aerchemmip,2050,o3,0.034030097759242595
recommendation,ssp370-lowNTCF-aerchemmip,2051,o3,0.034677649535136634
recommendation,ssp370-lowNTCF-aerchemmip,2052,o3,0.03575711836909079
recommendation,ssp370-lowNTCF-aerchemmip,2053,o3,0.037170640241987685
recommendation,ssp370-lowNTCF-aerchemmip,2054,o3,0.0388405263007352
recommendation,ssp370-lowNTCF-aerchemmip,2055,o3,0.040704559414399266
recommendation,ssp370-lowNTCF-aerchemmip,2056,o3,0.04270668203881167
recommendation,ssp370-lowNTCF-aerchemmip,2057,o3,0.044796972044817474
recommendation,ssp370-lowNTCF-aerchemmip,2058,o3,0.04693991087255944
recommendation,ssp370-lowNTCF-aerchemmip,2059,o3,0.04912855342535183
recommendation,ssp370-lowNTCF-aerchemmip,2060,o3,0.05135311598590453
recommendation,ssp370-lowNTCF-aerchemmip,2061,o3,0.05360687284430893
recommendation,ssp370-lowNTCF-aerchemmip,2062,o3,0.055896318179878834
recommendation,ssp370-lowNTCF-aerchemmip,2063,o3,0.05822165185980732
recommendation,ssp370-lowNTCF-aerchemmip,2064,o3,0.06057745238907358
recommendation,ssp370-lowNTCF-aerchemmip,2065,o3,0.06295354873922238
recommendation,ssp370-lowNTCF-aerchemmip,2066,o3,0.06534081355941584
recommendation,ssp370-lowNTCF-aerchemmip,2067,o3,0.06772877505210939
recommendation,ssp370-lowNTCF-aerchemmip,2068,o3,0.0700985668551683
recommendation,ssp370-lowNTCF-aerchemmip,2069,o3,0.07244333863931174
recommendation,ssp370-lowNTCF-aerchemmip,2070,o3,0.07476912657980794
recommendation,ssp370-lowNTCF-aerchemmip,2071,o3,0.07709165863901496
recommendation,ssp370-lowNTCF-aerchemmip,2072,o3,0.07942938451151338
recommendation,ssp370-lowNTCF-aerchemmip,2073,o3,0.0817920862851984
recommendation,ssp370-lowNTCF-aerchemmip,2074,o3,0.08417618713746183
recommendation,ssp370-lowNTCF-aerchemmip,2075,o3,0.08657673653558273
recommendation,ssp370-lowNTCF-aerchemmip,2076,o3,0.08899187478172704
recommendation,ssp370-lowNTCF-aerchemmip,2077,o3,0.09141577879959939
recommendation,ssp370-lowNTCF-aerchemmip,2078,o3,0.09384457616329034
recommendation,ssp370-lowNTCF-aerchemmip,2079,o3,0.0962691807221921
recommendation,ssp370-lowNTCF-aerchemmip,2080,o3,0.09867798296111652
recommendation,ssp370-lowNTCF-aerchemmip,2081,o3,0.10106542308132849
recommendation,ssp370-lowNTCF-aerchemmip,2082,o3,0.10344782812267822
recommendation,ssp370-lowNTCF-aerchemmip,2083,o3,0.10582927551678056
recommendation,ssp370-lowNTCF-aerchemmip,2084,o3,0.10821050765174545
recommendation,ssp370-lowNTCF-aerchemmip,2085,o3,0.11059770397684099
recommendation,ssp370-lowNTCF-aerchemmip,2086,o3,0.1129873650664423
recommendation,ssp370-lowNTCF-aerchemmip,2087,o3,0.1153847800052068
recommendation,ssp370-lowNTCF-aerchemmip,2088,o3,0.1177845334519565
recommendation,ssp370-lowNTCF-aerchemmip,2089,o3,0.12017613590241977
recommendation,ssp370-lowNTCF-aerchemmip,2090,o3,0.12255159829855461
recommendation,ssp370-lowNTCF-aerchemmip,2091,o3,0.12489801759659125
recommendation,ssp370-lowNTCF-aerchemmip,2092,o3,0.12719600321342361
recommendation,ssp370-lowNTCF-aerchemmip,2093,o3,0.12944649960022225
recommendation,ssp370-lowNTCF-aerchemmip,2094,o3,0.1316486778146025
recommendation,ssp370-lowNTCF-aerchemmip,2095,o3,0.13382883070044993
recommendation,ssp370-lowNTCF-aerchemmip,2096,o3,0.13600781914538906
recommendation,ssp370-lowNTCF-aerchemmip,2097,o3,0.13819365668990768
recommendation,ssp370-lowNTCF-aerchemmip,2098,o3,0.14038993476578931
recommendation,ssp370-lowNTCF-aerchemmip,2099,o3,0.14258938917586617
recommendation,ssp370-lowNTCF-aerchemmip,2100,o3,0.14478681738317478
recommendation,ssp126,2019,o3,0.0
recommendation,ssp126,2020,o3,0.001970733851895945
recommendation,ssp126,2021,o3,-0.0009767926843488595
recommendation,ssp126,2022,o3,-0.0038039879153531075
recommendation,ssp126,2023,o3,-0.006602387323460079
recommendation,ssp126,2024,o3,-0.009409302327928165
recommendation,ssp126,2025,o3,-0.012253267226463055
recommendation,ssp126,2026,o3,-0.015150540796584594
recommendation,ssp126,2027,o3,-0.018104892170657805
recommendation,ssp126,2028,o3,-0.021120288080785254
recommendation,ssp126,2029,o3,-0.024201693711979555
recommendation,ssp126,2030,o3,-0.027363158122515857
recommendation,ssp126,2031,o3,-0.030609136229735545
recommendation,ssp126,2032,o3,-0.03345350964202809
recommendation,ssp126,2033,o3,-0.03601253467195065
recommendation,ssp126,2034,o3,-0.03837247544242775
recommendation,ssp126,2035,o3,-0.040605175241916924
recommendation,ssp126,2036,o3,-0.04276940506453536
recommendation,ssp126,2037,o3,-0.04488089570535475
recommendation,ssp126,2038,o3,-0.046961824655235046
recommendation,ssp126,2039,o3,-0.049006596622620274
recommendation,ssp126,2040,o3,-0.05102679765625043
recommendation,ssp126,2041,o3,-0.05301728260064975
recommendation,ssp126,2042,o3,-0.05500201465743548
recommendation,ssp126,2043,o3,-0.05697868883796789
recommendation,ssp126,2044,o3,-0.05895410626363734
recommendation,ssp126,2045,o3,-0.06093188936052171
recommendation,ssp126,2046,o3,-0.06291739096256826
recommendation,ssp126,2047,o3,-0.06492630224618123
recommendation,ssp126,2048,o3,-0.06695622520515554
recommendation,ssp126,2049,o3,-0.06900548355696737
recommendation,ssp126,2050,o3,-0.07105603633210064
recommendation,ssp126,2051,o3,-0.07308287149168785
recommendation,ssp126,2052,o3,-0.07492151493576438
recommendation,ssp126,2053,o3,-0.0766092503792693
recommendation,ssp126,2054,o3,-0.07817530659618
recommendation,ssp126,2055,o3,-0.07964532780923306
recommendation,ssp126,2056,o3,-0.08104842341787646
recommendation,ssp126,2057,o3,-0.08241414263001676
recommendation,ssp126,2058,o3,-0.08376230513615143
recommendation,ssp126,2059,o3,-0.08508834304461119
recommendation,ssp126,2060,o3,-0.08639301645828237
recommendation,ssp126,2061,o3,-0.08767707792265877
recommendation,ssp126,2062,o3,-0.08892406964833782
recommendation,ssp126,2063,o3,-0.09013234363041014
recommendation,ssp126,2064,o3,-0.09130764371721145
recommendation,ssp126,2065,o3,-0.09246147046719971
recommendation,ssp126,2066,o3,-0.09360311723439738
recommendation,ssp126,2067,o3,-0.09474408884090832
recommendation,ssp126,2068,o3,-0.09590380737523455
recommendation,ssp126,2069,o3,-0.09708889098470785
recommendation,ssp126,2070,o3,-0.0982939012679131
recommendation,ssp126,2071,o3,-0.09950265992705537
recommendation,ssp126,2072,o3,-0.10073598299388148
recommendation,ssp126,2073,o3,-0.10197521088697448
recommendation,ssp126,2074,o3,-0.10321887938953228
recommendation,ssp126,2075,o3,-0.10446789156464792
recommendation,ssp126,2076,o3,-0.10572005605813448
recommendation,ssp126,2077,o3,-0.10697811724138734
recommendation,ssp126,2078,o3,-0.10824397789683221
recommendation,ssp126,2079,o3,-0.10952438282700316
recommendation,ssp126,2080,o3,-0.11082900543729522
recommendation,ssp126,2081,o3,-0.11216182948940912
recommendation,ssp126,2082,o3,-0.11345332918911646
recommendation,ssp126,2083,o3,-0.11470095974261191
recommendation,ssp126,2084,o3,-0.11589566621347974
recommendation,ssp126,2085,o3,-0.11702596563506684
recommendation,ssp126,2086,o3,-0.11809302623943045
recommendation,ssp126,2087,o3,-0.11909067653500702
recommendation,ssp126,2088,o3,-0.12002464007092338
recommendation,ssp126,2089,o3,-0.12090713298629366
recommendation,ssp126,2090,o3,-0.12174809650066903
recommendation,ssp126,2091,o3,-0.12256289084702818
recommendation,ssp126,2092,o3,-0.1233604901761843
recommendation,ssp126,2093,o3,-0.12414600990970809
recommendation,ssp126,2094,o3,-0.124926290459052
recommendation,ssp126,2095,o3,-0.12568155286840682
recommendation,ssp126,2096,o3,-0.12639606522935223
recommendation,ssp126,2097,o3,-0.12706749815879684
recommendation,ssp126,2098,o3,-0.12769547675585152
recommendation,ssp126,2099,o3,-0.12829143774134227
recommendation,ssp126,2100,o3,-0.1288631258959523
recommendation,ssp245,2019,o3,0.0
recommendation,ssp245,2020,o3,0.001970733851895945
recommendation,ssp245,2021,o3,0.0014041447155678233
recommendation,ssp245,2022,o3,0.001338597715455886
recommendation,ssp245,2023,o3,0.0016260396074563588
recommendation,ssp245,2024,o3,0.0021617082182973646
recommendation,ssp245,2025,o3,0.002880910119014146
recommendation,ssp245,2026,o3,0.0037425033632788873
recommendation,ssp245,2027,o3,0.004722662023192298
recommendation,ssp245,2028,o3,0.00580060674872801
recommendation,ssp245,2029,o3,0.006957588395956726
recommendation,ssp245,2030,o3,0.008167238295509444
recommendation,ssp245,2031,o3,0.009414221842208997
recommendation,ssp245,2032,o3,0.010550546691978857
recommendation,ssp245,2033,o3,0.011581319345641827
recommendation,ssp245,2034,o3,0.012498025433789528
recommendation,ssp245,2035,o3,0.01328683684034479
recommendation,ssp245,2036,o3,0.013934892673528432
recommendation,ssp245,2037,o3,0.014462371709071165
recommendation,ssp245,2038,o3,0.014875800955168966
recommendation,ssp245,2039,o3,0.015203843629615743
recommendation,ssp245,2040,o3,0.015452950196509663
recommendation,ssp245,2041,o3,0.01564251963550284
recommendation,ssp245,2042,o3,0.015801763907847766
recommendation,ssp245,2043,o3,0.015922556793304343
recommendation,ssp245,2044,o3,0.015984055909425143
recommendation,ssp245,2045,o3,0.015969006493663895
recommendation,ssp245,2046,o3,0.015862707083161898
recommendation,ssp245,2047,o3,0.01564478515186757
recommendation,ssp245,2048,o3,0.015315576426286559
recommendation,ssp245,2049,o3,0.014877314288735954
recommendation,ssp245,2050,o3,0.014350425695748681
recommendation,ssp245,2051,o3,0.013763093788853042
recommendation,ssp245,2052,o3,0.01313889911245053
recommendation,ssp245,2053,o3,0.012481306487523436
recommendation,ssp245,2054,o3,0.011789373986888979
recommendation,ssp245,2055,o3,0.011057063811936718
recommendation,ssp245,2056,o3,0.010270532370029978
recommendation,ssp245,2057,o3,0.00941287916391953
recommendation,ssp245,2058,o3,0.008474499950110348
recommendation,ssp245,2059,o3,0.007468569882699061
recommendation,ssp245,2060,o3,0.006402319589228933
recommendation,ssp245,2061,o3,0.005281624364264381
recommendation,ssp245,2062,o3,0.0041209861273995285
recommendation,ssp245,2063,o3,0.0029366852273597366
recommendation,ssp245,2064,o3,0.0017420905162930378
recommendation,ssp245,2065,o3,0.000540059735553905
recommendation,ssp245,2066,o3,-0.0006682572985109991
recommendation,ssp245,2067,o3,-0.0018865909562796046
recommendation,ssp245,2068,o3,-0.0031290339232055986
recommendation,ssp245,2069,o3,-0.0043986945903980446
recommendation,ssp245,2070,o3,-0.005687203515911288
recommendation,ssp245,2071,o3,-0.006976943167025296
recommendation,ssp245,2072,o3,-0.008196262403818239
recommendation,ssp245,2073,o3,-0.00934798132201664
recommendation,ssp245,2074,o3,-0.010446997811851655
recommendation,ssp245,2075,o3,-0.011509194377550935
recommendation,ssp245,2076,o3,-0.012544305592171484
recommendation,ssp245,2077,o3,-0.013565222750929584
recommendation,ssp245,2078,o3,-0.014579854374953127
recommendation,ssp245,2079,o3,-0.015600600823946126
recommendation,ssp245,2080,o3,-0.016640829607415975
recommendation,ssp245,2081,o3,-0.01770780112488382
recommendation,ssp245,2082,o3,-0.018805675915628456
recommendation,ssp245,2083,o3,-0.0199232456347479
recommendation,ssp245,2084,o3,-0.02104852387685449
recommendation,ssp245,2085,o3,-0.022162338476590493
recommendation,ssp245,2086,o3,-0.023258523176919593
recommendation,ssp245,2087,o3,-0.024324611057148032
recommendation,ssp245,2088,o3,-0.025360785798280328
recommendation,ssp245,2089,o3,-0.026375576061038714
recommendation,ssp245,2090,o3,-0.027374670271144708
recommendation,ssp245,2091,o3,-0.028370966908970507
recommendation,ssp245,2092,o3,-0.029317163006847696
recommendation,ssp245,2093,o3,-0.03022609232979656
recommendation,ssp245,2094,o3,-0.031110693879565887
recommendation,ssp245,2095,o3,-0.031955088608124155
recommendation,ssp245,2096,o3,-0.03274731068384046
recommendation,ssp245,2097,o3,-0.033487415724151676
recommendation,ssp245,2098,o3,-0.03417745412555123
recommendation,ssp245,2099,o3,-0.03482998525725159
recommendation,ssp245,2100,o3,-0.0354545793340002
recommendation,ssp434,2019,o3,0.0
recommendation,ssp434,2020,o3,0.001970733851895945
recommendation,ssp434,2021,o3,0.003651356500266517
recommendation,ssp434,2022,o3,0.005513328386643146
recommendation,ssp434,2023,o3,0.007473307020819359
recommendation,ssp434,2024,o3,0.00941988485883713
recommendation,ssp434,2025,o3,0.011293920792675077
recommendation,ssp434,2026,o3,0.013065016646559818
recommendation,ssp434,2027,o3,0.014722910776928444
recommendation,ssp434,2028,o3,0.01626184606103953
recommendation,ssp434,2029,o3,0.017677302219636426
recommendation,ssp434,2030,o3,0.018956958746049968
recommendation,ssp434,2031,o3,0.020099044339865202
recommendation,ssp434,2032,o3,0.021084249703888336
recommendation,ssp434,2033,o3,0.021940175149268493
recommendation,ssp434,2034,o3,0.022707772422330186
recommendation,ssp434,2035,o3,0.023409572285325086
recommendation,ssp434,2036,o3,0.024056760404659927
recommendation,ssp434,2037,o3,0.024684038649145146
recommendation,ssp434,2038,o3,0.025306982428530467
recommendation,ssp434,2039,o3,0.025958071692862072
recommendation,ssp434,2040,o3,0.026644698011091372
recommendation,ssp434,2041,o3,0.027384588167094104
recommendation,ssp434,2042,o3,0.028137234984392523
recommendation,ssp434,2043,o3,0.028906687314091295
recommendation,ssp434,2044,o3,0.029678747651471438
recommendation,ssp434,2045,o3,0.030440203216247186
recommendation,ssp434,2046,o3,0.03117830747670458
recommendation,ssp434,2047,o3,0.03187280611345239
recommendation,ssp434,2048,o3,0.03252364371849448
recommendation,ssp434,2049,o3,0.03313108677939991
recommendation,ssp434,2050,o3,0.03371351311957893
recommendation,ssp434,2051,o3,0.03429684991218229
recommendation,ssp434,2052,o3,0.03497949717243798
recommendation,ssp434,2053,o3,0.035740928614521716
recommendation,ssp434,2054,o3,0.036560887620697646
recommendation,ssp434,2055,o3,0.03741923807750286
recommendation,ssp434,2056,o3,0.038291364735068945
recommendation,ssp434,2057,o3,0.03915235245527543
recommendation,ssp434,2058,o3,0.03998549946896973
recommendation,ssp434,2059,o3,0.040798783722243714
recommendation,ssp434,2060,o3,0.04159460317298774
recommendation,ssp434,2061,o3,0.04237513881956906
recommendation,ssp434,2062,o3,0.04326095624255588
recommendation,ssp434,2063,o3,0.044232259374301086
recommendation,ssp434,2064,o3,0.04526748497740646
recommendation,ssp434,2065,o3,0.046343120903231616
recommendation,ssp434,2066,o3,0.04744025652541928
recommendation,ssp434,2067,o3,0.0485415187647768
recommendation,ssp434,2068,o3,0.04962302314677941
recommendation,ssp434,2069,o3,0.05067498768724776
recommendation,ssp434,2070,o3,0.051700765920313085
recommendation,ssp434,2071,o3,0.052715548907407594
recommendation,ssp434,2072,o3,0.05362795717805524
recommendation,ssp434,2073,o3,0.054470516799079105
recommendation,ssp434,2074,o3,0.05525248521508941
recommendation,ssp434,2075,o3,0.05597947322440289
recommendation,ssp434,2076,o3,0.05665864114920793
recommendation,ssp434,2077,o3,0.05729134577018713
recommendation,ssp434,2078,o3,0.057880075514414986
recommendation,ssp434,2079,o3,0.058421093449027406
recommendation,ssp434,2080,o3,0.05890765274122328
recommendation,ssp434,2081,o3,0.059338372753544644
recommendation,ssp434,2082,o3,0.05954577654854548
recommendation,ssp434,2083,o3,0.05957868590358384
recommendation,ssp434,2084,o3,0.059469242588856275
recommendation,ssp434,2085,o3,0.059249620293305716
recommendation,ssp434,2086,o3,0.058937321979107116
recommendation,ssp434,2087,o3,0.05855414657449731
recommendation,ssp434,2088,o3,0.05810875764000717
recommendation,ssp434,2089,o3,0.05760041256846554
recommendation,ssp434,2090,o3,0.05703017041340114
recommendation,ssp434,2091,o3,0.05639204069473658
recommendation,ssp434,2092,o3,0.05572902652214495
recommendation,ssp434,2093,o3,0.055034420657225525
recommendation,ssp434,2094,o3,0.054302196447233664
recommendation,ssp434,2095,o3,0.053553525769862054
recommendation,ssp434,2096,o3,0.05280607201337201
recommendation,ssp434,2097,o3,0.05206453655523502
recommendation,ssp434,2098,o3,0.05133134259587824
recommendation,ssp434,2099,o3,0.050598124996284743
recommendation,ssp434,2100,o3,0.049858549230624716
recommendation,ssp370-lowNTCF-gidden,2019,o3,0.0
recommendation,ssp370-lowNTCF-gidden,2020,o3,0.001970733851895945
recommendation,ssp370-lowNTCF-gidden,2021,o3,0.0030147509923684757
recommendation,ssp370-lowNTCF-gidden,2022,o3,0.003907536030288011
recommendation,ssp370-lowNTCF-gidden,2023,o3,0.004596266212861633
recommendation,ssp370-lowNTCF-gidden,2024,o3,0.004980099627409029
recommendation,ssp370-lowNTCF-gidden,2025,o3,0.0049992477315677075
recommendation,ssp370-lowNTCF-gidden,2026,o3,0.004624472993490308
recommendation,ssp370-lowNTCF-gidden,2027,o3,0.003851004795637075
recommendation,ssp370-lowNTCF-gidden,2028,o3,0.002681052191894129
recommendation,ssp370-lowNTCF-gidden,2029,o3,0.001120544265825557
recommendation,ssp370-lowNTCF-gidden,2030,o3,-0.0008313174655343036
recommendation,ssp370-lowNTCF-gidden,2031,o3,-0.0031630848340402085
recommendation,ssp370-lowNTCF-gidden,2032,o3,-0.005781086742652458
recommendation,ssp370-lowNTCF-gidden,2033,o3,-0.008647509967517897
recommendation,ssp370-lowNTCF-gidden,2034,o3,-0.011690309942220423
recommendation,ssp370-lowNTCF-gidden,2035,o3,-0.014866581958247832
recommendation,ssp370-lowNTCF-gidden,2036,o3,-0.018151004473181187
recommendation,ssp370-lowNTCF-gidden,2037,o3,-0.021498327006526513
recommendation,ssp370-lowNTCF-gidden,2038,o3,-0.024885571405592555
recommendation,ssp370-lowNTCF-gidden,2039,o3,-0.028274465377914393
recommendation,ssp370-lowNTCF-gidden,2040,o3,-0.031653507418056726
recommendation,ssp370-lowNTCF-gidden,2041,o3,-0.03500115995163705
recommendation,ssp370-lowNTCF-gidden,2042,o3,-0.03843509235543929
recommendation,ssp370-lowNTCF-gidden,2043,o3,-0.0419087239296371
recommendation,ssp370-lowNTCF-gidden,2044,o3,-0.04538215254901773
recommendation,ssp370-lowNTCF-gidden,2045,o3,-0.048830680483589795
recommendation,ssp370-lowNTCF-gidden,2046,o3,-0.05224087970973193
recommendation,ssp370-lowNTCF-gidden,2047,o3,-0.05561663870665104
recommendation,ssp370-lowNTCF-gidden,2048,o3,-0.05894888612232585
recommendation,ssp370-lowNTCF-gidden,2049,o3,-0.0622320998941229
recommendation,ssp370-lowNTCF-gidden,2050,o3,-0.06544670185936163
recommendation,ssp370-lowNTCF-gidden,2051,o3,-0.0685678312511312
recommendation,ssp370-lowNTCF-gidden,2052,o3,-0.07115643563636687
recommendation,ssp370-lowNTCF-gidden,2053,o3,-0.07331177141186518
recommendation,ssp370-lowNTCF-gidden,2054,o3,-0.07511072603097949
recommendation,ssp370-lowNTCF-gidden,2055,o3,-0.07661871733787712
recommendation,ssp370-lowNTCF-gidden,2056,o3,-0.07789682799394954
recommendation,ssp370-lowNTCF-gidden,2057,o3,-0.079000111161872
recommendation,ssp370-lowNTCF-gidden,2058,o3,-0.07996945182986107
recommendation,ssp370-lowNTCF-gidden,2059,o3,-0.0808167633722767
recommendation,ssp370-lowNTCF-gidden,2060,o3,-0.08155669359632226
recommendation,ssp370-lowNTCF-gidden,2061,o3,-0.08220113843158788
recommendation,ssp370-lowNTCF-gidden,2062,o3,-0.08274782347925522
recommendation,ssp370-lowNTCF-gidden,2063,o3,-0.08320592134490085
recommendation,ssp370-lowNTCF-gidden,2064,o3,-0.08359219629622655
recommendation,ssp370-lowNTCF-gidden,2065,o3,-0.08392554447276343
recommendation,ssp370-lowNTCF-gidden,2066,o3,-0.08422156375432974
recommendation,ssp370-lowNTCF-gidden,2067,o3,-0.08449589189256385
recommendation,ssp370-lowNTCF-gidden,2068,o3,-0.08477084929309026
recommendation,ssp370-lowNTCF-gidden,2069,o3,-0.08505558275579947
recommendation,ssp370-lowNTCF-gidden,2070,o3,-0.08534705485314997
recommendation,ssp370-lowNTCF-gidden,2071,o3,-0.0856307880036436
recommendation,ssp370-lowNTCF-gidden,2072,o3,-0.08588964200888743
recommendation,ssp370-lowNTCF-gidden,2073,o3,-0.08610876120676814
recommendation,ssp370-lowNTCF-gidden,2074,o3,-0.08628304816215998
recommendation,ssp370-lowNTCF-gidden,2075,o3,-0.08641171710316473
recommendation,ssp370-lowNTCF-gidden,2076,o3,-0.0864929867653749
recommendation,ssp370-lowNTCF-gidden,2077,o3,-0.0865319460307708
recommendation,ssp370-lowNTCF-gidden,2078,o3,-0.08653178041974657
recommendation,ssp370-lowNTCF-gidden,2079,o3,-0.0865022132738775
recommendation,ssp370-lowNTCF-gidden,2080,o3,-0.08645576808679484
recommendation,ssp370-lowNTCF-gidden,2081,o3,-0.0863994929982003
recommendation,ssp370-lowNTCF-gidden,2082,o3,-0.0863184678683698
recommendation,ssp370-lowNTCF-gidden,2083,o3,-0.086210057385637
recommendation,ssp370-lowNTCF-gidden,2084,o3,-0.08607528422576097
recommendation,ssp370-lowNTCF-gidden,2085,o3,-0.08590865084363647
recommendation,ssp370-lowNTCF-gidden,2086,o3,-0.08571511003514684
recommendation,ssp370-lowNTCF-gidden,2087,o3,-0.08549018801574165
recommendation,ssp370-lowNTCF-gidden,2088,o3,-0.08523983621250988
recommendation,ssp370-lowNTCF-gidden,2089,o3,-0.08497639591664544
recommendation,ssp370-lowNTCF-gidden,2090,o3,-0.0847086050902949
recommendation,ssp370-lowNTCF-gidden,2091,o3,-0.08445033911566252
recommendation,ssp370-lowNTCF-gidden,2092,o3,-0.08422206404292554
recommendation,ssp370-lowNTCF-gidden,2093,o3,-0.08402163071782165
recommendation,ssp370-lowNTCF-gidden,2094,o3,-0.08384797536010749
recommendation,ssp370-lowNTCF-gidden,2095,o3,-0.0836734147843487
recommendation,ssp370-lowNTCF-gidden,2096,o3,-0.08347661864444694
recommendation,ssp370-lowNTCF-gidden,2097,o3,-0.08325046211782675
recommendation,ssp370-lowNTCF-gidden,2098,o3,-0.08299145967841567
recommendation,ssp370-lowNTCF-gidden,2099,o3,-0.08270786357576485
recommendation,ssp370-lowNTCF-gidden,2100,o3,-0.08240588599078705
