percentile,scenario,year,variable,Delta T
recommendation,ssp534-over,2019,aerosol-total-with_bc-snow,0.0
recommendation,ssp534-over,2020,aerosol-total-with_bc-snow,0.01799884684244113
recommendation,ssp534-over,2021,aerosol-total-with_bc-snow,0.03298989857938206
recommendation,ssp534-over,2022,aerosol-total-with_bc-snow,0.04572519827146526
recommendation,ssp534-over,2023,aerosol-total-with_bc-snow,0.05678843672490952
recommendation,ssp534-over,2024,aerosol-total-with_bc-snow,0.06665602229217382
recommendation,ssp534-over,2025,aerosol-total-with_bc-snow,0.07561558271098623
recommendation,ssp534-over,2026,aerosol-total-with_bc-snow,0.08391177790381543
recommendation,ssp534-over,2027,aerosol-total-with_bc-snow,0.09180467575471707
recommendation,ssp534-over,2028,aerosol-total-with_bc-snow,0.0993624325594481
recommendation,ssp534-over,2029,aerosol-total-with_bc-snow,0.1066894289378747
recommendation,ssp534-over,2030,aerosol-total-with_bc-snow,0.11387810884519145
recommendation,ssp534-over,2031,aerosol-total-with_bc-snow,0.11955098669859399
recommendation,ssp534-over,2032,aerosol-total-with_bc-snow,0.12408664759267396
recommendation,ssp534-over,2033,aerosol-total-with_bc-snow,0.1277698662777481
recommendation,ssp534-over,2034,aerosol-total-with_bc-snow,0.13084479054673726
recommendation,ssp534-over,2035,aerosol-total-with_bc-snow,0.13348236278065762
recommendation,ssp534-over,2036,aerosol-total-with_bc-snow,0.1358011824401968
recommendation,ssp534-over,2037,aerosol-total-with_bc-snow,0.13789586609476695
recommendation,ssp534-over,2038,aerosol-total-with_bc-snow,0.13977206276041448
recommendation,ssp534-over,2039,aerosol-total-with_bc-snow,0.14154759431993696
recommendation,ssp534-over,2040,aerosol-total-with_bc-snow,0.14322137931713547
recommendation,ssp534-over,2041,aerosol-total-with_bc-snow,0.14756660065834365
recommendation,ssp534-over,2042,aerosol-total-with_bc-snow,0.15393182192135663
recommendation,ssp534-over,2043,aerosol-total-with_bc-snow,0.16191238565299315
recommendation,ssp534-over,2044,aerosol-total-with_bc-snow,0.17114563101258762
recommendation,ssp534-over,2045,aerosol-total-with_bc-snow,0.18132288190195794
recommendation,ssp534-over,2046,aerosol-total-with_bc-snow,0.19229606619207162
recommendation,ssp534-over,2047,aerosol-total-with_bc-snow,0.20391318920078305
recommendation,ssp534-over,2048,aerosol-total-with_bc-snow,0.21605301893134676
recommendation,ssp534-over,2049,aerosol-total-with_bc-snow,0.22867851572895148
recommendation,ssp534-over,2050,aerosol-total-with_bc-snow,0.24172749907063867
recommendation,ssp534-over,2051,aerosol-total-with_bc-snow,0.2528023381694332
recommendation,ssp534-over,2052,aerosol-total-with_bc-snow,0.2624071853665293
recommendation,ssp534-over,2053,aerosol-total-with_bc-snow,0.2709300646762073
recommendation,ssp534-over,2054,aerosol-total-with_bc-snow,0.278654747669341
recommendation,ssp534-over,2055,aerosol-total-with_bc-snow,0.285800647095129
recommendation,ssp534-over,2056,aerosol-total-with_bc-snow,0.29253513787285484
recommendation,ssp534-over,2057,aerosol-total-with_bc-snow,0.2989800650129175
recommendation,ssp534-over,2058,aerosol-total-with_bc-snow,0.30521786655049254
recommendation,ssp534-over,2059,aerosol-total-with_bc-snow,0.31131305351234134
recommendation,ssp534-over,2060,aerosol-total-with_bc-snow,0.3173185371285988
recommendation,ssp534-over,2061,aerosol-total-with_bc-snow,0.32248132276929303
recommendation,ssp534-over,2062,aerosol-total-with_bc-snow,0.3270064539804817
recommendation,ssp534-over,2063,aerosol-total-with_bc-snow,0.3310609157170906
recommendation,ssp534-over,2064,aerosol-total-with_bc-snow,0.3347709478672292
recommendation,ssp534-over,2065,aerosol-total-with_bc-snow,0.3382315129860972
recommendation,ssp534-over,2066,aerosol-total-with_bc-snow,0.3415257883232748
recommendation,ssp534-over,2067,aerosol-total-with_bc-snow,0.34469888740793764
recommendation,ssp534-over,2068,aerosol-total-with_bc-snow,0.34779733688870484
recommendation,ssp534-over,2069,aerosol-total-with_bc-snow,0.3508385791591942
recommendation,ssp534-over,2070,aerosol-total-with_bc-snow,0.353834001268776
recommendation,ssp534-over,2071,aerosol-total-with_bc-snow,0.3563845751364253
recommendation,ssp534-over,2072,aerosol-total-with_bc-snow,0.35861298476552966
recommendation,ssp534-over,2073,aerosol-total-with_bc-snow,0.36058940375841586
recommendation,ssp534-over,2074,aerosol-total-with_bc-snow,0.36238619727620935
recommendation,ssp534-over,2075,aerosol-total-with_bc-snow,0.36405595054616596
recommendation,ssp534-over,2076,aerosol-total-with_bc-snow,0.36562423299295665
recommendation,ssp534-over,2077,aerosol-total-with_bc-snow,0.3671262382492519
recommendation,ssp534-over,2078,aerosol-total-with_bc-snow,0.36858493289423183
recommendation,ssp534-over,2079,aerosol-total-with_bc-snow,0.37001467228092905
recommendation,ssp534-over,2080,aerosol-total-with_bc-snow,0.3714132646833672
recommendation,ssp534-over,2081,aerosol-total-with_bc-snow,0.3726226123005756
recommendation,ssp534-over,2082,aerosol-total-with_bc-snow,0.3736974723090235
recommendation,ssp534-over,2083,aerosol-total-with_bc-snow,0.3746665415218525
recommendation,ssp534-over,2084,aerosol-total-with_bc-snow,0.3755600390534878
recommendation,ssp534-over,2085,aerosol-total-with_bc-snow,0.3763883528310515
recommendation,ssp534-over,2086,aerosol-total-with_bc-snow,0.3771787640098338
recommendation,ssp534-over,2087,aerosol-total-with_bc-snow,0.37793326654516396
recommendation,ssp534-over,2088,aerosol-total-with_bc-snow,0.37866285422667695
recommendation,ssp534-over,2089,aerosol-total-with_bc-snow,0.3793738798862102
recommendation,ssp534-over,2090,aerosol-total-with_bc-snow,0.3800644436031132
recommendation,ssp534-over,2091,aerosol-total-with_bc-snow,0.38068319961952346
recommendation,ssp534-over,2092,aerosol-total-with_bc-snow,0.38124319012198754
recommendation,ssp534-over,2093,aerosol-total-with_bc-snow,0.3817644803809017
recommendation,ssp534-over,2094,aerosol-total-with_bc-snow,0.38225791692047406
recommendation,ssp534-over,2095,aerosol-total-with_bc-snow,0.3827297201435571
recommendation,ssp534-over,2096,aerosol-total-with_bc-snow,0.38318732973760683
recommendation,ssp534-over,2097,aerosol-total-with_bc-snow,0.38363650777577574
recommendation,ssp534-over,2098,aerosol-total-with_bc-snow,0.3840784581808627
recommendation,ssp534-over,2099,aerosol-total-with_bc-snow,0.3845104418106967
recommendation,ssp534-over,2100,aerosol-total-with_bc-snow,0.3849311572490604
recommendation,ssp334,2019,aerosol-total-with_bc-snow,0.0
recommendation,ssp334,2020,aerosol-total-with_bc-snow,-0.024987153519067995
recommendation,ssp334,2021,aerosol-total-with_bc-snow,-0.043196970853922934
recommendation,ssp334,2022,aerosol-total-with_bc-snow,-0.05637071087039858
recommendation,ssp334,2023,aerosol-total-with_bc-snow,-0.06574135009823479
recommendation,ssp334,2024,aerosol-total-with_bc-snow,-0.0722852158492725
recommendation,ssp334,2025,aerosol-total-with_bc-snow,-0.07671624177012393
recommendation,ssp334,2026,aerosol-total-with_bc-snow,-0.07957611752460869
recommendation,ssp334,2027,aerosol-total-with_bc-snow,-0.08125669162006288
recommendation,ssp334,2028,aerosol-total-with_bc-snow,-0.08204286808126693
recommendation,ssp334,2029,aerosol-total-with_bc-snow,-0.08216891750969002
recommendation,ssp334,2030,aerosol-total-with_bc-snow,-0.08178934855714393
recommendation,ssp334,2031,aerosol-total-with_bc-snow,-0.0770926575203017
recommendation,ssp334,2032,aerosol-total-with_bc-snow,-0.06910309053599328
recommendation,ssp334,2033,aerosol-total-with_bc-snow,-0.05858957504273499
recommendation,ssp334,2034,aerosol-total-with_bc-snow,-0.04616363238824783
recommendation,ssp334,2035,aerosol-total-with_bc-snow,-0.0321738427757412
recommendation,ssp334,2036,aerosol-total-with_bc-snow,-0.016963636017815364
recommendation,ssp334,2037,aerosol-total-with_bc-snow,-0.0007864570339921606
recommendation,ssp334,2038,aerosol-total-with_bc-snow,0.016207842889230273
recommendation,ssp334,2039,aerosol-total-with_bc-snow,0.03392627371332402
recommendation,ssp334,2040,aerosol-total-with_bc-snow,0.052234055070925156
recommendation,ssp334,2041,aerosol-total-with_bc-snow,0.06738724852848454
recommendation,ssp334,2042,aerosol-total-with_bc-snow,0.0802494766662728
recommendation,ssp334,2043,aerosol-total-with_bc-snow,0.09139949599054664
recommendation,ssp334,2044,aerosol-total-with_bc-snow,0.1012694936498878
recommendation,ssp334,2045,aerosol-total-with_bc-snow,0.11019546251716705
recommendation,ssp334,2046,aerosol-total-with_bc-snow,0.11842997031561908
recommendation,ssp334,2047,aerosol-total-with_bc-snow,0.1261862867181397
recommendation,ssp334,2048,aerosol-total-with_bc-snow,0.13358225121772138
recommendation,ssp334,2049,aerosol-total-with_bc-snow,0.14070246141278941
recommendation,ssp334,2050,aerosol-total-with_bc-snow,0.14766143377892743
recommendation,ssp334,2051,aerosol-total-with_bc-snow,0.1538889310856728
recommendation,ssp334,2052,aerosol-total-with_bc-snow,0.15957249011320518
recommendation,ssp334,2053,aerosol-total-with_bc-snow,0.16486171153625373
recommendation,ssp334,2054,aerosol-total-with_bc-snow,0.16987505148667803
recommendation,ssp334,2055,aerosol-total-with_bc-snow,0.17468977955189485
recommendation,ssp334,2056,aerosol-total-with_bc-snow,0.1793493058445939
recommendation,ssp334,2057,aerosol-total-with_bc-snow,0.18390090622904748
recommendation,ssp334,2058,aerosol-total-with_bc-snow,0.18837959601637544
recommendation,ssp334,2059,aerosol-total-with_bc-snow,0.1927826793504886
recommendation,ssp334,2060,aerosol-total-with_bc-snow,0.19715785961012683
recommendation,ssp334,2061,aerosol-total-with_bc-snow,0.20122361795497057
recommendation,ssp334,2062,aerosol-total-with_bc-snow,0.20505988683685256
recommendation,ssp334,2063,aerosol-total-with_bc-snow,0.2087190290784332
recommendation,ssp334,2064,aerosol-total-with_bc-snow,0.21223133307898906
recommendation,ssp334,2065,aerosol-total-with_bc-snow,0.21566772445549437
recommendation,ssp334,2066,aerosol-total-with_bc-snow,0.2190596620867893
recommendation,ssp334,2067,aerosol-total-with_bc-snow,0.22240107365939688
recommendation,ssp334,2068,aerosol-total-with_bc-snow,0.225715730316711
recommendation,ssp334,2069,aerosol-total-with_bc-snow,0.22901522463575857
recommendation,ssp334,2070,aerosol-total-with_bc-snow,0.23231702917763242
recommendation,ssp334,2071,aerosol-total-with_bc-snow,0.2354099584364367
recommendation,ssp334,2072,aerosol-total-with_bc-snow,0.23835214703768676
recommendation,ssp334,2073,aerosol-total-with_bc-snow,0.24118550054716414
recommendation,ssp334,2074,aerosol-total-with_bc-snow,0.24393777163057911
recommendation,ssp334,2075,aerosol-total-with_bc-snow,0.24663814769264475
recommendation,ssp334,2076,aerosol-total-with_bc-snow,0.24930369127900853
recommendation,ssp334,2077,aerosol-total-with_bc-snow,0.2519413983066839
recommendation,ssp334,2078,aerosol-total-with_bc-snow,0.2545690025036745
recommendation,ssp334,2079,aerosol-total-with_bc-snow,0.2571941923431397
recommendation,ssp334,2080,aerosol-total-with_bc-snow,0.2598142072972397
recommendation,ssp334,2081,aerosol-total-with_bc-snow,0.262328714067045
recommendation,ssp334,2082,aerosol-total-with_bc-snow,0.26476032711903674
recommendation,ssp334,2083,aerosol-total-with_bc-snow,0.2671333090272352
recommendation,ssp334,2084,aerosol-total-with_bc-snow,0.26945535042647684
recommendation,ssp334,2085,aerosol-total-with_bc-snow,0.27174227923474403
recommendation,ssp334,2086,aerosol-total-with_bc-snow,0.2740067535048022
recommendation,ssp334,2087,aerosol-total-with_bc-snow,0.2762658888910419
recommendation,ssp334,2088,aerosol-total-with_bc-snow,0.27852557802539046
recommendation,ssp334,2089,aerosol-total-with_bc-snow,0.28077101059109066
recommendation,ssp334,2090,aerosol-total-with_bc-snow,0.28300866242913275
recommendation,ssp334,2091,aerosol-total-with_bc-snow,0.2851604946519474
recommendation,ssp334,2092,aerosol-total-with_bc-snow,0.28723785948132236
recommendation,ssp334,2093,aerosol-total-with_bc-snow,0.2892711814827456
recommendation,ssp334,2094,aerosol-total-with_bc-snow,0.2912655682038147
recommendation,ssp334,2095,aerosol-total-with_bc-snow,0.29323500371012784
recommendation,ssp334,2096,aerosol-total-with_bc-snow,0.2951935883760129
recommendation,ssp334,2097,aerosol-total-with_bc-snow,0.2971354282793043
recommendation,ssp334,2098,aerosol-total-with_bc-snow,0.2990686860810817
recommendation,ssp334,2099,aerosol-total-with_bc-snow,0.3010052790420881
recommendation,ssp334,2100,aerosol-total-with_bc-snow,0.30294917874359256
recommendation,ssp119,2019,aerosol-total-with_bc-snow,0.0
recommendation,ssp119,2020,aerosol-total-with_bc-snow,0.013059971020076055
recommendation,ssp119,2021,aerosol-total-with_bc-snow,0.027604146025387855
recommendation,ssp119,2022,aerosol-total-with_bc-snow,0.04336299712095615
recommendation,ssp119,2023,aerosol-total-with_bc-snow,0.060091955346932346
recommendation,ssp119,2024,aerosol-total-with_bc-snow,0.07765645773435581
recommendation,ssp119,2025,aerosol-total-with_bc-snow,0.09599739667601304
recommendation,ssp119,2026,aerosol-total-with_bc-snow,0.1149725489622111
recommendation,ssp119,2027,aerosol-total-with_bc-snow,0.13461971270609585
recommendation,ssp119,2028,aerosol-total-with_bc-snow,0.1549084577988727
recommendation,ssp119,2029,aerosol-total-with_bc-snow,0.17580138587258637
recommendation,ssp119,2030,aerosol-total-with_bc-snow,0.19731004577780137
recommendation,ssp119,2031,aerosol-total-with_bc-snow,0.21453790964585306
recommendation,ssp119,2032,aerosol-total-with_bc-snow,0.22858937654424116
recommendation,ssp119,2033,aerosol-total-with_bc-snow,0.24028778137642043
recommendation,ssp119,2034,aerosol-total-with_bc-snow,0.25022823919959464
recommendation,ssp119,2035,aerosol-total-with_bc-snow,0.25887029729824734
recommendation,ssp119,2036,aerosol-total-with_bc-snow,0.26653961650279423
recommendation,ssp119,2037,aerosol-total-with_bc-snow,0.27350371251614686
recommendation,ssp119,2038,aerosol-total-with_bc-snow,0.27996301242669797
recommendation,ssp119,2039,aerosol-total-with_bc-snow,0.2860726075551629
recommendation,ssp119,2040,aerosol-total-with_bc-snow,0.2919003730110815
recommendation,ssp119,2041,aerosol-total-with_bc-snow,0.2969760373487738
recommendation,ssp119,2042,aerosol-total-with_bc-snow,0.3014997754637902
recommendation,ssp119,2043,aerosol-total-with_bc-snow,0.30562953091839756
recommendation,ssp119,2044,aerosol-total-with_bc-snow,0.3094724414090746
recommendation,ssp119,2045,aerosol-total-with_bc-snow,0.3131147545389268
recommendation,ssp119,2046,aerosol-total-with_bc-snow,0.31661588383245665
recommendation,ssp119,2047,aerosol-total-with_bc-snow,0.3200476610229953
recommendation,ssp119,2048,aerosol-total-with_bc-snow,0.3234451097844616
recommendation,ssp119,2049,aerosol-total-with_bc-snow,0.3268255994963007
recommendation,ssp119,2050,aerosol-total-with_bc-snow,0.33024867582526546
recommendation,ssp119,2051,aerosol-total-with_bc-snow,0.33316672695196015
recommendation,ssp119,2052,aerosol-total-with_bc-snow,0.3357046850541358
recommendation,ssp119,2053,aerosol-total-with_bc-snow,0.33796845379270646
recommendation,ssp119,2054,aerosol-total-with_bc-snow,0.340035598593189
recommendation,ssp119,2055,aerosol-total-with_bc-snow,0.3419473283089415
recommendation,ssp119,2056,aerosol-total-with_bc-snow,0.3437440318631598
recommendation,ssp119,2057,aerosol-total-with_bc-snow,0.34546266998034797
recommendation,ssp119,2058,aerosol-total-with_bc-snow,0.34712781084721794
recommendation,ssp119,2059,aerosol-total-with_bc-snow,0.3487565240529676
recommendation,ssp119,2060,aerosol-total-with_bc-snow,0.35036373018896855
recommendation,ssp119,2061,aerosol-total-with_bc-snow,0.35203311647107566
recommendation,ssp119,2062,aerosol-total-with_bc-snow,0.3537462219417337
recommendation,ssp119,2063,aerosol-total-with_bc-snow,0.355492260577947
recommendation,ssp119,2064,aerosol-total-with_bc-snow,0.35725839686485744
recommendation,ssp119,2065,aerosol-total-with_bc-snow,0.35904809937409315
recommendation,ssp119,2066,aerosol-total-with_bc-snow,0.3608484972600603
recommendation,ssp119,2067,aerosol-total-with_bc-snow,0.3626564839649059
recommendation,ssp119,2068,aerosol-total-with_bc-snow,0.36448220953689525
recommendation,ssp119,2069,aerosol-total-with_bc-snow,0.3663293811971886
recommendation,ssp119,2070,aerosol-total-with_bc-snow,0.3681814199408039
recommendation,ssp119,2071,aerosol-total-with_bc-snow,0.3702723091651828
recommendation,ssp119,2072,aerosol-total-with_bc-snow,0.3725483000743652
recommendation,ssp119,2073,aerosol-total-with_bc-snow,0.3749666303290153
recommendation,ssp119,2074,aerosol-total-with_bc-snow,0.3774953380447926
recommendation,ssp119,2075,aerosol-total-with_bc-snow,0.38008857547903174
recommendation,ssp119,2076,aerosol-total-with_bc-snow,0.3827341043331217
recommendation,ssp119,2077,aerosol-total-with_bc-snow,0.3854115048059253
recommendation,ssp119,2078,aerosol-total-with_bc-snow,0.3881216937483033
recommendation,ssp119,2079,aerosol-total-with_bc-snow,0.3908616342921991
recommendation,ssp119,2080,aerosol-total-with_bc-snow,0.3936241427902586
recommendation,ssp119,2081,aerosol-total-with_bc-snow,0.3962646535200872
recommendation,ssp119,2082,aerosol-total-with_bc-snow,0.3988207114556197
recommendation,ssp119,2083,aerosol-total-with_bc-snow,0.40131044982701314
recommendation,ssp119,2084,aerosol-total-with_bc-snow,0.4037638802812026
recommendation,ssp119,2085,aerosol-total-with_bc-snow,0.4061814653172334
recommendation,ssp119,2086,aerosol-total-with_bc-snow,0.40857737064323163
recommendation,ssp119,2087,aerosol-total-with_bc-snow,0.41095278538077296
recommendation,ssp119,2088,aerosol-total-with_bc-snow,0.4133138346939207
recommendation,ssp119,2089,aerosol-total-with_bc-snow,0.4156572624867684
recommendation,ssp119,2090,aerosol-total-with_bc-snow,0.41798913371067636
recommendation,ssp119,2091,aerosol-total-with_bc-snow,0.42047145773791195
recommendation,ssp119,2092,aerosol-total-with_bc-snow,0.42306195590434925
recommendation,ssp119,2093,aerosol-total-with_bc-snow,0.4257321697082609
recommendation,ssp119,2094,aerosol-total-with_bc-snow,0.42846863664748785
recommendation,ssp119,2095,aerosol-total-with_bc-snow,0.4312470835903285
recommendation,ssp119,2096,aerosol-total-with_bc-snow,0.43404650737816636
recommendation,ssp119,2097,aerosol-total-with_bc-snow,0.43685099859780885
recommendation,ssp119,2098,aerosol-total-with_bc-snow,0.43966629881310837
recommendation,ssp119,2099,aerosol-total-with_bc-snow,0.4424758621033033
recommendation,ssp119,2100,aerosol-total-with_bc-snow,0.44527568407656987
recommendation,ssp460,2019,aerosol-total-with_bc-snow,0.0
recommendation,ssp460,2020,aerosol-total-with_bc-snow,0.000961063498379322
recommendation,ssp460,2021,aerosol-total-with_bc-snow,0.0014459928114821663
recommendation,ssp460,2022,aerosol-total-with_bc-snow,0.0015737446927279741
recommendation,ssp460,2023,aerosol-total-with_bc-snow,0.001446107206495073
recommendation,ssp460,2024,aerosol-total-with_bc-snow,0.0011485374534715431
recommendation,ssp460,2025,aerosol-total-with_bc-snow,0.0006882345050622796
recommendation,ssp460,2026,aerosol-total-with_bc-snow,0.00013101061530662594
recommendation,ssp460,2027,aerosol-total-with_bc-snow,-0.0005056635949908239
recommendation,ssp460,2028,aerosol-total-with_bc-snow,-0.0012232139497356798
recommendation,ssp460,2029,aerosol-total-with_bc-snow,-0.0019862726965330646
recommendation,ssp460,2030,aerosol-total-with_bc-snow,-0.002790011294005912
recommendation,ssp460,2031,aerosol-total-with_bc-snow,-0.0034083724071699573
recommendation,ssp460,2032,aerosol-total-with_bc-snow,-0.0038567062153539444
recommendation,ssp460,2033,aerosol-total-with_bc-snow,-0.004211303901467067
recommendation,ssp460,2034,aerosol-total-with_bc-snow,-0.004482143552980489
recommendation,ssp460,2035,aerosol-total-with_bc-snow,-0.004666825207791381
recommendation,ssp460,2036,aerosol-total-with_bc-snow,-0.004796374169375173
recommendation,ssp460,2037,aerosol-total-with_bc-snow,-0.004879589048763178
recommendation,ssp460,2038,aerosol-total-with_bc-snow,-0.004942773361896413
recommendation,ssp460,2039,aerosol-total-with_bc-snow,-0.004997890384950132
recommendation,ssp460,2040,aerosol-total-with_bc-snow,-0.005024874149394898
recommendation,ssp460,2041,aerosol-total-with_bc-snow,-0.004729570592654553
recommendation,ssp460,2042,aerosol-total-with_bc-snow,-0.004188821431336032
recommendation,ssp460,2043,aerosol-total-with_bc-snow,-0.0034476045332547667
recommendation,ssp460,2044,aerosol-total-with_bc-snow,-0.002563939130132975
recommendation,ssp460,2045,aerosol-total-with_bc-snow,-0.0015739504191335518
recommendation,ssp460,2046,aerosol-total-with_bc-snow,-0.0005107165085005416
recommendation,ssp460,2047,aerosol-total-with_bc-snow,0.0006185362654282933
recommendation,ssp460,2048,aerosol-total-with_bc-snow,0.0018417281599059088
recommendation,ssp460,2049,aerosol-total-with_bc-snow,0.003099706001523317
recommendation,ssp460,2050,aerosol-total-with_bc-snow,0.004398596946492361
recommendation,ssp460,2051,aerosol-total-with_bc-snow,0.0058843244280490925
recommendation,ssp460,2052,aerosol-total-with_bc-snow,0.007496125081709604
recommendation,ssp460,2053,aerosol-total-with_bc-snow,0.009231208017793757
recommendation,ssp460,2054,aerosol-total-with_bc-snow,0.011104815965310655
recommendation,ssp460,2055,aerosol-total-with_bc-snow,0.013038144030318
recommendation,ssp460,2056,aerosol-total-with_bc-snow,0.01503853814368561
recommendation,ssp460,2057,aerosol-total-with_bc-snow,0.017102915111657957
recommendation,ssp460,2058,aerosol-total-with_bc-snow,0.01922751490134189
recommendation,ssp460,2059,aerosol-total-with_bc-snow,0.021378880185138227
recommendation,ssp460,2060,aerosol-total-with_bc-snow,0.023558079079695315
recommendation,ssp460,2061,aerosol-total-with_bc-snow,0.02593387284991311
recommendation,ssp460,2062,aerosol-total-with_bc-snow,0.028432296022739
recommendation,ssp460,2063,aerosol-total-with_bc-snow,0.03102743462673374
recommendation,ssp460,2064,aerosol-total-with_bc-snow,0.03371190480083219
recommendation,ssp460,2065,aerosol-total-with_bc-snow,0.03651228182831734
recommendation,ssp460,2066,aerosol-total-with_bc-snow,0.039368668192801604
recommendation,ssp460,2067,aerosol-total-with_bc-snow,0.042304354054103044
recommendation,ssp460,2068,aerosol-total-with_bc-snow,0.04528730608707776
recommendation,ssp460,2069,aerosol-total-with_bc-snow,0.04829711520499169
recommendation,ssp460,2070,aerosol-total-with_bc-snow,0.051355419118997325
recommendation,ssp460,2071,aerosol-total-with_bc-snow,0.0549754062652128
recommendation,ssp460,2072,aerosol-total-with_bc-snow,0.059065217778954016
recommendation,ssp460,2073,aerosol-total-with_bc-snow,0.0635221907565573
recommendation,ssp460,2074,aerosol-total-with_bc-snow,0.06826438819263592
recommendation,ssp460,2075,aerosol-total-with_bc-snow,0.0732548806697998
recommendation,ssp460,2076,aerosol-total-with_bc-snow,0.07843049883777453
recommendation,ssp460,2077,aerosol-total-with_bc-snow,0.08375674364340202
recommendation,ssp460,2078,aerosol-total-with_bc-snow,0.08922252602271452
recommendation,ssp460,2079,aerosol-total-with_bc-snow,0.09481200089123765
recommendation,ssp460,2080,aerosol-total-with_bc-snow,0.10047816678523236
recommendation,ssp460,2081,aerosol-total-with_bc-snow,0.10585206807092451
recommendation,ssp460,2082,aerosol-total-with_bc-snow,0.11099484070597276
recommendation,ssp460,2083,aerosol-total-with_bc-snow,0.11596725378971062
recommendation,ssp460,2084,aerosol-total-with_bc-snow,0.12083200504120539
recommendation,ssp460,2085,aerosol-total-with_bc-snow,0.12560487531994946
recommendation,ssp460,2086,aerosol-total-with_bc-snow,0.13033400904908077
recommendation,ssp460,2087,aerosol-total-with_bc-snow,0.1350391843741573
recommendation,ssp460,2088,aerosol-total-with_bc-snow,0.1397464077209481
recommendation,ssp460,2089,aerosol-total-with_bc-snow,0.1444780564382443
recommendation,ssp460,2090,aerosol-total-with_bc-snow,0.14924082855689486
recommendation,ssp460,2091,aerosol-total-with_bc-snow,0.15348222168619036
recommendation,ssp460,2092,aerosol-total-with_bc-snow,0.15734361673219371
recommendation,ssp460,2093,aerosol-total-with_bc-snow,0.16094186806877392
recommendation,ssp460,2094,aerosol-total-with_bc-snow,0.16433886165467348
recommendation,ssp460,2095,aerosol-total-with_bc-snow,0.16758660064888886
recommendation,ssp460,2096,aerosol-total-with_bc-snow,0.1707395909498906
recommendation,ssp460,2097,aerosol-total-with_bc-snow,0.17381397814714372
recommendation,ssp460,2098,aerosol-total-with_bc-snow,0.17684690639099876
recommendation,ssp460,2099,aerosol-total-with_bc-snow,0.17985729594972716
recommendation,ssp460,2100,aerosol-total-with_bc-snow,0.18284576462730578
recommendation,ssp585,2019,aerosol-total-with_bc-snow,0.0
recommendation,ssp585,2020,aerosol-total-with_bc-snow,0.01799884684244113
recommendation,ssp585,2021,aerosol-total-with_bc-snow,0.03298989857938206
recommendation,ssp585,2022,aerosol-total-with_bc-snow,0.04572519827146526
recommendation,ssp585,2023,aerosol-total-with_bc-snow,0.05678843672490952
recommendation,ssp585,2024,aerosol-total-with_bc-snow,0.06665602229217382
recommendation,ssp585,2025,aerosol-total-with_bc-snow,0.07561558271098623
recommendation,ssp585,2026,aerosol-total-with_bc-snow,0.08391177790381543
recommendation,ssp585,2027,aerosol-total-with_bc-snow,0.09180467575471707
recommendation,ssp585,2028,aerosol-total-with_bc-snow,0.0993624325594481
recommendation,ssp585,2029,aerosol-total-with_bc-snow,0.1066894289378747
recommendation,ssp585,2030,aerosol-total-with_bc-snow,0.11387810884519145
recommendation,ssp585,2031,aerosol-total-with_bc-snow,0.11955098669859399
recommendation,ssp585,2032,aerosol-total-with_bc-snow,0.12408664759267396
recommendation,ssp585,2033,aerosol-total-with_bc-snow,0.1277698662777481
recommendation,ssp585,2034,aerosol-total-with_bc-snow,0.13084479054673726
recommendation,ssp585,2035,aerosol-total-with_bc-snow,0.13348236278065762
recommendation,ssp585,2036,aerosol-total-with_bc-snow,0.1358011824401968
recommendation,ssp585,2037,aerosol-total-with_bc-snow,0.13789586609476695
recommendation,ssp585,2038,aerosol-total-with_bc-snow,0.13977206276041448
recommendation,ssp585,2039,aerosol-total-with_bc-snow,0.14154759431993696
recommendation,ssp585,2040,aerosol-total-with_bc-snow,0.14322137931713552
recommendation,ssp585,2041,aerosol-total-with_bc-snow,0.14524720773810346
recommendation,ssp585,2042,aerosol-total-with_bc-snow,0.14751770532160052
recommendation,ssp585,2043,aerosol-total-with_bc-snow,0.14997156249198818
recommendation,ssp585,2044,aerosol-total-with_bc-snow,0.15258018093650527
recommendation,ssp585,2045,aerosol-total-with_bc-snow,0.15531068847623425
recommendation,ssp585,2046,aerosol-total-with_bc-snow,0.15814163348581745
recommendation,ssp585,2047,aerosol-total-with_bc-snow,0.16106621771067153
recommendation,ssp585,2048,aerosol-total-with_bc-snow,0.16407881208163938
recommendation,ssp585,2049,aerosol-total-with_bc-snow,0.1671447311229441
recommendation,ssp585,2050,aerosol-total-with_bc-snow,0.1702638895291514
recommendation,ssp585,2051,aerosol-total-with_bc-snow,0.17195158324611942
recommendation,ssp585,2052,aerosol-total-with_bc-snow,0.17256101809708618
recommendation,ssp585,2053,aerosol-total-with_bc-snow,0.17239995479951825
recommendation,ssp585,2054,aerosol-total-with_bc-snow,0.17162572641865342
recommendation,ssp585,2055,aerosol-total-with_bc-snow,0.17041869475968074
recommendation,ssp585,2056,aerosol-total-with_bc-snow,0.16887344518883773
recommendation,ssp585,2057,aerosol-total-with_bc-snow,0.1670910401105834
recommendation,ssp585,2058,aerosol-total-with_bc-snow,0.16511381714928697
recommendation,ssp585,2059,aerosol-total-with_bc-snow,0.16300241391690068
recommendation,ssp585,2060,aerosol-total-with_bc-snow,0.1607774479184398
recommendation,ssp585,2061,aerosol-total-with_bc-snow,0.15909099808204763
recommendation,ssp585,2062,aerosol-total-with_bc-snow,0.15778749430398592
recommendation,ssp585,2063,aerosol-total-with_bc-snow,0.15678458864946276
recommendation,ssp585,2064,aerosol-total-with_bc-snow,0.15601041894499984
recommendation,ssp585,2065,aerosol-total-with_bc-snow,0.1554049518163631
recommendation,ssp585,2066,aerosol-total-with_bc-snow,0.15492760730226374
recommendation,ssp585,2067,aerosol-total-with_bc-snow,0.15455272389199837
recommendation,ssp585,2068,aerosol-total-with_bc-snow,0.15424282022618596
recommendation,ssp585,2069,aerosol-total-with_bc-snow,0.15398738903559644
recommendation,ssp585,2070,aerosol-total-with_bc-snow,0.15377594576481823
recommendation,ssp585,2071,aerosol-total-with_bc-snow,0.15428018579913644
recommendation,ssp585,2072,aerosol-total-with_bc-snow,0.15531997513250945
recommendation,ssp585,2073,aerosol-total-with_bc-snow,0.1567544657080447
recommendation,ssp585,2074,aerosol-total-with_bc-snow,0.15850252582147772
recommendation,ssp585,2075,aerosol-total-with_bc-snow,0.16049877692750286
recommendation,ssp585,2076,aerosol-total-with_bc-snow,0.16266755981421194
recommendation,ssp585,2077,aerosol-total-with_bc-snow,0.16496917881341405
recommendation,ssp585,2078,aerosol-total-with_bc-snow,0.16737908593661038
recommendation,ssp585,2079,aerosol-total-with_bc-snow,0.1698765902669468
recommendation,ssp585,2080,aerosol-total-with_bc-snow,0.17244352990470913
recommendation,ssp585,2081,aerosol-total-with_bc-snow,0.17532095775448492
recommendation,ssp585,2082,aerosol-total-with_bc-snow,0.17844077138838155
recommendation,ssp585,2083,aerosol-total-with_bc-snow,0.18175839965762636
recommendation,ssp585,2084,aerosol-total-with_bc-snow,0.18523078036216667
recommendation,ssp585,2085,aerosol-total-with_bc-snow,0.1888319244757859
recommendation,ssp585,2086,aerosol-total-with_bc-snow,0.19254667108195034
recommendation,ssp585,2087,aerosol-total-with_bc-snow,0.19633629947358994
recommendation,ssp585,2088,aerosol-total-with_bc-snow,0.2001840989573319
recommendation,ssp585,2089,aerosol-total-with_bc-snow,0.20410579617513225
recommendation,ssp585,2090,aerosol-total-with_bc-snow,0.20809106923867443
recommendation,ssp585,2091,aerosol-total-with_bc-snow,0.21228005164595032
recommendation,ssp585,2092,aerosol-total-with_bc-snow,0.21662034751403453
recommendation,ssp585,2093,aerosol-total-with_bc-snow,0.22109984392219467
recommendation,ssp585,2094,aerosol-total-with_bc-snow,0.2256801490386638
recommendation,ssp585,2095,aerosol-total-with_bc-snow,0.2303447604412554
recommendation,ssp585,2096,aerosol-total-with_bc-snow,0.23508108925335286
recommendation,ssp585,2097,aerosol-total-with_bc-snow,0.23989592097514745
recommendation,ssp585,2098,aerosol-total-with_bc-snow,0.24476291432141312
recommendation,ssp585,2099,aerosol-total-with_bc-snow,0.24969509788976474
recommendation,ssp585,2100,aerosol-total-with_bc-snow,0.25467910514382025
recommendation,ssp370,2019,aerosol-total-with_bc-snow,0.0
recommendation,ssp370,2020,aerosol-total-with_bc-snow,-0.008843103917558714
recommendation,ssp370,2021,aerosol-total-with_bc-snow,-0.015919368964253278
recommendation,ssp370,2022,aerosol-total-with_bc-snow,-0.021662291531535094
recommendation,ssp370,2023,aerosol-total-with_bc-snow,-0.026409154627006326
recommendation,ssp370,2024,aerosol-total-with_bc-snow,-0.03042155651682943
recommendation,ssp370,2025,aerosol-total-with_bc-snow,-0.033874358451071895
recommendation,ssp370,2026,aerosol-total-with_bc-snow,-0.036934107022735696
recommendation,ssp370,2027,aerosol-total-with_bc-snow,-0.039682689547203
recommendation,ssp370,2028,aerosol-total-with_bc-snow,-0.04220032248076211
recommendation,ssp370,2029,aerosol-total-with_bc-snow,-0.04455133247255416
recommendation,ssp370,2030,aerosol-total-with_bc-snow,-0.04675492710536333
recommendation,ssp370,2031,aerosol-total-with_bc-snow,-0.048701578992375705
recommendation,ssp370,2032,aerosol-total-with_bc-snow,-0.05044483281653689
recommendation,ssp370,2033,aerosol-total-with_bc-snow,-0.05204791721635604
recommendation,ssp370,2034,aerosol-total-with_bc-snow,-0.05353370611921904
recommendation,ssp370,2035,aerosol-total-with_bc-snow,-0.05496518464055544
recommendation,ssp370,2036,aerosol-total-with_bc-snow,-0.05632368796072129
recommendation,ssp370,2037,aerosol-total-with_bc-snow,-0.05763565424485095
recommendation,ssp370,2038,aerosol-total-with_bc-snow,-0.05892076081026465
recommendation,ssp370,2039,aerosol-total-with_bc-snow,-0.060167301082146074
recommendation,ssp370,2040,aerosol-total-with_bc-snow,-0.061393973717445816
recommendation,ssp370,2041,aerosol-total-with_bc-snow,-0.06266748234939967
recommendation,ssp370,2042,aerosol-total-with_bc-snow,-0.06397390739711806
recommendation,ssp370,2043,aerosol-total-with_bc-snow,-0.06530477060244333
recommendation,ssp370,2044,aerosol-total-with_bc-snow,-0.06665553732645768
recommendation,ssp370,2045,aerosol-total-with_bc-snow,-0.06802173364963182
recommendation,ssp370,2046,aerosol-total-with_bc-snow,-0.06939953834553603
recommendation,ssp370,2047,aerosol-total-with_bc-snow,-0.07078579094821946
recommendation,ssp370,2048,aerosol-total-with_bc-snow,-0.0721735328111004
recommendation,ssp370,2049,aerosol-total-with_bc-snow,-0.07356038437831025
recommendation,ssp370,2050,aerosol-total-with_bc-snow,-0.07495467351401341
recommendation,ssp370,2051,aerosol-total-with_bc-snow,-0.07589862308120443
recommendation,ssp370,2052,aerosol-total-with_bc-snow,-0.0764795714501153
recommendation,ssp370,2053,aerosol-total-with_bc-snow,-0.07677341019172823
recommendation,ssp370,2054,aerosol-total-with_bc-snow,-0.07688207318103801
recommendation,ssp370,2055,aerosol-total-with_bc-snow,-0.0768200721597535
recommendation,ssp370,2056,aerosol-total-with_bc-snow,-0.07665839199042102
recommendation,ssp370,2057,aerosol-total-with_bc-snow,-0.07641579888979888
recommendation,ssp370,2058,aerosol-total-with_bc-snow,-0.0760785964468006
recommendation,ssp370,2059,aerosol-total-with_bc-snow,-0.07571261679613828
recommendation,ssp370,2060,aerosol-total-with_bc-snow,-0.07530804914389566
recommendation,ssp370,2061,aerosol-total-with_bc-snow,-0.07479658303004577
recommendation,ssp370,2062,aerosol-total-with_bc-snow,-0.07421235392244796
recommendation,ssp370,2063,aerosol-total-with_bc-snow,-0.07356246043336379
recommendation,ssp370,2064,aerosol-total-with_bc-snow,-0.07287244786059677
recommendation,ssp370,2065,aerosol-total-with_bc-snow,-0.07212892381372005
recommendation,ssp370,2066,aerosol-total-with_bc-snow,-0.0713689882639712
recommendation,ssp370,2067,aerosol-total-with_bc-snow,-0.07058379939247805
recommendation,ssp370,2068,aerosol-total-with_bc-snow,-0.06977537819591095
recommendation,ssp370,2069,aerosol-total-with_bc-snow,-0.06894738575931103
recommendation,ssp370,2070,aerosol-total-with_bc-snow,-0.0681170115828742
recommendation,ssp370,2071,aerosol-total-with_bc-snow,-0.06723515186666884
recommendation,ssp370,2072,aerosol-total-with_bc-snow,-0.06632511918683315
recommendation,ssp370,2073,aerosol-total-with_bc-snow,-0.06541387413346555
recommendation,ssp370,2074,aerosol-total-with_bc-snow,-0.0644753856365412
recommendation,ssp370,2075,aerosol-total-with_bc-snow,-0.06351681604494586
recommendation,ssp370,2076,aerosol-total-with_bc-snow,-0.06254300177025673
recommendation,ssp370,2077,aerosol-total-with_bc-snow,-0.061553741032434495
recommendation,ssp370,2078,aerosol-total-with_bc-snow,-0.06055355419383446
recommendation,ssp370,2079,aerosol-total-with_bc-snow,-0.05954173330893808
recommendation,ssp370,2080,aerosol-total-with_bc-snow,-0.058502885393842186
recommendation,ssp370,2081,aerosol-total-with_bc-snow,-0.05753023898146792
recommendation,ssp370,2082,aerosol-total-with_bc-snow,-0.05660794390029589
recommendation,ssp370,2083,aerosol-total-with_bc-snow,-0.05572488911385809
recommendation,ssp370,2084,aerosol-total-with_bc-snow,-0.05487777643247682
recommendation,ssp370,2085,aerosol-total-with_bc-snow,-0.05404014366576304
recommendation,ssp370,2086,aerosol-total-with_bc-snow,-0.05322657996940339
recommendation,ssp370,2087,aerosol-total-with_bc-snow,-0.052436784232796296
recommendation,ssp370,2088,aerosol-total-with_bc-snow,-0.05164110550025991
recommendation,ssp370,2089,aerosol-total-with_bc-snow,-0.050847117118858254
recommendation,ssp370,2090,aerosol-total-with_bc-snow,-0.05003937374485801
recommendation,ssp370,2091,aerosol-total-with_bc-snow,-0.049015658100272086
recommendation,ssp370,2092,aerosol-total-with_bc-snow,-0.04782003862328599
recommendation,ssp370,2093,aerosol-total-with_bc-snow,-0.04651866503578761
recommendation,ssp370,2094,aerosol-total-with_bc-snow,-0.045102555186871784
recommendation,ssp370,2095,aerosol-total-with_bc-snow,-0.04361781137930254
recommendation,ssp370,2096,aerosol-total-with_bc-snow,-0.042054542369734604
recommendation,ssp370,2097,aerosol-total-with_bc-snow,-0.040443036714242764
recommendation,ssp370,2098,aerosol-total-with_bc-snow,-0.0387983757561724
recommendation,ssp370,2099,aerosol-total-with_bc-snow,-0.0371137397074518
recommendation,ssp370,2100,aerosol-total-with_bc-snow,-0.03540995501222288
recommendation,ssp370-lowNTCF-aerchemmip,2019,aerosol-total-with_bc-snow,0.0
recommendation,ssp370-lowNTCF-aerchemmip,2020,aerosol-total-with_bc-snow,-0.0021780736777562426
recommendation,ssp370-lowNTCF-aerchemmip,2021,aerosol-total-with_bc-snow,-0.0025943070098811694
recommendation,ssp370-lowNTCF-aerchemmip,2022,aerosol-total-with_bc-snow,-0.0017284697860534548
recommendation,ssp370-lowNTCF-aerchemmip,2023,aerosol-total-with_bc-snow,0.0001467757753295107
recommendation,ssp370-lowNTCF-aerchemmip,2024,aerosol-total-with_bc-snow,0.002754501613334015
recommendation,ssp370-lowNTCF-aerchemmip,2025,aerosol-total-with_bc-snow,0.005883703026978271
recommendation,ssp370-lowNTCF-aerchemmip,2026,aerosol-total-with_bc-snow,0.009455474056232482
recommendation,ssp370-lowNTCF-aerchemmip,2027,aerosol-total-with_bc-snow,0.013391206551829349
recommendation,ssp370-lowNTCF-aerchemmip,2028,aerosol-total-with_bc-snow,0.017612484718579013
recommendation,ssp370-lowNTCF-aerchemmip,2029,aerosol-total-with_bc-snow,0.022035296118462666
recommendation,ssp370-lowNTCF-aerchemmip,2030,aerosol-total-with_bc-snow,0.02660676234243975
recommendation,ssp370-lowNTCF-aerchemmip,2031,aerosol-total-with_bc-snow,0.031614072088255285
recommendation,ssp370-lowNTCF-aerchemmip,2032,aerosol-total-with_bc-snow,0.03696231025688568
recommendation,ssp370-lowNTCF-aerchemmip,2033,aerosol-total-with_bc-snow,0.042554277204859825
recommendation,ssp370-lowNTCF-aerchemmip,2034,aerosol-total-with_bc-snow,0.048397417656091735
recommendation,ssp370-lowNTCF-aerchemmip,2035,aerosol-total-with_bc-snow,0.05444668945214326
recommendation,ssp370-lowNTCF-aerchemmip,2036,aerosol-total-with_bc-snow,0.06063375947326621
recommendation,ssp370-lowNTCF-aerchemmip,2037,aerosol-total-with_bc-snow,0.06695372822385437
recommendation,ssp370-lowNTCF-aerchemmip,2038,aerosol-total-with_bc-snow,0.07338954083779647
recommendation,ssp370-lowNTCF-aerchemmip,2039,aerosol-total-with_bc-snow,0.07993556907410782
recommendation,ssp370-lowNTCF-aerchemmip,2040,aerosol-total-with_bc-snow,0.08657723691972552
recommendation,ssp370-lowNTCF-aerchemmip,2041,aerosol-total-with_bc-snow,0.09387863536066698
recommendation,ssp370-lowNTCF-aerchemmip,2042,aerosol-total-with_bc-snow,0.10175004784441943
recommendation,ssp370-lowNTCF-aerchemmip,2043,aerosol-total-with_bc-snow,0.1100516283937113
recommendation,ssp370-lowNTCF-aerchemmip,2044,aerosol-total-with_bc-snow,0.11869298058630706
recommendation,ssp370-lowNTCF-aerchemmip,2045,aerosol-total-with_bc-snow,0.12769863710563567
recommendation,ssp370-lowNTCF-aerchemmip,2046,aerosol-total-with_bc-snow,0.13698603126087994
recommendation,ssp370-lowNTCF-aerchemmip,2047,aerosol-total-with_bc-snow,0.14650012007230906
recommendation,ssp370-lowNTCF-aerchemmip,2048,aerosol-total-with_bc-snow,0.15618444148871508
recommendation,ssp370-lowNTCF-aerchemmip,2049,aerosol-total-with_bc-snow,0.1660512146183285
recommendation,ssp370-lowNTCF-aerchemmip,2050,aerosol-total-with_bc-snow,0.176113177850296
recommendation,ssp370-lowNTCF-aerchemmip,2051,aerosol-total-with_bc-snow,0.18401591957858793
recommendation,ssp370-lowNTCF-aerchemmip,2052,aerosol-total-with_bc-snow,0.19031188725228548
recommendation,ssp370-lowNTCF-aerchemmip,2053,aerosol-total-with_bc-snow,0.19542007106207998
recommendation,ssp370-lowNTCF-aerchemmip,2054,aerosol-total-with_bc-snow,0.19962604995973615
recommendation,ssp370-lowNTCF-aerchemmip,2055,aerosol-total-with_bc-snow,0.20317470513652885
recommendation,ssp370-lowNTCF-aerchemmip,2056,aerosol-total-with_bc-snow,0.2062319529884032
recommendation,ssp370-lowNTCF-aerchemmip,2057,aerosol-total-with_bc-snow,0.20892031241391207
recommendation,ssp370-lowNTCF-aerchemmip,2058,aerosol-total-with_bc-snow,0.21132365912172069
recommendation,ssp370-lowNTCF-aerchemmip,2059,aerosol-total-with_bc-snow,0.21351853533661164
recommendation,ssp370-lowNTCF-aerchemmip,2060,aerosol-total-with_bc-snow,0.2155824525609189
recommendation,ssp370-lowNTCF-aerchemmip,2061,aerosol-total-with_bc-snow,0.2175517536172702
recommendation,ssp370-lowNTCF-aerchemmip,2062,aerosol-total-with_bc-snow,0.2194694856963168
recommendation,ssp370-lowNTCF-aerchemmip,2063,aerosol-total-with_bc-snow,0.22133167380177177
recommendation,ssp370-lowNTCF-aerchemmip,2064,aerosol-total-with_bc-snow,0.22314849736829628
recommendation,ssp370-lowNTCF-aerchemmip,2065,aerosol-total-with_bc-snow,0.2249403940224986
recommendation,ssp370-lowNTCF-aerchemmip,2066,aerosol-total-with_bc-snow,0.22672380884126053
recommendation,ssp370-lowNTCF-aerchemmip,2067,aerosol-total-with_bc-snow,0.2284982454973068
recommendation,ssp370-lowNTCF-aerchemmip,2068,aerosol-total-with_bc-snow,0.23026860423916928
recommendation,ssp370-lowNTCF-aerchemmip,2069,aerosol-total-with_bc-snow,0.2320542516204373
recommendation,ssp370-lowNTCF-aerchemmip,2070,aerosol-total-with_bc-snow,0.2338369964613245
recommendation,ssp370-lowNTCF-aerchemmip,2071,aerosol-total-with_bc-snow,0.23562256239723972
recommendation,ssp370-lowNTCF-aerchemmip,2072,aerosol-total-with_bc-snow,0.2374046690954817
recommendation,ssp370-lowNTCF-aerchemmip,2073,aerosol-total-with_bc-snow,0.2391891936746065
recommendation,ssp370-lowNTCF-aerchemmip,2074,aerosol-total-with_bc-snow,0.24099852499903884
recommendation,ssp370-lowNTCF-aerchemmip,2075,aerosol-total-with_bc-snow,0.24281778525595726
recommendation,ssp370-lowNTCF-aerchemmip,2076,aerosol-total-with_bc-snow,0.24463695396761398
recommendation,ssp370-lowNTCF-aerchemmip,2077,aerosol-total-with_bc-snow,0.2464762577415423
recommendation,ssp370-lowNTCF-aerchemmip,2078,aerosol-total-with_bc-snow,0.24832560559367028
recommendation,ssp370-lowNTCF-aerchemmip,2079,aerosol-total-with_bc-snow,0.25019271324495934
recommendation,ssp370-lowNTCF-aerchemmip,2080,aerosol-total-with_bc-snow,0.252071937723528
recommendation,ssp370-lowNTCF-aerchemmip,2081,aerosol-total-with_bc-snow,0.253911939194165
recommendation,ssp370-lowNTCF-aerchemmip,2082,aerosol-total-with_bc-snow,0.2557159560815432
recommendation,ssp370-lowNTCF-aerchemmip,2083,aerosol-total-with_bc-snow,0.2574989126177672
recommendation,ssp370-lowNTCF-aerchemmip,2084,aerosol-total-with_bc-snow,0.2592585117869235
recommendation,ssp370-lowNTCF-aerchemmip,2085,aerosol-total-with_bc-snow,0.2610212246069858
recommendation,ssp370-lowNTCF-aerchemmip,2086,aerosol-total-with_bc-snow,0.2627817340585292
recommendation,ssp370-lowNTCF-aerchemmip,2087,aerosol-total-with_bc-snow,0.26452890563074133
recommendation,ssp370-lowNTCF-aerchemmip,2088,aerosol-total-with_bc-snow,0.26628601123034107
recommendation,ssp370-lowNTCF-aerchemmip,2089,aerosol-total-with_bc-snow,0.2680268981499577
recommendation,ssp370-lowNTCF-aerchemmip,2090,aerosol-total-with_bc-snow,0.26978413100166726
recommendation,ssp370-lowNTCF-aerchemmip,2091,aerosol-total-with_bc-snow,0.27155189913838346
recommendation,ssp370-lowNTCF-aerchemmip,2092,aerosol-total-with_bc-snow,0.2733307917127967
recommendation,ssp370-lowNTCF-aerchemmip,2093,aerosol-total-with_bc-snow,0.275108843920897
recommendation,ssp370-lowNTCF-aerchemmip,2094,aerosol-total-with_bc-snow,0.2769012302845773
recommendation,ssp370-lowNTCF-aerchemmip,2095,aerosol-total-with_bc-snow,0.2787056853717115
recommendation,ssp370-lowNTCF-aerchemmip,2096,aerosol-total-with_bc-snow,0.2805229550884975
recommendation,ssp370-lowNTCF-aerchemmip,2097,aerosol-total-with_bc-snow,0.2823503952899624
recommendation,ssp370-lowNTCF-aerchemmip,2098,aerosol-total-with_bc-snow,0.2841844923138461
recommendation,ssp370-lowNTCF-aerchemmip,2099,aerosol-total-with_bc-snow,0.2860289364807537
recommendation,ssp370-lowNTCF-aerchemmip,2100,aerosol-total-with_bc-snow,0.2879029841027276
recommendation,ssp126,2019,aerosol-total-with_bc-snow,0.0
recommendation,ssp126,2020,aerosol-total-with_bc-snow,0.012163223987035288
recommendation,ssp126,2021,aerosol-total-with_bc-snow,0.02449026942639787
recommendation,ssp126,2022,aerosol-total-with_bc-snow,0.03699188453102076
recommendation,ssp126,2023,aerosol-total-with_bc-snow,0.04966757830267732
recommendation,ssp126,2024,aerosol-total-with_bc-snow,0.06250555643008215
recommendation,ssp126,2025,aerosol-total-with_bc-snow,0.07555771481887619
recommendation,ssp126,2026,aerosol-total-with_bc-snow,0.08883383519780907
recommendation,ssp126,2027,aerosol-total-with_bc-snow,0.10238464309551942
recommendation,ssp126,2028,aerosol-total-with_bc-snow,0.1162036722395331
recommendation,ssp126,2029,aerosol-total-with_bc-snow,0.13027811040796478
recommendation,ssp126,2030,aerosol-total-with_bc-snow,0.1446496034567672
recommendation,ssp126,2031,aerosol-total-with_bc-snow,0.15744004954753094
recommendation,ssp126,2032,aerosol-total-with_bc-snow,0.16903217304347123
recommendation,ssp126,2033,aerosol-total-with_bc-snow,0.1797566456239832
recommendation,ssp126,2034,aerosol-total-with_bc-snow,0.18986222243780437
recommendation,ssp126,2035,aerosol-total-with_bc-snow,0.19953269243383698
recommendation,ssp126,2036,aerosol-total-with_bc-snow,0.20887658150916844
recommendation,ssp126,2037,aerosol-total-with_bc-snow,0.21800751536647606
recommendation,ssp126,2038,aerosol-total-with_bc-snow,0.22699940333401047
recommendation,ssp126,2039,aerosol-total-with_bc-snow,0.23589042410583405
recommendation,ssp126,2040,aerosol-total-with_bc-snow,0.2447111035176862
recommendation,ssp126,2041,aerosol-total-with_bc-snow,0.25250422614582907
recommendation,ssp126,2042,aerosol-total-with_bc-snow,0.25953922149332936
recommendation,ssp126,2043,aerosol-total-with_bc-snow,0.2659969173351288
recommendation,ssp126,2044,aerosol-total-with_bc-snow,0.27204175139616005
recommendation,ssp126,2045,aerosol-total-with_bc-snow,0.27780090881697095
recommendation,ssp126,2046,aerosol-total-with_bc-snow,0.2833495257787695
recommendation,ssp126,2047,aerosol-total-with_bc-snow,0.2887544288359738
recommendation,ssp126,2048,aerosol-total-with_bc-snow,0.29405689756966125
recommendation,ssp126,2049,aerosol-total-with_bc-snow,0.29929393279502675
recommendation,ssp126,2050,aerosol-total-with_bc-snow,0.3044914984292388
recommendation,ssp126,2051,aerosol-total-with_bc-snow,0.30926981973846884
recommendation,ssp126,2052,aerosol-total-with_bc-snow,0.3137404879004532
recommendation,ssp126,2053,aerosol-total-with_bc-snow,0.31798073941138044
recommendation,ssp126,2054,aerosol-total-with_bc-snow,0.3220633184345976
recommendation,ssp126,2055,aerosol-total-with_bc-snow,0.32603404187816043
recommendation,ssp126,2056,aerosol-total-with_bc-snow,0.3299197706833209
recommendation,ssp126,2057,aerosol-total-with_bc-snow,0.3337407278873919
recommendation,ssp126,2058,aerosol-total-with_bc-snow,0.3375355875996001
recommendation,ssp126,2059,aerosol-total-with_bc-snow,0.3413159258259489
recommendation,ssp126,2060,aerosol-total-with_bc-snow,0.3450889707900252
recommendation,ssp126,2061,aerosol-total-with_bc-snow,0.34851910343992526
recommendation,ssp126,2062,aerosol-total-with_bc-snow,0.35169400507467236
recommendation,ssp126,2063,aerosol-total-with_bc-snow,0.35468147297119446
recommendation,ssp126,2064,aerosol-total-with_bc-snow,0.35753087402917066
recommendation,ssp126,2065,aerosol-total-with_bc-snow,0.36027860587589555
recommendation,ssp126,2066,aerosol-total-with_bc-snow,0.36295608403613405
recommendation,ssp126,2067,aerosol-total-with_bc-snow,0.36557810107467054
recommendation,ssp126,2068,aerosol-total-with_bc-snow,0.3681673593307685
recommendation,ssp126,2069,aerosol-total-with_bc-snow,0.3707331040274548
recommendation,ssp126,2070,aerosol-total-with_bc-snow,0.3732799530448463
recommendation,ssp126,2071,aerosol-total-with_bc-snow,0.37586693182911673
recommendation,ssp126,2072,aerosol-total-with_bc-snow,0.3784999374162448
recommendation,ssp126,2073,aerosol-total-with_bc-snow,0.3811664870876581
recommendation,ssp126,2074,aerosol-total-with_bc-snow,0.38385144341910177
recommendation,ssp126,2075,aerosol-total-with_bc-snow,0.38656186700615053
recommendation,ssp126,2076,aerosol-total-with_bc-snow,0.3892968586091735
recommendation,ssp126,2077,aerosol-total-with_bc-snow,0.39204709398125315
recommendation,ssp126,2078,aerosol-total-with_bc-snow,0.39481989254529887
recommendation,ssp126,2079,aerosol-total-with_bc-snow,0.3976195597470712
recommendation,ssp126,2080,aerosol-total-with_bc-snow,0.40042720046324126
recommendation,ssp126,2081,aerosol-total-with_bc-snow,0.40312719163087685
recommendation,ssp126,2082,aerosol-total-with_bc-snow,0.4057457284324434
recommendation,ssp126,2083,aerosol-total-with_bc-snow,0.40830641161027315
recommendation,ssp126,2084,aerosol-total-with_bc-snow,0.4108267866121527
recommendation,ssp126,2085,aerosol-total-with_bc-snow,0.413319418578701
recommendation,ssp126,2086,aerosol-total-with_bc-snow,0.41578824537247105
recommendation,ssp126,2087,aerosol-total-with_bc-snow,0.41824004060372366
recommendation,ssp126,2088,aerosol-total-with_bc-snow,0.4206825968182809
recommendation,ssp126,2089,aerosol-total-with_bc-snow,0.4231156417725984
recommendation,ssp126,2090,aerosol-total-with_bc-snow,0.42552901285147304
recommendation,ssp126,2091,aerosol-total-with_bc-snow,0.42816679328702145
recommendation,ssp126,2092,aerosol-total-with_bc-snow,0.4309362806447592
recommendation,ssp126,2093,aerosol-total-with_bc-snow,0.43379281459919633
recommendation,ssp126,2094,aerosol-total-with_bc-snow,0.436693790555952
recommendation,ssp126,2095,aerosol-total-with_bc-snow,0.4396133525132576
recommendation,ssp126,2096,aerosol-total-with_bc-snow,0.4425531517138638
recommendation,ssp126,2097,aerosol-total-with_bc-snow,0.44548208858421284
recommendation,ssp126,2098,aerosol-total-with_bc-snow,0.4483900539075174
recommendation,ssp126,2099,aerosol-total-with_bc-snow,0.4512636513378258
recommendation,ssp126,2100,aerosol-total-with_bc-snow,0.45409849767323973
recommendation,ssp245,2019,aerosol-total-with_bc-snow,0.0
recommendation,ssp245,2020,aerosol-total-with_bc-snow,0.008924035060241309
recommendation,ssp245,2021,aerosol-total-with_bc-snow,0.015227570599947615
recommendation,ssp245,2022,aerosol-total-with_bc-snow,0.01957514709934094
recommendation,ssp245,2023,aerosol-total-with_bc-snow,0.022463128783293485
recommendation,ssp245,2024,aerosol-total-with_bc-snow,0.024263570930775025
recommendation,ssp245,2025,aerosol-total-with_bc-snow,0.025261381383299808
recommendation,ssp245,2026,aerosol-total-with_bc-snow,0.025661658934753695
recommendation,ssp245,2027,aerosol-total-with_bc-snow,0.02556900524339978
recommendation,ssp245,2028,aerosol-total-with_bc-snow,0.025132700619739157
recommendation,ssp245,2029,aerosol-total-with_bc-snow,0.02446911077915037
recommendation,ssp245,2030,aerosol-total-with_bc-snow,0.023626973295413745
recommendation,ssp245,2031,aerosol-total-with_bc-snow,0.024222705830546087
recommendation,ssp245,2032,aerosol-total-with_bc-snow,0.025871261917852717
recommendation,ssp245,2033,aerosol-total-with_bc-snow,0.02832405673057281
recommendation,ssp245,2034,aerosol-total-with_bc-snow,0.03137383491678736
recommendation,ssp245,2035,aerosol-total-with_bc-snow,0.03490931501199779
recommendation,ssp245,2036,aerosol-total-with_bc-snow,0.03884130799672347
recommendation,ssp245,2037,aerosol-total-with_bc-snow,0.043027089199920376
recommendation,ssp245,2038,aerosol-total-with_bc-snow,0.04742407380525082
recommendation,ssp245,2039,aerosol-total-with_bc-snow,0.05201487002590399
recommendation,ssp245,2040,aerosol-total-with_bc-snow,0.05672483065496381
recommendation,ssp245,2041,aerosol-total-with_bc-snow,0.0617656391832877
recommendation,ssp245,2042,aerosol-total-with_bc-snow,0.06706706961725784
recommendation,ssp245,2043,aerosol-total-with_bc-snow,0.07259650050461075
recommendation,ssp245,2044,aerosol-total-with_bc-snow,0.07829947520340719
recommendation,ssp245,2045,aerosol-total-with_bc-snow,0.08413625801432045
recommendation,ssp245,2046,aerosol-total-with_bc-snow,0.09008355300055315
recommendation,ssp245,2047,aerosol-total-with_bc-snow,0.0961485914236736
recommendation,ssp245,2048,aerosol-total-with_bc-snow,0.10230488374936564
recommendation,ssp245,2049,aerosol-total-with_bc-snow,0.1085680439685398
recommendation,ssp245,2050,aerosol-total-with_bc-snow,0.11491850616949773
recommendation,ssp245,2051,aerosol-total-with_bc-snow,0.12068939391875377
recommendation,ssp245,2052,aerosol-total-with_bc-snow,0.12606347520757377
recommendation,ssp245,2053,aerosol-total-with_bc-snow,0.13111355537232638
recommendation,ssp245,2054,aerosol-total-with_bc-snow,0.13594209884886166
recommendation,ssp245,2055,aerosol-total-with_bc-snow,0.14062658485078194
recommendation,ssp245,2056,aerosol-total-with_bc-snow,0.145208954317043
recommendation,ssp245,2057,aerosol-total-with_bc-snow,0.14973383566956938
recommendation,ssp245,2058,aerosol-total-with_bc-snow,0.1541954874573832
recommendation,ssp245,2059,aerosol-total-with_bc-snow,0.1586407517333533
recommendation,ssp245,2060,aerosol-total-with_bc-snow,0.16309102636163786
recommendation,ssp245,2061,aerosol-total-with_bc-snow,0.16715080790803355
recommendation,ssp245,2062,aerosol-total-with_bc-snow,0.17092504156867921
recommendation,ssp245,2063,aerosol-total-with_bc-snow,0.17448837362635622
recommendation,ssp245,2064,aerosol-total-with_bc-snow,0.1779198973340062
recommendation,ssp245,2065,aerosol-total-with_bc-snow,0.18126333617301843
recommendation,ssp245,2066,aerosol-total-with_bc-snow,0.18454424871708053
recommendation,ssp245,2067,aerosol-total-with_bc-snow,0.18780035279068397
recommendation,ssp245,2068,aerosol-total-with_bc-snow,0.1910242009551345
recommendation,ssp245,2069,aerosol-total-with_bc-snow,0.19424223717695505
recommendation,ssp245,2070,aerosol-total-with_bc-snow,0.19749275618199646
recommendation,ssp245,2071,aerosol-total-with_bc-snow,0.20069000654019065
recommendation,ssp245,2072,aerosol-total-with_bc-snow,0.20386189602457955
recommendation,ssp245,2073,aerosol-total-with_bc-snow,0.20702819119416843
recommendation,ssp245,2074,aerosol-total-with_bc-snow,0.21016296482532032
recommendation,ssp245,2075,aerosol-total-with_bc-snow,0.21333178291342575
recommendation,ssp245,2076,aerosol-total-with_bc-snow,0.21652602023561052
recommendation,ssp245,2077,aerosol-total-with_bc-snow,0.21975172276140198
recommendation,ssp245,2078,aerosol-total-with_bc-snow,0.22299913181244374
recommendation,ssp245,2079,aerosol-total-with_bc-snow,0.22628983128424734
recommendation,ssp245,2080,aerosol-total-with_bc-snow,0.22963018631796084
recommendation,ssp245,2081,aerosol-total-with_bc-snow,0.23316847885519598
recommendation,ssp245,2082,aerosol-total-with_bc-snow,0.23684076905404272
recommendation,ssp245,2083,aerosol-total-with_bc-snow,0.24062036407549509
recommendation,ssp245,2084,aerosol-total-with_bc-snow,0.24451311467274406
recommendation,ssp245,2085,aerosol-total-with_bc-snow,0.24849944263375406
recommendation,ssp245,2086,aerosol-total-with_bc-snow,0.25256940797069827
recommendation,ssp245,2087,aerosol-total-with_bc-snow,0.25671066247773955
recommendation,ssp245,2088,aerosol-total-with_bc-snow,0.2608915389730498
recommendation,ssp245,2089,aerosol-total-with_bc-snow,0.2651374584703341
recommendation,ssp245,2090,aerosol-total-with_bc-snow,0.26941642155375317
recommendation,ssp245,2091,aerosol-total-with_bc-snow,0.2731193372689677
recommendation,ssp245,2092,aerosol-total-with_bc-snow,0.27639973786376176
recommendation,ssp245,2093,aerosol-total-with_bc-snow,0.27936528386445164
recommendation,ssp245,2094,aerosol-total-with_bc-snow,0.282102300461155
recommendation,ssp245,2095,aerosol-total-with_bc-snow,0.28467305480379074
recommendation,ssp245,2096,aerosol-total-with_bc-snow,0.2871187926535939
recommendation,ssp245,2097,aerosol-total-with_bc-snow,0.28947810540957153
recommendation,ssp245,2098,aerosol-total-with_bc-snow,0.2917615996543875
recommendation,ssp245,2099,aerosol-total-with_bc-snow,0.29399513287914253
recommendation,ssp245,2100,aerosol-total-with_bc-snow,0.2961924473097591
recommendation,ssp434,2019,aerosol-total-with_bc-snow,0.0
recommendation,ssp434,2020,aerosol-total-with_bc-snow,0.000961063498379322
recommendation,ssp434,2021,aerosol-total-with_bc-snow,0.0026604404688231886
recommendation,ssp434,2022,aerosol-total-with_bc-snow,0.004957243522865196
recommendation,ssp434,2023,aerosol-total-with_bc-snow,0.007716486535712663
recommendation,ssp434,2024,aerosol-total-with_bc-snow,0.010783605145693875
recommendation,ssp434,2025,aerosol-total-with_bc-snow,0.01413358447205304
recommendation,ssp434,2026,aerosol-total-with_bc-snow,0.017667325979171977
recommendation,ssp434,2027,aerosol-total-with_bc-snow,0.021360712198042253
recommendation,ssp434,2028,aerosol-total-with_bc-snow,0.025222443160259345
recommendation,ssp434,2029,aerosol-total-with_bc-snow,0.029216152044464927
recommendation,ssp434,2030,aerosol-total-with_bc-snow,0.03328776745157491
recommendation,ssp434,2031,aerosol-total-with_bc-snow,0.03746784768665601
recommendation,ssp434,2032,aerosol-total-with_bc-snow,0.041743423719522554
recommendation,ssp434,2033,aerosol-total-with_bc-snow,0.04606669601558089
recommendation,ssp434,2034,aerosol-total-with_bc-snow,0.05047949082401759
recommendation,ssp434,2035,aerosol-total-with_bc-snow,0.054984544686737524
recommendation,ssp434,2036,aerosol-total-with_bc-snow,0.059527515600103054
recommendation,ssp434,2037,aerosol-total-with_bc-snow,0.06410444633107049
recommendation,ssp434,2038,aerosol-total-with_bc-snow,0.06873383420698653
recommendation,ssp434,2039,aerosol-total-with_bc-snow,0.07340968933316461
recommendation,ssp434,2040,aerosol-total-with_bc-snow,0.07816065475340972
recommendation,ssp434,2041,aerosol-total-with_bc-snow,0.08316533631388523
recommendation,ssp434,2042,aerosol-total-with_bc-snow,0.08830875538927552
recommendation,ssp434,2043,aerosol-total-with_bc-snow,0.09354925871223074
recommendation,ssp434,2044,aerosol-total-with_bc-snow,0.09890208054810845
recommendation,ssp434,2045,aerosol-total-with_bc-snow,0.10435076580009128
recommendation,ssp434,2046,aerosol-total-with_bc-snow,0.10986470679293825
recommendation,ssp434,2047,aerosol-total-with_bc-snow,0.11551224179324915
recommendation,ssp434,2048,aerosol-total-with_bc-snow,0.12124516665852192
recommendation,ssp434,2049,aerosol-total-with_bc-snow,0.12705328582912
recommendation,ssp434,2050,aerosol-total-with_bc-snow,0.13298494603788702
recommendation,ssp434,2051,aerosol-total-with_bc-snow,0.1381880499833681
recommendation,ssp434,2052,aerosol-total-with_bc-snow,0.14287490944389786
recommendation,ssp434,2053,aerosol-total-with_bc-snow,0.14714902714420192
recommendation,ssp434,2054,aerosol-total-with_bc-snow,0.15113904536841088
recommendation,ssp434,2055,aerosol-total-with_bc-snow,0.1549469053476148
recommendation,ssp434,2056,aerosol-total-with_bc-snow,0.15861912951323848
recommendation,ssp434,2057,aerosol-total-with_bc-snow,0.16218420705668168
recommendation,ssp434,2058,aerosol-total-with_bc-snow,0.1656743520178099
recommendation,ssp434,2059,aerosol-total-with_bc-snow,0.1691246820543702
recommendation,ssp434,2060,aerosol-total-with_bc-snow,0.1725686225657067
recommendation,ssp434,2061,aerosol-total-with_bc-snow,0.17527299009754455
recommendation,ssp434,2062,aerosol-total-with_bc-snow,0.17743497640635914
recommendation,ssp434,2063,aerosol-total-with_bc-snow,0.17921047756414948
recommendation,ssp434,2064,aerosol-total-with_bc-snow,0.1806851272602676
recommendation,ssp434,2065,aerosol-total-with_bc-snow,0.18195782597036125
recommendation,ssp434,2066,aerosol-total-with_bc-snow,0.1830527783704401
recommendation,ssp434,2067,aerosol-total-with_bc-snow,0.18402440708182177
recommendation,ssp434,2068,aerosol-total-with_bc-snow,0.18492895642026608
recommendation,ssp434,2069,aerosol-total-with_bc-snow,0.18576129207502695
recommendation,ssp434,2070,aerosol-total-with_bc-snow,0.1865453029489742
recommendation,ssp434,2071,aerosol-total-with_bc-snow,0.1874154397461375
recommendation,ssp434,2072,aerosol-total-with_bc-snow,0.1883544421028937
recommendation,ssp434,2073,aerosol-total-with_bc-snow,0.18933943717414653
recommendation,ssp434,2074,aerosol-total-with_bc-snow,0.19036531380264798
recommendation,ssp434,2075,aerosol-total-with_bc-snow,0.1914248894178175
recommendation,ssp434,2076,aerosol-total-with_bc-snow,0.19250764406306287
recommendation,ssp434,2077,aerosol-total-with_bc-snow,0.193616473874261
recommendation,ssp434,2078,aerosol-total-with_bc-snow,0.19474961065420732
recommendation,ssp434,2079,aerosol-total-with_bc-snow,0.19588875190129112
recommendation,ssp434,2080,aerosol-total-with_bc-snow,0.1970428286754089
recommendation,ssp434,2081,aerosol-total-with_bc-snow,0.19888657536381338
recommendation,ssp434,2082,aerosol-total-with_bc-snow,0.20126304063518397
recommendation,ssp434,2083,aerosol-total-with_bc-snow,0.20404336646077065
recommendation,ssp434,2084,aerosol-total-with_bc-snow,0.20713173356570835
recommendation,ssp434,2085,aerosol-total-with_bc-snow,0.21044410598147462
recommendation,ssp434,2086,aerosol-total-with_bc-snow,0.21395791519796703
recommendation,ssp434,2087,aerosol-total-with_bc-snow,0.21766069621615097
recommendation,ssp434,2088,aerosol-total-with_bc-snow,0.22147564232178668
recommendation,ssp434,2089,aerosol-total-with_bc-snow,0.22539988055239746
recommendation,ssp434,2090,aerosol-total-with_bc-snow,0.22942410056775192
recommendation,ssp434,2091,aerosol-total-with_bc-snow,0.23330657296858737
recommendation,ssp434,2092,aerosol-total-with_bc-snow,0.2370666486633346
recommendation,ssp434,2093,aerosol-total-with_bc-snow,0.2407606592088452
recommendation,ssp434,2094,aerosol-total-with_bc-snow,0.24441536011393955
recommendation,ssp434,2095,aerosol-total-with_bc-snow,0.24805515725996036
recommendation,ssp434,2096,aerosol-total-with_bc-snow,0.25168168608071395
recommendation,ssp434,2097,aerosol-total-with_bc-snow,0.2553098059381377
recommendation,ssp434,2098,aerosol-total-with_bc-snow,0.2589671217077388
recommendation,ssp434,2099,aerosol-total-with_bc-snow,0.2626491480263429
recommendation,ssp434,2100,aerosol-total-with_bc-snow,0.2663620012890467
recommendation,ssp370-lowNTCF-gidden,2019,aerosol-total-with_bc-snow,0.0
recommendation,ssp370-lowNTCF-gidden,2020,aerosol-total-with_bc-snow,-0.0021780736777562426
recommendation,ssp370-lowNTCF-gidden,2021,aerosol-total-with_bc-snow,-0.0025943070098811694
recommendation,ssp370-lowNTCF-gidden,2022,aerosol-total-with_bc-snow,-0.0017284697860534548
recommendation,ssp370-lowNTCF-gidden,2023,aerosol-total-with_bc-snow,0.0001467757753295107
recommendation,ssp370-lowNTCF-gidden,2024,aerosol-total-with_bc-snow,0.002754501613334015
recommendation,ssp370-lowNTCF-gidden,2025,aerosol-total-with_bc-snow,0.005883703026978271
recommendation,ssp370-lowNTCF-gidden,2026,aerosol-total-with_bc-snow,0.009455474056232482
recommendation,ssp370-lowNTCF-gidden,2027,aerosol-total-with_bc-snow,0.013391206551829349
recommendation,ssp370-lowNTCF-gidden,2028,aerosol-total-with_bc-snow,0.017612484718579013
recommendation,ssp370-lowNTCF-gidden,2029,aerosol-total-with_bc-snow,0.022035296118462666
recommendation,ssp370-lowNTCF-gidden,2030,aerosol-total-with_bc-snow,0.02660676234243975
recommendation,ssp370-lowNTCF-gidden,2031,aerosol-total-with_bc-snow,0.031614072088255285
recommendation,ssp370-lowNTCF-gidden,2032,aerosol-total-with_bc-snow,0.03696231025688568
recommendation,ssp370-lowNTCF-gidden,2033,aerosol-total-with_bc-snow,0.042554277204859825
recommendation,ssp370-lowNTCF-gidden,2034,aerosol-total-with_bc-snow,0.048397417656091735
recommendation,ssp370-lowNTCF-gidden,2035,aerosol-total-with_bc-snow,0.05444668945214326
recommendation,ssp370-lowNTCF-gidden,2036,aerosol-total-with_bc-snow,0.06063375947326621
recommendation,ssp370-lowNTCF-gidden,2037,aerosol-total-with_bc-snow,0.06695372822385437
recommendation,ssp370-lowNTCF-gidden,2038,aerosol-total-with_bc-snow,0.07338954083779647
recommendation,ssp370-lowNTCF-gidden,2039,aerosol-total-with_bc-snow,0.07993556907410782
recommendation,ssp370-lowNTCF-gidden,2040,aerosol-total-with_bc-snow,0.08657723691972552
recommendation,ssp370-lowNTCF-gidden,2041,aerosol-total-with_bc-snow,0.09387863536066698
recommendation,ssp370-lowNTCF-gidden,2042,aerosol-total-with_bc-snow,0.10175004784441943
recommendation,ssp370-lowNTCF-gidden,2043,aerosol-total-with_bc-snow,0.1100516283937113
recommendation,ssp370-lowNTCF-gidden,2044,aerosol-total-with_bc-snow,0.11869298058630706
recommendation,ssp370-lowNTCF-gidden,2045,aerosol-total-with_bc-snow,0.12769863710563567
recommendation,ssp370-lowNTCF-gidden,2046,aerosol-total-with_bc-snow,0.13698603126087994
recommendation,ssp370-lowNTCF-gidden,2047,aerosol-total-with_bc-snow,0.14650012007230906
recommendation,ssp370-lowNTCF-gidden,2048,aerosol-total-with_bc-snow,0.15618444148871508
recommendation,ssp370-lowNTCF-gidden,2049,aerosol-total-with_bc-snow,0.1660512146183285
recommendation,ssp370-lowNTCF-gidden,2050,aerosol-total-with_bc-snow,0.176113177850296
recommendation,ssp370-lowNTCF-gidden,2051,aerosol-total-with_bc-snow,0.18401591957858793
recommendation,ssp370-lowNTCF-gidden,2052,aerosol-total-with_bc-snow,0.19031188725228548
recommendation,ssp370-lowNTCF-gidden,2053,aerosol-total-with_bc-snow,0.19542007106207998
recommendation,ssp370-lowNTCF-gidden,2054,aerosol-total-with_bc-snow,0.19962604995973615
recommendation,ssp370-lowNTCF-gidden,2055,aerosol-total-with_bc-snow,0.20317470513652885
recommendation,ssp370-lowNTCF-gidden,2056,aerosol-total-with_bc-snow,0.2062319529884032
recommendation,ssp370-lowNTCF-gidden,2057,aerosol-total-with_bc-snow,0.20892031241391207
recommendation,ssp370-lowNTCF-gidden,2058,aerosol-total-with_bc-snow,0.21132365912172069
recommendation,ssp370-lowNTCF-gidden,2059,aerosol-total-with_bc-snow,0.21351853533661164
recommendation,ssp370-lowNTCF-gidden,2060,aerosol-total-with_bc-snow,0.2155824525609189
recommendation,ssp370-lowNTCF-gidden,2061,aerosol-total-with_bc-snow,0.2175517536172702
recommendation,ssp370-lowNTCF-gidden,2062,aerosol-total-with_bc-snow,0.2194694856963168
recommendation,ssp370-lowNTCF-gidden,2063,aerosol-total-with_bc-snow,0.22133167380177177
recommendation,ssp370-lowNTCF-gidden,2064,aerosol-total-with_bc-snow,0.22314849736829628
recommendation,ssp370-lowNTCF-gidden,2065,aerosol-total-with_bc-snow,0.2249403940224986
recommendation,ssp370-lowNTCF-gidden,2066,aerosol-total-with_bc-snow,0.22672380884126053
recommendation,ssp370-lowNTCF-gidden,2067,aerosol-total-with_bc-snow,0.2284982454973068
recommendation,ssp370-lowNTCF-gidden,2068,aerosol-total-with_bc-snow,0.23026860423916928
recommendation,ssp370-lowNTCF-gidden,2069,aerosol-total-with_bc-snow,0.2320542516204373
recommendation,ssp370-lowNTCF-gidden,2070,aerosol-total-with_bc-snow,0.2338369964613245
recommendation,ssp370-lowNTCF-gidden,2071,aerosol-total-with_bc-snow,0.23562256239723972
recommendation,ssp370-lowNTCF-gidden,2072,aerosol-total-with_bc-snow,0.2374046690954817
recommendation,ssp370-lowNTCF-gidden,2073,aerosol-total-with_bc-snow,0.2391891936746065
recommendation,ssp370-lowNTCF-gidden,2074,aerosol-total-with_bc-snow,0.24099852499903884
recommendation,ssp370-lowNTCF-gidden,2075,aerosol-total-with_bc-snow,0.24281778525595726
recommendation,ssp370-lowNTCF-gidden,2076,aerosol-total-with_bc-snow,0.24463695396761398
recommendation,ssp370-lowNTCF-gidden,2077,aerosol-total-with_bc-snow,0.2464762577415423
recommendation,ssp370-lowNTCF-gidden,2078,aerosol-total-with_bc-snow,0.24832560559367028
recommendation,ssp370-lowNTCF-gidden,2079,aerosol-total-with_bc-snow,0.25019271324495934
recommendation,ssp370-lowNTCF-gidden,2080,aerosol-total-with_bc-snow,0.252071937723528
recommendation,ssp370-lowNTCF-gidden,2081,aerosol-total-with_bc-snow,0.253911939194165
recommendation,ssp370-lowNTCF-gidden,2082,aerosol-total-with_bc-snow,0.2557159560815432
recommendation,ssp370-lowNTCF-gidden,2083,aerosol-total-with_bc-snow,0.2574989126177672
recommendation,ssp370-lowNTCF-gidden,2084,aerosol-total-with_bc-snow,0.2592585117869235
recommendation,ssp370-lowNTCF-gidden,2085,aerosol-total-with_bc-snow,0.2610212246069858
recommendation,ssp370-lowNTCF-gidden,2086,aerosol-total-with_bc-snow,0.2627817340585292
recommendation,ssp370-lowNTCF-gidden,2087,aerosol-total-with_bc-snow,0.26452890563074133
recommendation,ssp370-lowNTCF-gidden,2088,aerosol-total-with_bc-snow,0.26628601123034107
recommendation,ssp370-lowNTCF-gidden,2089,aerosol-total-with_bc-snow,0.2680268981499577
recommendation,ssp370-lowNTCF-gidden,2090,aerosol-total-with_bc-snow,0.26978413100166726
recommendation,ssp370-lowNTCF-gidden,2091,aerosol-total-with_bc-snow,0.27155189913838346
recommendation,ssp370-lowNTCF-gidden,2092,aerosol-total-with_bc-snow,0.2733307917127967
recommendation,ssp370-lowNTCF-gidden,2093,aerosol-total-with_bc-snow,0.275108843920897
recommendation,ssp370-lowNTCF-gidden,2094,aerosol-total-with_bc-snow,0.2769012302845773
recommendation,ssp370-lowNTCF-gidden,2095,aerosol-total-with_bc-snow,0.2787056853717115
recommendation,ssp370-lowNTCF-gidden,2096,aerosol-total-with_bc-snow,0.2805229550884975
recommendation,ssp370-lowNTCF-gidden,2097,aerosol-total-with_bc-snow,0.2823503952899624
recommendation,ssp370-lowNTCF-gidden,2098,aerosol-total-with_bc-snow,0.2841844923138461
recommendation,ssp370-lowNTCF-gidden,2099,aerosol-total-with_bc-snow,0.2860289364807537
recommendation,ssp370-lowNTCF-gidden,2100,aerosol-total-with_bc-snow,0.2879029841027276
