percentile,scenario,year,variable,Delta T
recommendation,ssp534-over,2019,ch4,0.0
recommendation,ssp534-over,2020,ch4,0.003683600671830378
recommendation,ssp534-over,2021,ch4,0.007032104513365334
recommendation,ssp534-over,2022,ch4,0.010128853978516983
recommendation,ssp534-over,2023,ch4,0.013076247200699054
recommendation,ssp534-over,2024,ch4,0.01594710322573989
recommendation,ssp534-over,2025,ch4,0.018793127192472392
recommendation,ssp534-over,2026,ch4,0.02164977678820401
recommendation,ssp534-over,2027,ch4,0.024540883693309645
recommendation,ssp534-over,2028,ch4,0.02748163610621618
recommendation,ssp534-over,2029,ch4,0.0304807744484355
recommendation,ssp534-over,2030,ch4,0.033542728653412957
recommendation,ssp534-over,2031,ch4,0.03666827165606551
recommendation,ssp534-over,2032,ch4,0.0398789425378927
recommendation,ssp534-over,2033,ch4,0.04320726252923357
recommendation,ssp534-over,2034,ch4,0.04667314866203476
recommendation,ssp534-over,2035,ch4,0.05028668781516371
recommendation,ssp534-over,2036,ch4,0.05405024088172866
recommendation,ssp534-over,2037,ch4,0.05796136430655263
recommendation,ssp534-over,2038,ch4,0.06201409993898699
recommendation,ssp534-over,2039,ch4,0.0662008112523722
recommendation,ssp534-over,2040,ch4,0.0705118185891882
recommendation,ssp534-over,2041,ch4,0.0749363608641741
recommendation,ssp534-over,2042,ch4,0.0792251572848583
recommendation,ssp534-over,2043,ch4,0.08297131046294981
recommendation,ssp534-over,2044,ch4,0.08590620527475867
recommendation,ssp534-over,2045,ch4,0.08785828610755858
recommendation,ssp534-over,2046,ch4,0.08872336679588805
recommendation,ssp534-over,2047,ch4,0.08844471446746943
recommendation,ssp534-over,2048,ch4,0.08699646140314532
recommendation,ssp534-over,2049,ch4,0.0843736127409268
recommendation,ssp534-over,2050,ch4,0.08058302262348949
recommendation,ssp534-over,2051,ch4,0.07563905775046553
recommendation,ssp534-over,2052,ch4,0.06969676853504198
recommendation,ssp534-over,2053,ch4,0.06301372173177244
recommendation,ssp534-over,2054,ch4,0.05578119947972393
recommendation,ssp534-over,2055,ch4,0.0481394148203782
recommendation,ssp534-over,2056,ch4,0.04019125342312013
recommendation,ssp534-over,2057,ch4,0.032012590797635465
recommendation,ssp534-over,2058,ch4,0.023658066569152036
recommendation,ssp534-over,2059,ch4,0.015165768195183282
recommendation,ssp534-over,2060,ch4,0.006563366643815349
recommendation,ssp534-over,2061,ch4,-0.0021314496392146887
recommendation,ssp534-over,2062,ch4,-0.010841741968440566
recommendation,ssp534-over,2063,ch4,-0.019448235178241124
recommendation,ssp534-over,2064,ch4,-0.02786751256236042
recommendation,ssp534-over,2065,ch4,-0.0360425312994509
recommendation,ssp534-over,2066,ch4,-0.04393718176143385
recommendation,ssp534-over,2067,ch4,-0.05152990610774816
recommendation,ssp534-over,2068,ch4,-0.05880939821169079
recommendation,ssp534-over,2069,ch4,-0.0657730943332577
recommendation,ssp534-over,2070,ch4,-0.07242364315979599
recommendation,ssp534-over,2071,ch4,-0.07876860737122571
recommendation,ssp534-over,2072,ch4,-0.08480792166026754
recommendation,ssp534-over,2073,ch4,-0.09053638384295137
recommendation,ssp534-over,2074,ch4,-0.0959556013455814
recommendation,ssp534-over,2075,ch4,-0.10107075339056856
recommendation,ssp534-over,2076,ch4,-0.10589062982198907
recommendation,ssp534-over,2077,ch4,-0.11042700762179206
recommendation,ssp534-over,2078,ch4,-0.11469225347224063
recommendation,ssp534-over,2079,ch4,-0.11870001976431
recommendation,ssp534-over,2080,ch4,-0.12246383698751828
recommendation,ssp534-over,2081,ch4,-0.1259979653808946
recommendation,ssp534-over,2082,ch4,-0.12932068053710766
recommendation,ssp534-over,2083,ch4,-0.13245282275113054
recommendation,ssp534-over,2084,ch4,-0.13541201555568652
recommendation,ssp534-over,2085,ch4,-0.1382135550894802
recommendation,ssp534-over,2086,ch4,-0.14087241167092535
recommendation,ssp534-over,2087,ch4,-0.1434000287513923
recommendation,ssp534-over,2088,ch4,-0.1458072700548591
recommendation,ssp534-over,2089,ch4,-0.14810530846527847
recommendation,ssp534-over,2090,ch4,-0.15029467590429918
recommendation,ssp534-over,2091,ch4,-0.1523726496655172
recommendation,ssp534-over,2092,ch4,-0.15433955189042822
recommendation,ssp534-over,2093,ch4,-0.1561959677787359
recommendation,ssp534-over,2094,ch4,-0.15794686119693113
recommendation,ssp534-over,2095,ch4,-0.15959845879852308
recommendation,ssp534-over,2096,ch4,-0.16115658398962016
recommendation,ssp534-over,2097,ch4,-0.16262887685235816
recommendation,ssp534-over,2098,ch4,-0.1640222861728665
recommendation,ssp534-over,2099,ch4,-0.1653432625448056
recommendation,ssp534-over,2100,ch4,-0.1665994477395357
recommendation,ssp334,2019,ch4,0.0
recommendation,ssp334,2020,ch4,0.005511791108213704
recommendation,ssp334,2021,ch4,0.010431330236522873
recommendation,ssp334,2022,ch4,0.014906496648969536
recommendation,ssp334,2023,ch4,0.019047740311219974
recommendation,ssp334,2024,ch4,0.02293756099006755
recommendation,ssp334,2025,ch4,0.02663758662496124
recommendation,ssp334,2026,ch4,0.030193858995887335
recommendation,ssp334,2027,ch4,0.033640780719553454
recommendation,ssp334,2028,ch4,0.037004062614602484
recommendation,ssp334,2029,ch4,0.040302924608833945
recommendation,ssp334,2030,ch4,0.043551739241100174
recommendation,ssp334,2031,ch4,0.045987430925960526
recommendation,ssp334,2032,ch4,0.04781512944332944
recommendation,ssp334,2033,ch4,0.04918801423238095
recommendation,ssp334,2034,ch4,0.05022047168066257
recommendation,ssp334,2035,ch4,0.05099792010826143
recommendation,ssp334,2036,ch4,0.05158414640935055
recommendation,ssp334,2037,ch4,0.052026784565776696
recommendation,ssp334,2038,ch4,0.05236140663487521
recommendation,ssp334,2039,ch4,0.05261457762577615
recommendation,ssp334,2040,ch4,0.05280613667688139
recommendation,ssp334,2041,ch4,0.05224006956255833
recommendation,ssp334,2042,ch4,0.051101611065876074
recommendation,ssp334,2043,ch4,0.049529020843841254
recommendation,ssp334,2044,ch4,0.04762547920229443
recommendation,ssp334,2045,ch4,0.04546797002029829
recommendation,ssp334,2046,ch4,0.04311391387727981
recommendation,ssp334,2047,ch4,0.040606121180012444
recommendation,ssp334,2048,ch4,0.03797649077571852
recommendation,ssp334,2049,ch4,0.03524877177590624
recommendation,ssp334,2050,ch4,0.03244062584633228
recommendation,ssp334,2051,ch4,0.0298755871259197
recommendation,ssp334,2052,ch4,0.027488393782424625
recommendation,ssp334,2053,ch4,0.025230293570877416
recommendation,ssp334,2054,ch4,0.023064862136330577
recommendation,ssp334,2055,ch4,0.02096488039417488
recommendation,ssp334,2056,ch4,0.018910002758581068
recommendation,ssp334,2057,ch4,0.016885015923237323
recommendation,ssp334,2058,ch4,0.014878538626834859
recommendation,ssp334,2059,ch4,0.012882050716247706
recommendation,ssp334,2060,ch4,0.010889168106967329
recommendation,ssp334,2061,ch4,0.009260802917264777
recommendation,ssp334,2062,ch4,0.007903512203351781
recommendation,ssp334,2063,ch4,0.0067475198282761495
recommendation,ssp334,2064,ch4,0.005740722426282208
recommendation,ssp334,2065,ch4,0.0048442134575525375
recommendation,ssp334,2066,ch4,0.004028940871383113
recommendation,ssp334,2067,ch4,0.00327321127236907
recommendation,ssp334,2068,ch4,0.0025608261984650937
recommendation,ssp334,2069,ch4,0.0018796904179398388
recommendation,ssp334,2070,ch4,0.0012207726984979073
recommendation,ssp334,2071,ch4,0.000679453112159778
recommendation,ssp334,2072,ch4,0.00022528916567005064
recommendation,ssp334,2073,ch4,-0.00016445004872739366
recommendation,ssp334,2074,ch4,-0.0005067369496143392
recommendation,ssp334,2075,ch4,-0.0008142439081813002
recommendation,ssp334,2076,ch4,-0.0010964323150584043
recommendation,ssp334,2077,ch4,-0.0013603658226199467
recommendation,ssp334,2078,ch4,-0.0016113176199669121
recommendation,ssp334,2079,ch4,-0.001853223905280199
recommendation,ssp334,2080,ch4,-0.0020890225086495073
recommendation,ssp334,2081,ch4,-0.002251847016711661
recommendation,ssp334,2082,ch4,-0.0023605928514411345
recommendation,ssp334,2083,ch4,-0.0024293685342031135
recommendation,ssp334,2084,ch4,-0.0024687080537209583
recommendation,ssp334,2085,ch4,-0.0024864761814304415
recommendation,ssp334,2086,ch4,-0.002488544500460932
recommendation,ssp334,2087,ch4,-0.0024792962188809886
recommendation,ssp334,2088,ch4,-0.002462003130473789
recommendation,ssp334,2089,ch4,-0.0024391071038336043
recommendation,ssp334,2090,ch4,-0.002412430279593869
recommendation,ssp334,2091,ch4,-0.002337847857915687
recommendation,ssp334,2092,ch4,-0.002227776473929688
recommendation,ssp334,2093,ch4,-0.002091487045158491
recommendation,ssp334,2094,ch4,-0.0019359014809591235
recommendation,ssp334,2095,ch4,-0.0017661876118721942
recommendation,ssp334,2096,ch4,-0.0015862034430871308
recommendation,ssp334,2097,ch4,-0.0013988288932247905
recommendation,ssp334,2098,ch4,-0.0012062135146765351
recommendation,ssp334,2099,ch4,-0.0010099614745855967
recommendation,ssp334,2100,ch4,-0.0008112696862676017
recommendation,ssp119,2019,ch4,0.0
recommendation,ssp119,2020,ch4,0.002934714012263029
recommendation,ssp119,2021,ch4,0.005331653923737356
recommendation,ssp119,2022,ch4,0.007193156233173514
recommendation,ssp119,2023,ch4,0.008509520607781595
recommendation,ssp119,2024,ch4,0.009282404783526765
recommendation,ssp119,2025,ch4,0.009521646826358476
recommendation,ssp119,2026,ch4,0.00924153447113124
recommendation,ssp119,2027,ch4,0.008459492701625992
recommendation,ssp119,2028,ch4,0.007194683418180192
recommendation,ssp119,2029,ch4,0.005465989730098264
recommendation,ssp119,2030,ch4,0.0032920015681485726
recommendation,ssp119,2031,ch4,0.0006915522089881443
recommendation,ssp119,2032,ch4,-0.0022651475647231245
recommendation,ssp119,2033,ch4,-0.005471337543782262
recommendation,ssp119,2034,ch4,-0.008848840966968863
recommendation,ssp119,2035,ch4,-0.012339348008765183
recommendation,ssp119,2036,ch4,-0.01590146244516466
recommendation,ssp119,2037,ch4,-0.019504943204979586
recommendation,ssp119,2038,ch4,-0.023128414016391097
recommendation,ssp119,2039,ch4,-0.026757179820511234
recommendation,ssp119,2040,ch4,-0.030381023533976537
recommendation,ssp119,2041,ch4,-0.03399366025531342
recommendation,ssp119,2042,ch4,-0.03758576437809413
recommendation,ssp119,2043,ch4,-0.04114727707518223
recommendation,ssp119,2044,ch4,-0.04467137231301488
recommendation,ssp119,2045,ch4,-0.0481536709412787
recommendation,ssp119,2046,ch4,-0.051592762162492034
recommendation,ssp119,2047,ch4,-0.05498839693530999
recommendation,ssp119,2048,ch4,-0.05834178047411592
recommendation,ssp119,2049,ch4,-0.0616535445073636
recommendation,ssp119,2050,ch4,-0.06492675071409304
recommendation,ssp119,2051,ch4,-0.06816289102089917
recommendation,ssp119,2052,ch4,-0.07135240858939748
recommendation,ssp119,2053,ch4,-0.07447606908447796
recommendation,ssp119,2054,ch4,-0.07752119462487331
recommendation,ssp119,2055,ch4,-0.08048007384379824
recommendation,ssp119,2056,ch4,-0.08334935886193534
recommendation,ssp119,2057,ch4,-0.08612785458226019
recommendation,ssp119,2058,ch4,-0.08881600693063543
recommendation,ssp119,2059,ch4,-0.09141614275882132
recommendation,ssp119,2060,ch4,-0.09393144559225264
recommendation,ssp119,2061,ch4,-0.09636517108751444
recommendation,ssp119,2062,ch4,-0.09872066177874603
recommendation,ssp119,2063,ch4,-0.10100195685023472
recommendation,ssp119,2064,ch4,-0.10321304841170745
recommendation,ssp119,2065,ch4,-0.10535729535934452
recommendation,ssp119,2066,ch4,-0.10743883627729789
recommendation,ssp119,2067,ch4,-0.10946180164248973
recommendation,ssp119,2068,ch4,-0.11142972276760388
recommendation,ssp119,2069,ch4,-0.11334631959820166
recommendation,ssp119,2070,ch4,-0.11521483956090289
recommendation,ssp119,2071,ch4,-0.11703882769424745
recommendation,ssp119,2072,ch4,-0.11882460216992494
recommendation,ssp119,2073,ch4,-0.12058123784936989
recommendation,ssp119,2074,ch4,-0.12231485300526626
recommendation,ssp119,2075,ch4,-0.12403125588001684
recommendation,ssp119,2076,ch4,-0.12573348590442507
recommendation,ssp119,2077,ch4,-0.12742570612676962
recommendation,ssp119,2078,ch4,-0.12910972772457188
recommendation,ssp119,2079,ch4,-0.13078816949240066
recommendation,ssp119,2080,ch4,-0.13246232555853704
recommendation,ssp119,2081,ch4,-0.1341337899118121
recommendation,ssp119,2082,ch4,-0.13579983296676343
recommendation,ssp119,2083,ch4,-0.13745637961430893
recommendation,ssp119,2084,ch4,-0.1390996511802264
recommendation,ssp119,2085,ch4,-0.1407280578351856
recommendation,ssp119,2086,ch4,-0.1423403331810772
recommendation,ssp119,2087,ch4,-0.14393612336167366
recommendation,ssp119,2088,ch4,-0.14551576236511696
recommendation,ssp119,2089,ch4,-0.14708011429371431
recommendation,ssp119,2090,ch4,-0.1486290978083156
recommendation,ssp119,2091,ch4,-0.15016393998093572
recommendation,ssp119,2092,ch4,-0.15168348774296794
recommendation,ssp119,2093,ch4,-0.15318545258872232
recommendation,ssp119,2094,ch4,-0.15466737364846225
recommendation,ssp119,2095,ch4,-0.15612868242613454
recommendation,ssp119,2096,ch4,-0.15756957006400393
recommendation,ssp119,2097,ch4,-0.15898599871145302
recommendation,ssp119,2098,ch4,-0.16036936455183318
recommendation,ssp119,2099,ch4,-0.16171582702321036
recommendation,ssp119,2100,ch4,-0.163022401410414
recommendation,ssp460,2019,ch4,0.0
recommendation,ssp460,2020,ch4,0.00485352166822689
recommendation,ssp460,2021,ch4,0.009688920080302421
recommendation,ssp460,2022,ch4,0.014534480157593899
recommendation,ssp460,2023,ch4,0.01936582365535161
recommendation,ssp460,2024,ch4,0.024166533264713796
recommendation,ssp460,2025,ch4,0.02892563919683705
recommendation,ssp460,2026,ch4,0.03363528867844379
recommendation,ssp460,2027,ch4,0.03829129806709186
recommendation,ssp460,2028,ch4,0.04289082289311397
recommendation,ssp460,2029,ch4,0.04743291774218822
recommendation,ssp460,2030,ch4,0.05191756166499628
recommendation,ssp460,2031,ch4,0.05634497015730716
recommendation,ssp460,2032,ch4,0.06071026380285377
recommendation,ssp460,2033,ch4,0.06500400577329613
recommendation,ssp460,2034,ch4,0.06922081390114737
recommendation,ssp460,2035,ch4,0.07335876257843815
recommendation,ssp460,2036,ch4,0.07741799042728142
recommendation,ssp460,2037,ch4,0.0814001737752642
recommendation,ssp460,2038,ch4,0.0853072308536792
recommendation,ssp460,2039,ch4,0.08914165516601863
recommendation,ssp460,2040,ch4,0.09290764644070026
recommendation,ssp460,2041,ch4,0.09660807535478949
recommendation,ssp460,2042,ch4,0.10023687878185816
recommendation,ssp460,2043,ch4,0.10378311007432278
recommendation,ssp460,2044,ch4,0.10723973705010292
recommendation,ssp460,2045,ch4,0.11060387585421821
recommendation,ssp460,2046,ch4,0.11387567832091905
recommendation,ssp460,2047,ch4,0.1170563143453327
recommendation,ssp460,2048,ch4,0.12014888039493593
recommendation,ssp460,2049,ch4,0.1231570982655752
recommendation,ssp460,2050,ch4,0.12608512661059695
recommendation,ssp460,2051,ch4,0.12893699742285541
recommendation,ssp460,2052,ch4,0.13171262535068912
recommendation,ssp460,2053,ch4,0.1344084516399635
recommendation,ssp460,2054,ch4,0.13702438559526292
recommendation,ssp460,2055,ch4,0.13956088906977748
recommendation,ssp460,2056,ch4,0.14202043299110317
recommendation,ssp460,2057,ch4,0.14440574021580183
recommendation,ssp460,2058,ch4,0.14672014899306574
recommendation,ssp460,2059,ch4,0.14896780788265085
recommendation,ssp460,2060,ch4,0.1511522729417582
recommendation,ssp460,2061,ch4,0.15327745004537235
recommendation,ssp460,2062,ch4,0.1553403860036212
recommendation,ssp460,2063,ch4,0.15733303774563723
recommendation,ssp460,2064,ch4,0.1592514572063033
recommendation,ssp460,2065,ch4,0.16109433112001936
recommendation,ssp460,2066,ch4,0.16286190555894992
recommendation,ssp460,2067,ch4,0.16455598002381044
recommendation,ssp460,2068,ch4,0.16617910597987778
recommendation,ssp460,2069,ch4,0.16773438988006412
recommendation,ssp460,2070,ch4,0.16922535060484684
recommendation,ssp460,2071,ch4,0.17065540649798866
recommendation,ssp460,2072,ch4,0.17202245838378644
recommendation,ssp460,2073,ch4,0.1733198997652612
recommendation,ssp460,2074,ch4,0.17454473836406637
recommendation,ssp460,2075,ch4,0.17569630669969227
recommendation,ssp460,2076,ch4,0.17677486775050233
recommendation,ssp460,2077,ch4,0.1777829394946555
recommendation,ssp460,2078,ch4,0.17872278251027596
recommendation,ssp460,2079,ch4,0.17959801033447842
recommendation,ssp460,2080,ch4,0.18041167458069418
recommendation,ssp460,2081,ch4,0.18116721479972397
recommendation,ssp460,2082,ch4,0.1818656069356503
recommendation,ssp460,2083,ch4,0.18250637775892764
recommendation,ssp460,2084,ch4,0.18308992865487622
recommendation,ssp460,2085,ch4,0.183617279984708
recommendation,ssp460,2086,ch4,0.18409112352632107
recommendation,ssp460,2087,ch4,0.18451342449992442
recommendation,ssp460,2088,ch4,0.18488678850996126
recommendation,ssp460,2089,ch4,0.18521429114277904
recommendation,ssp460,2090,ch4,0.1854985928320409
recommendation,ssp460,2091,ch4,0.18574244007644575
recommendation,ssp460,2092,ch4,0.18595055867238924
recommendation,ssp460,2093,ch4,0.18612844021447167
recommendation,ssp460,2094,ch4,0.18628053600244115
recommendation,ssp460,2095,ch4,0.18641056962354624
recommendation,ssp460,2096,ch4,0.18652171100228793
recommendation,ssp460,2097,ch4,0.18661631521196004
recommendation,ssp460,2098,ch4,0.1866961357115972
recommendation,ssp460,2099,ch4,0.1867636545375439
recommendation,ssp460,2100,ch4,0.1868199388530995
recommendation,ssp585,2019,ch4,0.0
recommendation,ssp585,2020,ch4,0.003555190453524537
recommendation,ssp585,2021,ch4,0.006741502727622917
recommendation,ssp585,2022,ch4,0.009644848480783508
recommendation,ssp585,2023,ch4,0.012377807987831724
recommendation,ssp585,2024,ch4,0.015021306608113405
recommendation,ssp585,2025,ch4,0.01763216425704961
recommendation,ssp585,2026,ch4,0.020250157704957472
recommendation,ssp585,2027,ch4,0.022902343690201388
recommendation,ssp585,2028,ch4,0.025605370962004048
recommendation,ssp585,2029,ch4,0.028369549823352935
recommendation,ssp585,2030,ch4,0.031200474398153488
recommendation,ssp585,2031,ch4,0.034099781806672336
recommendation,ssp585,2032,ch4,0.03708974498714479
recommendation,ssp585,2033,ch4,0.04020632793966
recommendation,ssp585,2034,ch4,0.04347058896297551
recommendation,ssp585,2035,ch4,0.046892996247794416
recommendation,ssp585,2036,ch4,0.05047658850015174
recommendation,ssp585,2037,ch4,0.0542189455615939
recommendation,ssp585,2038,ch4,0.05811451727807598
recommendation,ssp585,2039,ch4,0.062154585068373125
recommendation,ssp585,2040,ch4,0.06632948884776674
recommendation,ssp585,2041,ch4,0.07062890196341981
recommendation,ssp585,2042,ch4,0.07502691295079594
recommendation,ssp585,2043,ch4,0.07948942925729452
recommendation,ssp585,2044,ch4,0.08399113723167317
recommendation,ssp585,2045,ch4,0.08851330817193814
recommendation,ssp585,2046,ch4,0.09304209536008617
recommendation,ssp585,2047,ch4,0.09756688451465162
recommendation,ssp585,2048,ch4,0.10208073355789166
recommendation,ssp585,2049,ch4,0.10657817527492369
recommendation,ssp585,2050,ch4,0.11105484313144903
recommendation,ssp585,2051,ch4,0.11550842024898983
recommendation,ssp585,2052,ch4,0.11989926551193958
recommendation,ssp585,2053,ch4,0.12416346399009476
recommendation,ssp585,2054,ch4,0.1282599864074378
recommendation,ssp585,2055,ch4,0.1321631084676394
recommendation,ssp585,2056,ch4,0.13585874631556616
recommendation,ssp585,2057,ch4,0.13934179125101787
recommendation,ssp585,2058,ch4,0.1426120863666948
recommendation,ssp585,2059,ch4,0.14567348487499232
recommendation,ssp585,2060,ch4,0.1485323725738888
recommendation,ssp585,2061,ch4,0.1511973372957769
recommendation,ssp585,2062,ch4,0.15367855259391355
recommendation,ssp585,2063,ch4,0.15598694033575666
recommendation,ssp585,2064,ch4,0.15813316080851386
recommendation,ssp585,2065,ch4,0.1601283901670526
recommendation,ssp585,2066,ch4,0.1619822328032145
recommendation,ssp585,2067,ch4,0.16370425065952443
recommendation,ssp585,2068,ch4,0.16530357651723948
recommendation,ssp585,2069,ch4,0.1667886236067176
recommendation,ssp585,2070,ch4,0.16816686154001642
recommendation,ssp585,2071,ch4,0.16944620264880284
recommendation,ssp585,2072,ch4,0.17061849069993745
recommendation,ssp585,2073,ch4,0.17166549751189952
recommendation,ssp585,2074,ch4,0.17257705726786837
recommendation,ssp585,2075,ch4,0.17334859544779613
recommendation,ssp585,2076,ch4,0.17398010935327674
recommendation,ssp585,2077,ch4,0.1744734071819134
recommendation,ssp585,2078,ch4,0.17483244782215845
recommendation,ssp585,2079,ch4,0.17506317960009093
recommendation,ssp585,2080,ch4,0.17517146158849933
recommendation,ssp585,2081,ch4,0.17516348379452046
recommendation,ssp585,2082,ch4,0.17503312442704783
recommendation,ssp585,2083,ch4,0.17476493129913295
recommendation,ssp585,2084,ch4,0.17435057597488374
recommendation,ssp585,2085,ch4,0.17378744098687188
recommendation,ssp585,2086,ch4,0.17307600994644523
recommendation,ssp585,2087,ch4,0.17221946525325066
recommendation,ssp585,2088,ch4,0.17122304603635002
recommendation,ssp585,2089,ch4,0.1700923289932244
recommendation,ssp585,2090,ch4,0.16883398076731876
recommendation,ssp585,2091,ch4,0.16745468363737137
recommendation,ssp585,2092,ch4,0.16597776970730127
recommendation,ssp585,2093,ch4,0.16443849705307123
recommendation,ssp585,2094,ch4,0.1628621264269784
recommendation,ssp585,2095,ch4,0.1612672601809404
recommendation,ssp585,2096,ch4,0.1596662828565691
recommendation,ssp585,2097,ch4,0.1580689656817716
recommendation,ssp585,2098,ch4,0.15648148956972713
recommendation,ssp585,2099,ch4,0.1549081769180352
recommendation,ssp585,2100,ch4,0.15335151567919664
recommendation,ssp370,2019,ch4,0.0
recommendation,ssp370,2020,ch4,0.004256681881989632
recommendation,ssp370,2021,ch4,0.008333090145534627
recommendation,ssp370,2022,ch4,0.012287635499495075
recommendation,ssp370,2023,ch4,0.016167085548077997
recommendation,ssp370,2024,ch4,0.02000425427268443
recommendation,ssp370,2025,ch4,0.023822057458242507
recommendation,ssp370,2026,ch4,0.02763601083177114
recommendation,ssp370,2027,ch4,0.03145617556410635
recommendation,ssp370,2028,ch4,0.03528946169786157
recommendation,ssp370,2029,ch4,0.03913952681125277
recommendation,ssp370,2030,ch4,0.04300808897461467
recommendation,ssp370,2031,ch4,0.04689542880383657
recommendation,ssp370,2032,ch4,0.050795396664732095
recommendation,ssp370,2033,ch4,0.05469761132232637
recommendation,ssp370,2034,ch4,0.05859397239285591
recommendation,ssp370,2035,ch4,0.0624794181111078
recommendation,ssp370,2036,ch4,0.06634982067934053
recommendation,ssp370,2037,ch4,0.070202623243316
recommendation,ssp370,2038,ch4,0.07403600387166343
recommendation,ssp370,2039,ch4,0.07784868064251471
recommendation,ssp370,2040,ch4,0.08163934032980907
recommendation,ssp370,2041,ch4,0.08540794367061572
recommendation,ssp370,2042,ch4,0.08915454400317308
recommendation,ssp370,2043,ch4,0.09287967614382259
recommendation,ssp370,2044,ch4,0.09658422064647043
recommendation,ssp370,2045,ch4,0.10026846500979109
recommendation,ssp370,2046,ch4,0.10393310953921298
recommendation,ssp370,2047,ch4,0.10757830760644699
recommendation,ssp370,2048,ch4,0.11120464347796671
recommendation,ssp370,2049,ch4,0.11481218021136552
recommendation,ssp370,2050,ch4,0.11840103465032237
recommendation,ssp370,2051,ch4,0.12197133656031067
recommendation,ssp370,2052,ch4,0.12552607938392263
recommendation,ssp370,2053,ch4,0.1290691556998032
recommendation,ssp370,2054,ch4,0.1326030622576589
recommendation,ssp370,2055,ch4,0.13613006598642663
recommendation,ssp370,2056,ch4,0.13965105369036707
recommendation,ssp370,2057,ch4,0.1431666972543003
recommendation,ssp370,2058,ch4,0.14667710152639968
recommendation,ssp370,2059,ch4,0.1501819787588186
recommendation,ssp370,2060,ch4,0.15368150055302499
recommendation,ssp370,2061,ch4,0.15717504592316411
recommendation,ssp370,2062,ch4,0.16066331315309257
recommendation,ssp370,2063,ch4,0.16414645394594596
recommendation,ssp370,2064,ch4,0.16762537011192535
recommendation,ssp370,2065,ch4,0.17109957366358314
recommendation,ssp370,2066,ch4,0.17456910649874507
recommendation,ssp370,2067,ch4,0.17803360700630266
recommendation,ssp370,2068,ch4,0.1814924689539284
recommendation,ssp370,2069,ch4,0.18494560225586082
recommendation,ssp370,2070,ch4,0.18839184973652473
recommendation,ssp370,2071,ch4,0.19183111156317895
recommendation,ssp370,2072,ch4,0.19526369512256153
recommendation,ssp370,2073,ch4,0.19869096594330676
recommendation,ssp370,2074,ch4,0.20211356962494093
recommendation,ssp370,2075,ch4,0.2055312582697449
recommendation,ssp370,2076,ch4,0.2089445967031039
recommendation,ssp370,2077,ch4,0.21235290187944106
recommendation,ssp370,2078,ch4,0.21575604663773712
recommendation,ssp370,2079,ch4,0.21915359253762073
recommendation,ssp370,2080,ch4,0.2225448499986981
recommendation,ssp370,2081,ch4,0.2259293409635726
recommendation,ssp370,2082,ch4,0.22930206539943948
recommendation,ssp370,2083,ch4,0.23265542160398683
recommendation,ssp370,2084,ch4,0.2359842034316228
recommendation,ssp370,2085,ch4,0.23928494793402472
recommendation,ssp370,2086,ch4,0.24255552963606325
recommendation,ssp370,2087,ch4,0.2457944329862694
recommendation,ssp370,2088,ch4,0.24900164648856032
recommendation,ssp370,2089,ch4,0.2521772407315645
recommendation,ssp370,2090,ch4,0.2553216701917164
recommendation,ssp370,2091,ch4,0.25843568104149434
recommendation,ssp370,2092,ch4,0.2615202303154979
recommendation,ssp370,2093,ch4,0.2645774749860968
recommendation,ssp370,2094,ch4,0.2676086966851195
recommendation,ssp370,2095,ch4,0.27061492127487247
recommendation,ssp370,2096,ch4,0.2735979562576794
recommendation,ssp370,2097,ch4,0.27655818620882117
recommendation,ssp370,2098,ch4,0.2794969291828557
recommendation,ssp370,2099,ch4,0.28241486291689716
recommendation,ssp370,2100,ch4,0.28531254886094554
recommendation,ssp370-lowNTCF-aerchemmip,2019,ch4,0.0
recommendation,ssp370-lowNTCF-aerchemmip,2020,ch4,0.004256681881989632
recommendation,ssp370-lowNTCF-aerchemmip,2021,ch4,0.008333090145534627
recommendation,ssp370-lowNTCF-aerchemmip,2022,ch4,0.012287635499495075
recommendation,ssp370-lowNTCF-aerchemmip,2023,ch4,0.016167085548077997
recommendation,ssp370-lowNTCF-aerchemmip,2024,ch4,0.02000425427268443
recommendation,ssp370-lowNTCF-aerchemmip,2025,ch4,0.023822057458242507
recommendation,ssp370-lowNTCF-aerchemmip,2026,ch4,0.02763601083177114
recommendation,ssp370-lowNTCF-aerchemmip,2027,ch4,0.03145617556410635
recommendation,ssp370-lowNTCF-aerchemmip,2028,ch4,0.03528946169786157
recommendation,ssp370-lowNTCF-aerchemmip,2029,ch4,0.03913952681125277
recommendation,ssp370-lowNTCF-aerchemmip,2030,ch4,0.04300808897461467
recommendation,ssp370-lowNTCF-aerchemmip,2031,ch4,0.04689542880383657
recommendation,ssp370-lowNTCF-aerchemmip,2032,ch4,0.050795396664732095
recommendation,ssp370-lowNTCF-aerchemmip,2033,ch4,0.05469761132232637
recommendation,ssp370-lowNTCF-aerchemmip,2034,ch4,0.05859397239285591
recommendation,ssp370-lowNTCF-aerchemmip,2035,ch4,0.0624794181111078
recommendation,ssp370-lowNTCF-aerchemmip,2036,ch4,0.06634982067934053
recommendation,ssp370-lowNTCF-aerchemmip,2037,ch4,0.070202623243316
recommendation,ssp370-lowNTCF-aerchemmip,2038,ch4,0.07403600387166343
recommendation,ssp370-lowNTCF-aerchemmip,2039,ch4,0.07784868064251471
recommendation,ssp370-lowNTCF-aerchemmip,2040,ch4,0.08163934032980907
recommendation,ssp370-lowNTCF-aerchemmip,2041,ch4,0.08540794367061572
recommendation,ssp370-lowNTCF-aerchemmip,2042,ch4,0.08915454400317308
recommendation,ssp370-lowNTCF-aerchemmip,2043,ch4,0.09287967614382259
recommendation,ssp370-lowNTCF-aerchemmip,2044,ch4,0.09658422064647043
recommendation,ssp370-lowNTCF-aerchemmip,2045,ch4,0.10026846500979109
recommendation,ssp370-lowNTCF-aerchemmip,2046,ch4,0.10393310953921298
recommendation,ssp370-lowNTCF-aerchemmip,2047,ch4,0.10757830760644699
recommendation,ssp370-lowNTCF-aerchemmip,2048,ch4,0.11120464347796671
recommendation,ssp370-lowNTCF-aerchemmip,2049,ch4,0.11481218021136552
recommendation,ssp370-lowNTCF-aerchemmip,2050,ch4,0.11840103465032237
recommendation,ssp370-lowNTCF-aerchemmip,2051,ch4,0.12197133656031067
recommendation,ssp370-lowNTCF-aerchemmip,2052,ch4,0.12552607938392263
recommendation,ssp370-lowNTCF-aerchemmip,2053,ch4,0.1290691556998032
recommendation,ssp370-lowNTCF-aerchemmip,2054,ch4,0.1326030622576589
recommendation,ssp370-lowNTCF-aerchemmip,2055,ch4,0.13613006598642663
recommendation,ssp370-lowNTCF-aerchemmip,2056,ch4,0.13965105369036707
recommendation,ssp370-lowNTCF-aerchemmip,2057,ch4,0.1431666972543003
recommendation,ssp370-lowNTCF-aerchemmip,2058,ch4,0.14667710152639968
recommendation,ssp370-lowNTCF-aerchemmip,2059,ch4,0.1501819787588186
recommendation,ssp370-lowNTCF-aerchemmip,2060,ch4,0.15368150055302499
recommendation,ssp370-lowNTCF-aerchemmip,2061,ch4,0.15717504592316411
recommendation,ssp370-lowNTCF-aerchemmip,2062,ch4,0.16066331315309257
recommendation,ssp370-lowNTCF-aerchemmip,2063,ch4,0.16414645394594596
recommendation,ssp370-lowNTCF-aerchemmip,2064,ch4,0.16762537011192535
recommendation,ssp370-lowNTCF-aerchemmip,2065,ch4,0.17109957366358314
recommendation,ssp370-lowNTCF-aerchemmip,2066,ch4,0.17456910649874507
recommendation,ssp370-lowNTCF-aerchemmip,2067,ch4,0.17803360700630266
recommendation,ssp370-lowNTCF-aerchemmip,2068,ch4,0.1814924689539284
recommendation,ssp370-lowNTCF-aerchemmip,2069,ch4,0.18494560225586082
recommendation,ssp370-lowNTCF-aerchemmip,2070,ch4,0.18839184973652473
recommendation,ssp370-lowNTCF-aerchemmip,2071,ch4,0.19183111156317895
recommendation,ssp370-lowNTCF-aerchemmip,2072,ch4,0.19526369512256153
recommendation,ssp370-lowNTCF-aerchemmip,2073,ch4,0.19869096594330676
recommendation,ssp370-lowNTCF-aerchemmip,2074,ch4,0.20211356962494093
recommendation,ssp370-lowNTCF-aerchemmip,2075,ch4,0.2055312582697449
recommendation,ssp370-lowNTCF-aerchemmip,2076,ch4,0.2089445967031039
recommendation,ssp370-lowNTCF-aerchemmip,2077,ch4,0.21235290187944106
recommendation,ssp370-lowNTCF-aerchemmip,2078,ch4,0.21575604663773712
recommendation,ssp370-lowNTCF-aerchemmip,2079,ch4,0.21915359253762073
recommendation,ssp370-lowNTCF-aerchemmip,2080,ch4,0.2225448499986981
recommendation,ssp370-lowNTCF-aerchemmip,2081,ch4,0.2259293409635726
recommendation,ssp370-lowNTCF-aerchemmip,2082,ch4,0.22930206539943948
recommendation,ssp370-lowNTCF-aerchemmip,2083,ch4,0.23265542160398683
recommendation,ssp370-lowNTCF-aerchemmip,2084,ch4,0.2359842034316228
recommendation,ssp370-lowNTCF-aerchemmip,2085,ch4,0.23928494793402472
recommendation,ssp370-lowNTCF-aerchemmip,2086,ch4,0.24255552963606325
recommendation,ssp370-lowNTCF-aerchemmip,2087,ch4,0.2457944329862694
recommendation,ssp370-lowNTCF-aerchemmip,2088,ch4,0.24900164648856032
recommendation,ssp370-lowNTCF-aerchemmip,2089,ch4,0.2521772407315645
recommendation,ssp370-lowNTCF-aerchemmip,2090,ch4,0.2553216701917164
recommendation,ssp370-lowNTCF-aerchemmip,2091,ch4,0.25843568104149434
recommendation,ssp370-lowNTCF-aerchemmip,2092,ch4,0.2615202303154979
recommendation,ssp370-lowNTCF-aerchemmip,2093,ch4,0.2645774749860968
recommendation,ssp370-lowNTCF-aerchemmip,2094,ch4,0.2676086966851195
recommendation,ssp370-lowNTCF-aerchemmip,2095,ch4,0.27061492127487247
recommendation,ssp370-lowNTCF-aerchemmip,2096,ch4,0.2735979562576794
recommendation,ssp370-lowNTCF-aerchemmip,2097,ch4,0.27655818620882117
recommendation,ssp370-lowNTCF-aerchemmip,2098,ch4,0.2794969291828557
recommendation,ssp370-lowNTCF-aerchemmip,2099,ch4,0.28241486291689716
recommendation,ssp370-lowNTCF-aerchemmip,2100,ch4,0.28531254886094554
recommendation,ssp126,2019,ch4,0.0
recommendation,ssp126,2020,ch4,0.0026615261743559437
recommendation,ssp126,2021,ch4,0.0047101323473864865
recommendation,ssp126,2022,ch4,0.006190275817815394
recommendation,ssp126,2023,ch4,0.0071706257970118314
recommendation,ssp126,2024,ch4,0.0077078326811412246
recommendation,ssp126,2025,ch4,0.007848038702143012
recommendation,ssp126,2026,ch4,0.007630483481862016
recommendation,ssp126,2027,ch4,0.007087767666705158
recommendation,ssp126,2028,ch4,0.0062475314765201295
recommendation,ssp126,2029,ch4,0.005133683077531537
recommendation,ssp126,2030,ch4,0.0037668827932625937
recommendation,ssp126,2031,ch4,0.002165360801542948
recommendation,ssp126,2032,ch4,0.00035810395931362704
recommendation,ssp126,2033,ch4,-0.0016190934541740476
recommendation,ssp126,2034,ch4,-0.0037376974839077315
recommendation,ssp126,2035,ch4,-0.005977117895954398
recommendation,ssp126,2036,ch4,-0.008319635877744425
recommendation,ssp126,2037,ch4,-0.010752711123500902
recommendation,ssp126,2038,ch4,-0.013266142679895232
recommendation,ssp126,2039,ch4,-0.015851453152975425
recommendation,ssp126,2040,ch4,-0.018501957103400246
recommendation,ssp126,2041,ch4,-0.02121230070962643
recommendation,ssp126,2042,ch4,-0.023966466893228733
recommendation,ssp126,2043,ch4,-0.02674126191042031
recommendation,ssp126,2044,ch4,-0.029520145157972966
recommendation,ssp126,2045,ch4,-0.032292129573681216
recommendation,ssp126,2046,ch4,-0.035049849200892214
recommendation,ssp126,2047,ch4,-0.037788143781030015
recommendation,ssp126,2048,ch4,-0.040504042784829886
recommendation,ssp126,2049,ch4,-0.0431967933698833
recommendation,ssp126,2050,ch4,-0.045866224677084455
recommendation,ssp126,2051,ch4,-0.04851261189012368
recommendation,ssp126,2052,ch4,-0.051132675492661095
recommendation,ssp126,2053,ch4,-0.053720967366085726
recommendation,ssp126,2054,ch4,-0.056273734409961085
recommendation,ssp126,2055,ch4,-0.058789072692056576
recommendation,ssp126,2056,ch4,-0.06126704656370546
recommendation,ssp126,2057,ch4,-0.06370750871837483
recommendation,ssp126,2058,ch4,-0.06611188352085404
recommendation,ssp126,2059,ch4,-0.06848164894706904
recommendation,ssp126,2060,ch4,-0.07081832883361228
recommendation,ssp126,2061,ch4,-0.07312350428513975
recommendation,ssp126,2062,ch4,-0.07540288892600214
recommendation,ssp126,2063,ch4,-0.07766480107466833
recommendation,ssp126,2064,ch4,-0.07991543925567712
recommendation,ssp126,2065,ch4,-0.08215884227299086
recommendation,ssp126,2066,ch4,-0.0843991954142306
recommendation,ssp126,2067,ch4,-0.08663903192899985
recommendation,ssp126,2068,ch4,-0.08888084576710589
recommendation,ssp126,2069,ch4,-0.09112589481191105
recommendation,ssp126,2070,ch4,-0.09337571724354107
recommendation,ssp126,2071,ch4,-0.09563146975263398
recommendation,ssp126,2072,ch4,-0.09789585857530367
recommendation,ssp126,2073,ch4,-0.10017401321790098
recommendation,ssp126,2074,ch4,-0.10246922706243683
recommendation,ssp126,2075,ch4,-0.10478403723497029
recommendation,ssp126,2076,ch4,-0.10711917410715488
recommendation,ssp126,2077,ch4,-0.10947648710592678
recommendation,ssp126,2078,ch4,-0.1118561838856908
recommendation,ssp126,2079,ch4,-0.11425848079667023
recommendation,ssp126,2080,ch4,-0.11668360684354467
recommendation,ssp126,2081,ch4,-0.11913115035022823
recommendation,ssp126,2082,ch4,-0.12158355154140194
recommendation,ssp126,2083,ch4,-0.12401071479224868
recommendation,ssp126,2084,ch4,-0.12639159851072868
recommendation,ssp126,2085,ch4,-0.1287126303267218
recommendation,ssp126,2086,ch4,-0.13096521865930733
recommendation,ssp126,2087,ch4,-0.13314454129357328
recommendation,ssp126,2088,ch4,-0.135248638126394
recommendation,ssp126,2089,ch4,-0.13727772265294758
recommendation,ssp126,2090,ch4,-0.1392330113232518
recommendation,ssp126,2091,ch4,-0.14111716322961648
recommendation,ssp126,2092,ch4,-0.1429326030078288
recommendation,ssp126,2093,ch4,-0.14468360564098517
recommendation,ssp126,2094,ch4,-0.1463738665514654
recommendation,ssp126,2095,ch4,-0.14800665797075166
recommendation,ssp126,2096,ch4,-0.14958630788306684
recommendation,ssp126,2097,ch4,-0.15111591952836015
recommendation,ssp126,2098,ch4,-0.15259973219580325
recommendation,ssp126,2099,ch4,-0.15404012894082716
recommendation,ssp126,2100,ch4,-0.15544151427507855
recommendation,ssp245,2019,ch4,0.0
recommendation,ssp245,2020,ch4,0.0037531413156229876
recommendation,ssp245,2021,ch4,0.007192269921971417
recommendation,ssp245,2022,ch4,0.010369377502552735
recommendation,ssp245,2023,ch4,0.01333114217424819
recommendation,ssp245,2024,ch4,0.016113985653282314
recommendation,ssp245,2025,ch4,0.018746652618674642
recommendation,ssp245,2026,ch4,0.02125214279712534
recommendation,ssp245,2027,ch4,0.023648667680019275
recommendation,ssp245,2028,ch4,0.025950371475003287
recommendation,ssp245,2029,ch4,0.02816977887050809
recommendation,ssp245,2030,ch4,0.03031629478555109
recommendation,ssp245,2031,ch4,0.032397941113883
recommendation,ssp245,2032,ch4,0.034403061327630935
recommendation,ssp245,2033,ch4,0.03630773870338855
recommendation,ssp245,2034,ch4,0.038096592158871845
recommendation,ssp245,2035,ch4,0.03976104447272766
recommendation,ssp245,2036,ch4,0.0412979981634663
recommendation,ssp245,2037,ch4,0.04270705062553115
recommendation,ssp245,2038,ch4,0.043990709213517054
recommendation,ssp245,2039,ch4,0.045152224788580275
recommendation,ssp245,2040,ch4,0.04619634324637839
recommendation,ssp245,2041,ch4,0.04712888587691377
recommendation,ssp245,2042,ch4,0.04794588309148751
recommendation,ssp245,2043,ch4,0.04863647763466217
recommendation,ssp245,2044,ch4,0.049195683075449026
recommendation,ssp245,2045,ch4,0.049622442894791174
recommendation,ssp245,2046,ch4,0.04991767228840727
recommendation,ssp245,2047,ch4,0.05008470235864476
recommendation,ssp245,2048,ch4,0.05012771186628984
recommendation,ssp245,2049,ch4,0.050051993494214964
recommendation,ssp245,2050,ch4,0.04986320455844334
recommendation,ssp245,2051,ch4,0.049566805765405675
recommendation,ssp245,2052,ch4,0.04916533820716357
recommendation,ssp245,2053,ch4,0.04865912914234777
recommendation,ssp245,2054,ch4,0.04805009465289517
recommendation,ssp245,2055,ch4,0.04734134527837852
recommendation,ssp245,2056,ch4,0.04653641928086477
recommendation,ssp245,2057,ch4,0.04563965774182788
recommendation,ssp245,2058,ch4,0.04465507173841199
recommendation,ssp245,2059,ch4,0.04358736673324831
recommendation,ssp245,2060,ch4,0.04244084178105012
recommendation,ssp245,2061,ch4,0.041219508333006805
recommendation,ssp245,2062,ch4,0.03994106180487139
recommendation,ssp245,2063,ch4,0.038631706232332697
recommendation,ssp245,2064,ch4,0.037309714884097844
recommendation,ssp245,2065,ch4,0.03598886250397054
recommendation,ssp245,2066,ch4,0.03467811207310323
recommendation,ssp245,2067,ch4,0.0333837786134375
recommendation,ssp245,2068,ch4,0.032109706723692455
recommendation,ssp245,2069,ch4,0.030859356064132426
recommendation,ssp245,2070,ch4,0.02963344602572221
recommendation,ssp245,2071,ch4,0.028432597660774883
recommendation,ssp245,2072,ch4,0.027253435156942063
recommendation,ssp245,2073,ch4,0.026089544517548358
recommendation,ssp245,2074,ch4,0.024936146402574744
recommendation,ssp245,2075,ch4,0.023789670009603525
recommendation,ssp245,2076,ch4,0.02264746315595728
recommendation,ssp245,2077,ch4,0.021508030992613114
recommendation,ssp245,2078,ch4,0.02037027710092676
recommendation,ssp245,2079,ch4,0.019233380421490254
recommendation,ssp245,2080,ch4,0.01809674874197087
recommendation,ssp245,2081,ch4,0.01696044006046349
recommendation,ssp245,2082,ch4,0.015833073422877042
recommendation,ssp245,2083,ch4,0.014729761421898468
recommendation,ssp245,2084,ch4,0.013660936092104004
recommendation,ssp245,2085,ch4,0.012633020517978766
recommendation,ssp245,2086,ch4,0.011649932858665724
recommendation,ssp245,2087,ch4,0.010714207328260228
recommendation,ssp245,2088,ch4,0.00982582250153713
recommendation,ssp245,2089,ch4,0.008985360467400894
recommendation,ssp245,2090,ch4,0.008191308607733816
recommendation,ssp245,2091,ch4,0.007442100535389629
recommendation,ssp245,2092,ch4,0.00673716203421626
recommendation,ssp245,2093,ch4,0.006075113929292553
recommendation,ssp245,2094,ch4,0.005454984112475358
recommendation,ssp245,2095,ch4,0.004874569989383737
recommendation,ssp245,2096,ch4,0.0043322819311284455
recommendation,ssp245,2097,ch4,0.0038259565451082556
recommendation,ssp245,2098,ch4,0.0033540171972485933
recommendation,ssp245,2099,ch4,0.002914303638930582
recommendation,ssp245,2100,ch4,0.0025047226023778846
recommendation,ssp434,2019,ch4,0.0
recommendation,ssp434,2020,ch4,0.004853522642448593
recommendation,ssp434,2021,ch4,0.009688914072900623
recommendation,ssp434,2022,ch4,0.014477420683528586
recommendation,ssp434,2023,ch4,0.019100656004363614
recommendation,ssp434,2024,ch4,0.02348207348003889
recommendation,ssp434,2025,ch4,0.027573571802438523
recommendation,ssp434,2026,ch4,0.03134834433588962
recommendation,ssp434,2027,ch4,0.034794703897901735
recommendation,ssp434,2028,ch4,0.03791015912744122
recommendation,ssp434,2029,ch4,0.040700711577421445
recommendation,ssp434,2030,ch4,0.043175764342009926
recommendation,ssp434,2031,ch4,0.04534807792302359
recommendation,ssp434,2032,ch4,0.04727800937771043
recommendation,ssp434,2033,ch4,0.04905856983510265
recommendation,ssp434,2034,ch4,0.05075639326139042
recommendation,ssp434,2035,ch4,0.05241981521551242
recommendation,ssp434,2036,ch4,0.054083022227397526
recommendation,ssp434,2037,ch4,0.05577008208424161
recommendation,ssp434,2038,ch4,0.05749706198779819
recommendation,ssp434,2039,ch4,0.05927495259204968
recommendation,ssp434,2040,ch4,0.06110962531100411
recommendation,ssp434,2041,ch4,0.06300488806236282
recommendation,ssp434,2042,ch4,0.06495052642130844
recommendation,ssp434,2043,ch4,0.06692637513497673
recommendation,ssp434,2044,ch4,0.06891830713324026
recommendation,ssp434,2045,ch4,0.07091669713810883
recommendation,ssp434,2046,ch4,0.07291439203963684
recommendation,ssp434,2047,ch4,0.07490695325393065
recommendation,ssp434,2048,ch4,0.07689109054908866
recommendation,ssp434,2049,ch4,0.07886480766443604
recommendation,ssp434,2050,ch4,0.0808270769630301
recommendation,ssp434,2051,ch4,0.08277757288730914
recommendation,ssp434,2052,ch4,0.0847121484352224
recommendation,ssp434,2053,ch4,0.0866242345585953
recommendation,ssp434,2054,ch4,0.08850941812142415
recommendation,ssp434,2055,ch4,0.09036486597580917
recommendation,ssp434,2056,ch4,0.09219023883602478
recommendation,ssp434,2057,ch4,0.09398488031673624
recommendation,ssp434,2058,ch4,0.0957491955815678
recommendation,ssp434,2059,ch4,0.09748437711322316
recommendation,ssp434,2060,ch4,0.0991913256141953
recommendation,ssp434,2061,ch4,0.10087202541128948
recommendation,ssp434,2062,ch4,0.10252454826614515
recommendation,ssp434,2063,ch4,0.10414575997971465
recommendation,ssp434,2064,ch4,0.10573421041160891
recommendation,ssp434,2065,ch4,0.10728883649690335
recommendation,ssp434,2066,ch4,0.10881014398020283
recommendation,ssp434,2067,ch4,0.11029895679025414
recommendation,ssp434,2068,ch4,0.11175632098004623
recommendation,ssp434,2069,ch4,0.113183894756761
recommendation,ssp434,2070,ch4,0.1145833467448174
recommendation,ssp434,2071,ch4,0.11595634892878492
recommendation,ssp434,2072,ch4,0.1172974075018724
recommendation,ssp434,2073,ch4,0.11859653188577984
recommendation,ssp434,2074,ch4,0.11984797337889791
recommendation,ssp434,2075,ch4,0.12104786362581271
recommendation,ssp434,2076,ch4,0.12219500855400772
recommendation,ssp434,2077,ch4,0.12328936672207336
recommendation,ssp434,2078,ch4,0.12433217949952557
recommendation,ssp434,2079,ch4,0.1253247707237356
recommendation,ssp434,2080,ch4,0.12626940540654802
recommendation,ssp434,2081,ch4,0.12716817904403238
recommendation,ssp434,2082,ch4,0.12801511102501079
recommendation,ssp434,2083,ch4,0.1287981918657623
recommendation,ssp434,2084,ch4,0.12950966805879682
recommendation,ssp434,2085,ch4,0.13014622926795316
recommendation,ssp434,2086,ch4,0.13070577512771997
recommendation,ssp434,2087,ch4,0.1311891847787272
recommendation,ssp434,2088,ch4,0.1315979274871273
recommendation,ssp434,2089,ch4,0.13193427614657866
recommendation,ssp434,2090,ch4,0.13220157101119384
recommendation,ssp434,2091,ch4,0.13240266176078658
recommendation,ssp434,2092,ch4,0.1325421792281956
recommendation,ssp434,2093,ch4,0.132625644482601
recommendation,ssp434,2094,ch4,0.13265799879140644
recommendation,ssp434,2095,ch4,0.13264329887614007
recommendation,ssp434,2096,ch4,0.13258538870774317
recommendation,ssp434,2097,ch4,0.13248752904940148
recommendation,ssp434,2098,ch4,0.13235338381376244
recommendation,ssp434,2099,ch4,0.13218524415369526
recommendation,ssp434,2100,ch4,0.13198563519115997
recommendation,ssp370-lowNTCF-gidden,2019,ch4,0.0
recommendation,ssp370-lowNTCF-gidden,2020,ch4,0.004041640741397512
recommendation,ssp370-lowNTCF-gidden,2021,ch4,0.007845993888183078
recommendation,ssp370-lowNTCF-gidden,2022,ch4,0.011321613785802931
recommendation,ssp370-lowNTCF-gidden,2023,ch4,0.014268040947466865
recommendation,ssp370-lowNTCF-gidden,2024,ch4,0.01655682747579218
recommendation,ssp370-lowNTCF-gidden,2025,ch4,0.01810861154610033
recommendation,ssp370-lowNTCF-gidden,2026,ch4,0.01888055612266676
recommendation,ssp370-lowNTCF-gidden,2027,ch4,0.01885386977357595
recommendation,ssp370-lowNTCF-gidden,2028,ch4,0.01802561253274637
recommendation,ssp370-lowNTCF-gidden,2029,ch4,0.016403659773680246
recommendation,ssp370-lowNTCF-gidden,2030,ch4,0.014003544022640702
recommendation,ssp370-lowNTCF-gidden,2031,ch4,0.010843250191209908
recommendation,ssp370-lowNTCF-gidden,2032,ch4,0.007035163704664116
recommendation,ssp370-lowNTCF-gidden,2033,ch4,0.002758117421561457
recommendation,ssp370-lowNTCF-gidden,2034,ch4,-0.0018556774418748145
recommendation,ssp370-lowNTCF-gidden,2035,ch4,-0.006708908706598404
recommendation,ssp370-lowNTCF-gidden,2036,ch4,-0.011729887499744296
recommendation,ssp370-lowNTCF-gidden,2037,ch4,-0.016866630682135675
recommendation,ssp370-lowNTCF-gidden,2038,ch4,-0.022080884241171606
recommendation,ssp370-lowNTCF-gidden,2039,ch4,-0.027345206559999502
recommendation,ssp370-lowNTCF-gidden,2040,ch4,-0.03264030850043542
recommendation,ssp370-lowNTCF-gidden,2041,ch4,-0.03795246615048814
recommendation,ssp370-lowNTCF-gidden,2042,ch4,-0.043235559962814585
recommendation,ssp370-lowNTCF-gidden,2043,ch4,-0.048418965045210205
recommendation,ssp370-lowNTCF-gidden,2044,ch4,-0.05345535176019328
recommendation,ssp370-lowNTCF-gidden,2045,ch4,-0.0583128753547576
recommendation,ssp370-lowNTCF-gidden,2046,ch4,-0.06297208773772123
recommendation,ssp370-lowNTCF-gidden,2047,ch4,-0.06742247968487622
recommendation,ssp370-lowNTCF-gidden,2048,ch4,-0.07165987631072271
recommendation,ssp370-lowNTCF-gidden,2049,ch4,-0.07568503318545702
recommendation,ssp370-lowNTCF-gidden,2050,ch4,-0.07950140379239476
recommendation,ssp370-lowNTCF-gidden,2051,ch4,-0.08311578950593482
recommendation,ssp370-lowNTCF-gidden,2052,ch4,-0.0865269273105817
recommendation,ssp370-lowNTCF-gidden,2053,ch4,-0.08972926756046501
recommendation,ssp370-lowNTCF-gidden,2054,ch4,-0.09272183249831659
recommendation,ssp370-lowNTCF-gidden,2055,ch4,-0.09550721497088649
recommendation,ssp370-lowNTCF-gidden,2056,ch4,-0.09809080956727825
recommendation,ssp370-lowNTCF-gidden,2057,ch4,-0.10047960940076431
recommendation,ssp370-lowNTCF-gidden,2058,ch4,-0.10268130072681972
recommendation,ssp370-lowNTCF-gidden,2059,ch4,-0.10470538807130131
recommendation,ssp370-lowNTCF-gidden,2060,ch4,-0.10656036729325091
recommendation,ssp370-lowNTCF-gidden,2061,ch4,-0.10825589266399491
recommendation,ssp370-lowNTCF-gidden,2062,ch4,-0.10981056480898818
recommendation,ssp370-lowNTCF-gidden,2063,ch4,-0.11124981848633925
recommendation,ssp370-lowNTCF-gidden,2064,ch4,-0.1125931663753515
recommendation,ssp370-lowNTCF-gidden,2065,ch4,-0.11385632346872704
recommendation,ssp370-lowNTCF-gidden,2066,ch4,-0.11505156661097365
recommendation,ssp370-lowNTCF-gidden,2067,ch4,-0.11618799451869549
recommendation,ssp370-lowNTCF-gidden,2068,ch4,-0.11727294810207739
recommendation,ssp370-lowNTCF-gidden,2069,ch4,-0.11831309477913751
recommendation,ssp370-lowNTCF-gidden,2070,ch4,-0.1193139835358174
recommendation,ssp370-lowNTCF-gidden,2071,ch4,-0.12027907595680831
recommendation,ssp370-lowNTCF-gidden,2072,ch4,-0.12119643621955165
recommendation,ssp370-lowNTCF-gidden,2073,ch4,-0.12204250239663902
recommendation,ssp370-lowNTCF-gidden,2074,ch4,-0.12280199015869087
recommendation,ssp370-lowNTCF-gidden,2075,ch4,-0.12346519000594114
recommendation,ssp370-lowNTCF-gidden,2076,ch4,-0.12402913094582105
recommendation,ssp370-lowNTCF-gidden,2077,ch4,-0.124492115338081
recommendation,ssp370-lowNTCF-gidden,2078,ch4,-0.12485531341733266
recommendation,ssp370-lowNTCF-gidden,2079,ch4,-0.12512206142066248
recommendation,ssp370-lowNTCF-gidden,2080,ch4,-0.12529605676634453
recommendation,ssp370-lowNTCF-gidden,2081,ch4,-0.1253819245432238
recommendation,ssp370-lowNTCF-gidden,2082,ch4,-0.12539193515908903
recommendation,ssp370-lowNTCF-gidden,2083,ch4,-0.12534280911561577
recommendation,ssp370-lowNTCF-gidden,2084,ch4,-0.1252470362427797
recommendation,ssp370-lowNTCF-gidden,2085,ch4,-0.1251145660060018
recommendation,ssp370-lowNTCF-gidden,2086,ch4,-0.12495283022697456
recommendation,ssp370-lowNTCF-gidden,2087,ch4,-0.12476737641661761
recommendation,ssp370-lowNTCF-gidden,2088,ch4,-0.1245629698625946
recommendation,ssp370-lowNTCF-gidden,2089,ch4,-0.12434317544927914
recommendation,ssp370-lowNTCF-gidden,2090,ch4,-0.12411001913304884
recommendation,ssp370-lowNTCF-gidden,2091,ch4,-0.12386564468230216
recommendation,ssp370-lowNTCF-gidden,2092,ch4,-0.12360662303300213
recommendation,ssp370-lowNTCF-gidden,2093,ch4,-0.12332599034805616
recommendation,ssp370-lowNTCF-gidden,2094,ch4,-0.12301791831413086
recommendation,ssp370-lowNTCF-gidden,2095,ch4,-0.12268056035195021
recommendation,ssp370-lowNTCF-gidden,2096,ch4,-0.12231254302282418
recommendation,ssp370-lowNTCF-gidden,2097,ch4,-0.12191409207314274
recommendation,ssp370-lowNTCF-gidden,2098,ch4,-0.1214853844813612
recommendation,ssp370-lowNTCF-gidden,2099,ch4,-0.12102718019038505
recommendation,ssp370-lowNTCF-gidden,2100,ch4,-0.12054130324443274
