scenario,year,p95-p50,p05-p50,base_period,variable
ssp119,2020,,,2020,aerosol-total-with_bc-snow
ssp119,2021,0.006247867702628059,-0.0062478677026280615,2020,aerosol-total-with_bc-snow
ssp119,2022,0.013711909048267027,-0.013711909048267034,2020,aerosol-total-with_bc-snow
ssp119,2023,0.022537529608591893,-0.0225375296085919,2020,aerosol-total-with_bc-snow
ssp119,2024,0.03222519086205761,-0.032225190862057614,2020,aerosol-total-with_bc-snow
ssp119,2025,0.04250890660660025,-0.04250890660660027,2020,aerosol-total-with_bc-snow
ssp119,2026,0.05343449841147682,-0.05343449841147684,2020,aerosol-total-with_bc-snow
ssp119,2027,0.06476429128409567,-0.06476429128409568,2020,aerosol-total-with_bc-snow
ssp119,2028,0.07683420585066213,-0.07683420585066215,2020,aerosol-total-with_bc-snow
ssp119,2029,0.08981012073942304,-0.08981012073942309,2020,aerosol-total-with_bc-snow
ssp119,2030,0.10299044965007281,-0.10299044965007285,2020,aerosol-total-with_bc-snow
ssp119,2031,0.11574279893491568,-0.11574279893491575,2020,aerosol-total-with_bc-snow
ssp119,2032,0.12598394990651623,-0.12598394990651626,2020,aerosol-total-with_bc-snow
ssp119,2033,0.1348127828794125,-0.1348127828794126,2020,aerosol-total-with_bc-snow
ssp119,2034,0.14278438822880993,-0.14278438822881,2020,aerosol-total-with_bc-snow
ssp119,2035,0.14939353622787163,-0.1493935362278717,2020,aerosol-total-with_bc-snow
ssp119,2036,0.15552806636789862,-0.1555280663678987,2020,aerosol-total-with_bc-snow
ssp119,2037,0.16123238690789252,-0.1612323869078926,2020,aerosol-total-with_bc-snow
ssp119,2038,0.16508675262896014,-0.1650867526289602,2020,aerosol-total-with_bc-snow
ssp119,2039,0.16985640148717568,-0.16985640148717573,2020,aerosol-total-with_bc-snow
ssp119,2040,0.1744629509471381,-0.17446295094713815,2020,aerosol-total-with_bc-snow
ssp119,2041,0.1781986438989969,-0.17819864389899698,2020,aerosol-total-with_bc-snow
ssp119,2042,0.18180253301555097,-0.181802533015551,2020,aerosol-total-with_bc-snow
ssp119,2043,0.18569277166698397,-0.185692771666984,2020,aerosol-total-with_bc-snow
ssp119,2044,0.18966246298272416,-0.1896624629827242,2020,aerosol-total-with_bc-snow
ssp119,2045,0.19304839924169837,-0.1930483992416984,2020,aerosol-total-with_bc-snow
ssp119,2046,0.19655254183780174,-0.19655254183780183,2020,aerosol-total-with_bc-snow
ssp119,2047,0.1999103304028432,-0.19991033040284326,2020,aerosol-total-with_bc-snow
ssp119,2048,0.20321168205214188,-0.20321168205214196,2020,aerosol-total-with_bc-snow
ssp119,2049,0.20666928572963444,-0.2066692857296345,2020,aerosol-total-with_bc-snow
ssp119,2050,0.21058761584289157,-0.21058761584289168,2020,aerosol-total-with_bc-snow
ssp119,2051,0.21447565092738569,-0.2144756509273858,2020,aerosol-total-with_bc-snow
ssp119,2052,0.2166023086677254,-0.2166023086677255,2020,aerosol-total-with_bc-snow
ssp119,2053,0.22003043476616369,-0.22003043476616374,2020,aerosol-total-with_bc-snow
ssp119,2054,0.22269141680184806,-0.22269141680184815,2020,aerosol-total-with_bc-snow
ssp119,2055,0.2252841126063638,-0.22528411260636394,2020,aerosol-total-with_bc-snow
ssp119,2056,0.22727703361268023,-0.22727703361268037,2020,aerosol-total-with_bc-snow
ssp119,2057,0.22981534135739537,-0.22981534135739548,2020,aerosol-total-with_bc-snow
ssp119,2058,0.2318882942633722,-0.23188829426337226,2020,aerosol-total-with_bc-snow
ssp119,2059,0.23374047136453263,-0.23374047136453271,2020,aerosol-total-with_bc-snow
ssp119,2060,0.236009279007836,-0.23600927900783608,2020,aerosol-total-with_bc-snow
ssp119,2061,0.23776926593244285,-0.2377692659324429,2020,aerosol-total-with_bc-snow
ssp119,2062,0.23905045854183032,-0.23905045854183046,2020,aerosol-total-with_bc-snow
ssp119,2063,0.24033300708403038,-0.24033300708403046,2020,aerosol-total-with_bc-snow
ssp119,2064,0.24176432362404654,-0.24176432362404662,2020,aerosol-total-with_bc-snow
ssp119,2065,0.24314412810206731,-0.24314412810206742,2020,aerosol-total-with_bc-snow
ssp119,2066,0.24446861691617883,-0.2444686169161789,2020,aerosol-total-with_bc-snow
ssp119,2067,0.2453185956094674,-0.24531859560946748,2020,aerosol-total-with_bc-snow
ssp119,2068,0.2461429676595624,-0.24614296765956253,2020,aerosol-total-with_bc-snow
ssp119,2069,0.2473373430080067,-0.24733734300800675,2020,aerosol-total-with_bc-snow
ssp119,2070,0.24849518217790273,-0.2484951821779028,2020,aerosol-total-with_bc-snow
ssp119,2071,0.24930870340438893,-0.249308703404389,2020,aerosol-total-with_bc-snow
ssp119,2072,0.25071197487481295,-0.25071197487481306,2020,aerosol-total-with_bc-snow
ssp119,2073,0.25244464397477917,-0.2524446439747792,2020,aerosol-total-with_bc-snow
ssp119,2074,0.25408825506938415,-0.25408825506938426,2020,aerosol-total-with_bc-snow
ssp119,2075,0.2557255036693345,-0.25572550366933466,2020,aerosol-total-with_bc-snow
ssp119,2076,0.25690181587157723,-0.2569018158715774,2020,aerosol-total-with_bc-snow
ssp119,2077,0.257935525616395,-0.25793552561639516,2020,aerosol-total-with_bc-snow
ssp119,2078,0.2595980523305829,-0.2595980523305829,2020,aerosol-total-with_bc-snow
ssp119,2079,0.26138648170782075,-0.26138648170782086,2020,aerosol-total-with_bc-snow
ssp119,2080,0.2630234859049346,-0.2630234859049346,2020,aerosol-total-with_bc-snow
ssp119,2081,0.26459348347076855,-0.26459348347076866,2020,aerosol-total-with_bc-snow
ssp119,2082,0.2661103408771711,-0.2661103408771712,2020,aerosol-total-with_bc-snow
ssp119,2083,0.2670952005017192,-0.2670952005017193,2020,aerosol-total-with_bc-snow
ssp119,2084,0.2685259024966648,-0.2685259024966649,2020,aerosol-total-with_bc-snow
ssp119,2085,0.2698922390502969,-0.2698922390502971,2020,aerosol-total-with_bc-snow
ssp119,2086,0.27108927203818267,-0.27108927203818284,2020,aerosol-total-with_bc-snow
ssp119,2087,0.2722330878694358,-0.27223308786943584,2020,aerosol-total-with_bc-snow
ssp119,2088,0.27359124203212065,-0.27359124203212076,2020,aerosol-total-with_bc-snow
ssp119,2089,0.2748907515484478,-0.27489075154844783,2020,aerosol-total-with_bc-snow
ssp119,2090,0.2760220042929232,-0.27602200429292323,2020,aerosol-total-with_bc-snow
ssp119,2091,0.27723225319501593,-0.2772322531950161,2020,aerosol-total-with_bc-snow
ssp119,2092,0.2780772129184766,-0.2780772129184767,2020,aerosol-total-with_bc-snow
ssp119,2093,0.27980928694341206,-0.27980928694341217,2020,aerosol-total-with_bc-snow
ssp119,2094,0.28170027996239566,-0.2817002799623958,2020,aerosol-total-with_bc-snow
ssp119,2095,0.28340328398415976,-0.28340328398415987,2020,aerosol-total-with_bc-snow
ssp119,2096,0.2849031643132693,-0.2849031643132694,2020,aerosol-total-with_bc-snow
ssp119,2097,0.28612209719572884,-0.286122097195729,2020,aerosol-total-with_bc-snow
ssp119,2098,0.28765673153912785,-0.2876567315391279,2020,aerosol-total-with_bc-snow
ssp119,2099,0.2892774339341177,-0.28927743393411787,2020,aerosol-total-with_bc-snow
ssp119,2100,0.29149027025404883,-0.29149027025404894,2020,aerosol-total-with_bc-snow
ssp126,2020,,,2020,aerosol-total-with_bc-snow
ssp126,2021,0.005951859844355865,-0.005951859844355868,2020,aerosol-total-with_bc-snow
ssp126,2022,0.012682651269960252,-0.012682651269960259,2020,aerosol-total-with_bc-snow
ssp126,2023,0.020574343406055066,-0.020574343406055077,2020,aerosol-total-with_bc-snow
ssp126,2024,0.02889923994370063,-0.02889923994370065,2020,aerosol-total-with_bc-snow
ssp126,2025,0.03758307007129751,-0.03758307007129752,2020,aerosol-total-with_bc-snow
ssp126,2026,0.04663968996202433,-0.046639689962024354,2020,aerosol-total-with_bc-snow
ssp126,2027,0.05650373085256016,-0.056503730852560184,2020,aerosol-total-with_bc-snow
ssp126,2028,0.06629859366648815,-0.06629859366648817,2020,aerosol-total-with_bc-snow
ssp126,2029,0.07688968691448111,-0.07688968691448114,2020,aerosol-total-with_bc-snow
ssp126,2030,0.08724804530339905,-0.08724804530339908,2020,aerosol-total-with_bc-snow
ssp126,2031,0.09700564768262299,-0.09700564768262303,2020,aerosol-total-with_bc-snow
ssp126,2032,0.10539345639780968,-0.10539345639780973,2020,aerosol-total-with_bc-snow
ssp126,2033,0.11351526313579957,-0.11351526313579963,2020,aerosol-total-with_bc-snow
ssp126,2034,0.12065453670676926,-0.12065453670676933,2020,aerosol-total-with_bc-snow
ssp126,2035,0.12705610447731372,-0.12705610447731375,2020,aerosol-total-with_bc-snow
ssp126,2036,0.133100188437486,-0.13310018843748603,2020,aerosol-total-with_bc-snow
ssp126,2037,0.1390842128718854,-0.13908421287188544,2020,aerosol-total-with_bc-snow
ssp126,2038,0.14408128775156787,-0.14408128775156792,2020,aerosol-total-with_bc-snow
ssp126,2039,0.1492535569609009,-0.14925355696090095,2020,aerosol-total-with_bc-snow
ssp126,2040,0.15461399822402397,-0.15461399822402405,2020,aerosol-total-with_bc-snow
ssp126,2041,0.15941764281877097,-0.15941764281877105,2020,aerosol-total-with_bc-snow
ssp126,2042,0.1639348801636372,-0.1639348801636373,2020,aerosol-total-with_bc-snow
ssp126,2043,0.1679424784716108,-0.16794247847161092,2020,aerosol-total-with_bc-snow
ssp126,2044,0.17181736055114133,-0.17181736055114144,2020,aerosol-total-with_bc-snow
ssp126,2045,0.17564680508728317,-0.17564680508728323,2020,aerosol-total-with_bc-snow
ssp126,2046,0.17964734723328654,-0.17964734723328657,2020,aerosol-total-with_bc-snow
ssp126,2047,0.18287636073328706,-0.18287636073328717,2020,aerosol-total-with_bc-snow
ssp126,2048,0.1859691567054993,-0.18596915670549935,2020,aerosol-total-with_bc-snow
ssp126,2049,0.18895114062334226,-0.1889511406233423,2020,aerosol-total-with_bc-snow
ssp126,2050,0.19261062906076928,-0.1926106290607693,2020,aerosol-total-with_bc-snow
ssp126,2051,0.19557867278484817,-0.1955786727848482,2020,aerosol-total-with_bc-snow
ssp126,2052,0.19819298628708484,-0.19819298628708493,2020,aerosol-total-with_bc-snow
ssp126,2053,0.20046159997194662,-0.2004615999719467,2020,aerosol-total-with_bc-snow
ssp126,2054,0.20344362655721326,-0.20344362655721335,2020,aerosol-total-with_bc-snow
ssp126,2055,0.20583382283927143,-0.2058338228392715,2020,aerosol-total-with_bc-snow
ssp126,2056,0.20833203256840854,-0.20833203256840863,2020,aerosol-total-with_bc-snow
ssp126,2057,0.21038726685700987,-0.21038726685700995,2020,aerosol-total-with_bc-snow
ssp126,2058,0.21243784208506064,-0.21243784208506072,2020,aerosol-total-with_bc-snow
ssp126,2059,0.21442636061646908,-0.21442636061646916,2020,aerosol-total-with_bc-snow
ssp126,2060,0.216564853713396,-0.2165648537133961,2020,aerosol-total-with_bc-snow
ssp126,2061,0.21855291932537285,-0.21855291932537294,2020,aerosol-total-with_bc-snow
ssp126,2062,0.22072040373895369,-0.22072040373895377,2020,aerosol-total-with_bc-snow
ssp126,2063,0.22291429840606078,-0.22291429840606086,2020,aerosol-total-with_bc-snow
ssp126,2064,0.22481070332442007,-0.22481070332442019,2020,aerosol-total-with_bc-snow
ssp126,2065,0.2260118597450393,-0.22601185974503937,2020,aerosol-total-with_bc-snow
ssp126,2066,0.2271992763730984,-0.22719927637309847,2020,aerosol-total-with_bc-snow
ssp126,2067,0.22837232174610367,-0.22837232174610378,2020,aerosol-total-with_bc-snow
ssp126,2068,0.2297307133236734,-0.22973071332367345,2020,aerosol-total-with_bc-snow
ssp126,2069,0.23140794761253647,-0.23140794761253658,2020,aerosol-total-with_bc-snow
ssp126,2070,0.23285142412885884,-0.23285142412885892,2020,aerosol-total-with_bc-snow
ssp126,2071,0.23421344770965785,-0.23421344770965793,2020,aerosol-total-with_bc-snow
ssp126,2072,0.23536230175534034,-0.23536230175534048,2020,aerosol-total-with_bc-snow
ssp126,2073,0.2367712211398892,-0.23677122113988922,2020,aerosol-total-with_bc-snow
ssp126,2074,0.23825856222456654,-0.23825856222456662,2020,aerosol-total-with_bc-snow
ssp126,2075,0.24017512548568454,-0.2401751254856847,2020,aerosol-total-with_bc-snow
ssp126,2076,0.2419552396591369,-0.241955239659137,2020,aerosol-total-with_bc-snow
ssp126,2077,0.2439432720837974,-0.24394327208379746,2020,aerosol-total-with_bc-snow
ssp126,2078,0.2452083720002025,-0.2452083720002026,2020,aerosol-total-with_bc-snow
ssp126,2079,0.24729583184964077,-0.24729583184964088,2020,aerosol-total-with_bc-snow
ssp126,2080,0.24915629527351213,-0.2491562952735122,2020,aerosol-total-with_bc-snow
ssp126,2081,0.2510258257178772,-0.2510258257178773,2020,aerosol-total-with_bc-snow
ssp126,2082,0.2529938124063318,-0.2529938124063319,2020,aerosol-total-with_bc-snow
ssp126,2083,0.2547101753340359,-0.25471017533403606,2020,aerosol-total-with_bc-snow
ssp126,2084,0.256318199589939,-0.2563181995899392,2020,aerosol-total-with_bc-snow
ssp126,2085,0.25828158790262673,-0.2582815879026269,2020,aerosol-total-with_bc-snow
ssp126,2086,0.25969352652937033,-0.2596935265293704,2020,aerosol-total-with_bc-snow
ssp126,2087,0.26126324150347696,-0.2612632415034771,2020,aerosol-total-with_bc-snow
ssp126,2088,0.26298806725412843,-0.2629880672541285,2020,aerosol-total-with_bc-snow
ssp126,2089,0.2641957764601707,-0.26419577646017084,2020,aerosol-total-with_bc-snow
ssp126,2090,0.2656810338932037,-0.2656810338932038,2020,aerosol-total-with_bc-snow
ssp126,2091,0.2670075614854838,-0.2670075614854839,2020,aerosol-total-with_bc-snow
ssp126,2092,0.26831569210962486,-0.26831569210962486,2020,aerosol-total-with_bc-snow
ssp126,2093,0.26992441853364774,-0.26992441853364785,2020,aerosol-total-with_bc-snow
ssp126,2094,0.2719218095941521,-0.2719218095941522,2020,aerosol-total-with_bc-snow
ssp126,2095,0.27381457906753215,-0.2738145790675323,2020,aerosol-total-with_bc-snow
ssp126,2096,0.27618282001856276,-0.27618282001856287,2020,aerosol-total-with_bc-snow
ssp126,2097,0.27843337059010315,-0.27843337059010326,2020,aerosol-total-with_bc-snow
ssp126,2098,0.2804892713177483,-0.2804892713177484,2020,aerosol-total-with_bc-snow
ssp126,2099,0.2827612276354497,-0.2827612276354498,2020,aerosol-total-with_bc-snow
ssp126,2100,0.28540175607501833,-0.2854017560750185,2020,aerosol-total-with_bc-snow
ssp245,2020,,,2020,aerosol-total-with_bc-snow
ssp245,2021,0.005656632014642806,-0.005656632014642808,2020,aerosol-total-with_bc-snow
ssp245,2022,0.009841826500402981,-0.009841826500402984,2020,aerosol-total-with_bc-snow
ssp245,2023,0.013056874327909616,-0.013056874327909621,2020,aerosol-total-with_bc-snow
ssp245,2024,0.01530250668204872,-0.015302506682048729,2020,aerosol-total-with_bc-snow
ssp245,2025,0.017265709383986763,-0.01726570938398677,2020,aerosol-total-with_bc-snow
ssp245,2026,0.01849845441340632,-0.01849845441340633,2020,aerosol-total-with_bc-snow
ssp245,2027,0.019428559678322323,-0.01942855967832233,2020,aerosol-total-with_bc-snow
ssp245,2028,0.020236432044910293,-0.020236432044910296,2020,aerosol-total-with_bc-snow
ssp245,2029,0.0208879028078579,-0.020887902807857905,2020,aerosol-total-with_bc-snow
ssp245,2030,0.02142245391627984,-0.02142245391627985,2020,aerosol-total-with_bc-snow
ssp245,2031,0.022046202662858713,-0.02204620266285872,2020,aerosol-total-with_bc-snow
ssp245,2032,0.02287821001204314,-0.022878210012043147,2020,aerosol-total-with_bc-snow
ssp245,2033,0.02400939182665606,-0.02400939182665607,2020,aerosol-total-with_bc-snow
ssp245,2034,0.0254790776042353,-0.02547907760423531,2020,aerosol-total-with_bc-snow
ssp245,2035,0.027081484416392892,-0.027081484416392902,2020,aerosol-total-with_bc-snow
ssp245,2036,0.029225474260633016,-0.029225474260633027,2020,aerosol-total-with_bc-snow
ssp245,2037,0.03157909462420329,-0.0315790946242033,2020,aerosol-total-with_bc-snow
ssp245,2038,0.03390443720515868,-0.03390443720515869,2020,aerosol-total-with_bc-snow
ssp245,2039,0.036447901366084494,-0.036447901366084515,2020,aerosol-total-with_bc-snow
ssp245,2040,0.03881868290106889,-0.03881868290106891,2020,aerosol-total-with_bc-snow
ssp245,2041,0.041550058859446785,-0.0415500588594468,2020,aerosol-total-with_bc-snow
ssp245,2042,0.04479360852415058,-0.044793608524150604,2020,aerosol-total-with_bc-snow
ssp245,2043,0.047796810340699505,-0.04779681034069953,2020,aerosol-total-with_bc-snow
ssp245,2044,0.05095142078321672,-0.05095142078321674,2020,aerosol-total-with_bc-snow
ssp245,2045,0.054129959251692304,-0.054129959251692325,2020,aerosol-total-with_bc-snow
ssp245,2046,0.057252226200476077,-0.0572522262004761,2020,aerosol-total-with_bc-snow
ssp245,2047,0.060913514903508784,-0.06091351490350881,2020,aerosol-total-with_bc-snow
ssp245,2048,0.06437580098427637,-0.06437580098427638,2020,aerosol-total-with_bc-snow
ssp245,2049,0.0680704130985113,-0.06807041309851133,2020,aerosol-total-with_bc-snow
ssp245,2050,0.07148851707843584,-0.07148851707843588,2020,aerosol-total-with_bc-snow
ssp245,2051,0.07514024859856912,-0.07514024859856916,2020,aerosol-total-with_bc-snow
ssp245,2052,0.07861067298905937,-0.07861067298905938,2020,aerosol-total-with_bc-snow
ssp245,2053,0.08246514056935317,-0.08246514056935321,2020,aerosol-total-with_bc-snow
ssp245,2054,0.08584099077304352,-0.08584099077304358,2020,aerosol-total-with_bc-snow
ssp245,2055,0.08930964515352702,-0.08930964515352707,2020,aerosol-total-with_bc-snow
ssp245,2056,0.09252550062163603,-0.09252550062163607,2020,aerosol-total-with_bc-snow
ssp245,2057,0.09559118911748601,-0.09559118911748606,2020,aerosol-total-with_bc-snow
ssp245,2058,0.09923321528188603,-0.09923321528188608,2020,aerosol-total-with_bc-snow
ssp245,2059,0.1028355087038139,-0.10283550870381396,2020,aerosol-total-with_bc-snow
ssp245,2060,0.10670051198905335,-0.10670051198905339,2020,aerosol-total-with_bc-snow
ssp245,2061,0.11041940919340676,-0.11041940919340681,2020,aerosol-total-with_bc-snow
ssp245,2062,0.11449845852505042,-0.11449845852505044,2020,aerosol-total-with_bc-snow
ssp245,2063,0.11790969796181336,-0.11790969796181339,2020,aerosol-total-with_bc-snow
ssp245,2064,0.12153730781264689,-0.12153730781264695,2020,aerosol-total-with_bc-snow
ssp245,2065,0.12497575861948135,-0.1249757586194814,2020,aerosol-total-with_bc-snow
ssp245,2066,0.12833675358888877,-0.1283367535888888,2020,aerosol-total-with_bc-snow
ssp245,2067,0.13166524226124793,-0.13166524226124796,2020,aerosol-total-with_bc-snow
ssp245,2068,0.13510659934691832,-0.1351065993469184,2020,aerosol-total-with_bc-snow
ssp245,2069,0.13830996781014795,-0.138309967810148,2020,aerosol-total-with_bc-snow
ssp245,2070,0.14156975580574152,-0.14156975580574155,2020,aerosol-total-with_bc-snow
ssp245,2071,0.1450962721782219,-0.14509627217822196,2020,aerosol-total-with_bc-snow
ssp245,2072,0.14823707404288386,-0.14823707404288392,2020,aerosol-total-with_bc-snow
ssp245,2073,0.1526304864534525,-0.15263048645345256,2020,aerosol-total-with_bc-snow
ssp245,2074,0.155924598951298,-0.1559245989512981,2020,aerosol-total-with_bc-snow
ssp245,2075,0.15913708398609927,-0.15913708398609933,2020,aerosol-total-with_bc-snow
ssp245,2076,0.1626182374723681,-0.16261823747236814,2020,aerosol-total-with_bc-snow
ssp245,2077,0.1659974963417899,-0.16599749634178995,2020,aerosol-total-with_bc-snow
ssp245,2078,0.16927040959504952,-0.16927040959504958,2020,aerosol-total-with_bc-snow
ssp245,2079,0.17193379267767755,-0.1719337926776776,2020,aerosol-total-with_bc-snow
ssp245,2080,0.1753058347304386,-0.1753058347304387,2020,aerosol-total-with_bc-snow
ssp245,2081,0.1793092713285817,-0.1793092713285818,2020,aerosol-total-with_bc-snow
ssp245,2082,0.18374616738918834,-0.18374616738918842,2020,aerosol-total-with_bc-snow
ssp245,2083,0.187755498750616,-0.1877554987506161,2020,aerosol-total-with_bc-snow
ssp245,2084,0.19135074939171107,-0.19135074939171115,2020,aerosol-total-with_bc-snow
ssp245,2085,0.19543066014151877,-0.19543066014151886,2020,aerosol-total-with_bc-snow
ssp245,2086,0.1989870292880839,-0.19898702928808398,2020,aerosol-total-with_bc-snow
ssp245,2087,0.20250025920749612,-0.20250025920749617,2020,aerosol-total-with_bc-snow
ssp245,2088,0.20592087539367976,-0.20592087539367981,2020,aerosol-total-with_bc-snow
ssp245,2089,0.20988990056138948,-0.20988990056138954,2020,aerosol-total-with_bc-snow
ssp245,2090,0.2125325710936994,-0.2125325710936995,2020,aerosol-total-with_bc-snow
ssp245,2091,0.21537768841304764,-0.21537768841304772,2020,aerosol-total-with_bc-snow
ssp245,2092,0.21833508649835015,-0.21833508649835023,2020,aerosol-total-with_bc-snow
ssp245,2093,0.22165654802168902,-0.22165654802168908,2020,aerosol-total-with_bc-snow
ssp245,2094,0.22403612073080253,-0.22403612073080262,2020,aerosol-total-with_bc-snow
ssp245,2095,0.22592716077557162,-0.22592716077557168,2020,aerosol-total-with_bc-snow
ssp245,2096,0.22849294712875662,-0.22849294712875673,2020,aerosol-total-with_bc-snow
ssp245,2097,0.2312352608702903,-0.23123526087029037,2020,aerosol-total-with_bc-snow
ssp245,2098,0.23383896909551968,-0.2338389690955198,2020,aerosol-total-with_bc-snow
ssp245,2099,0.23555020553793354,-0.23555020553793365,2020,aerosol-total-with_bc-snow
ssp245,2100,0.23738037490581393,-0.237380374905814,2020,aerosol-total-with_bc-snow
ssp334,2020,,,2020,aerosol-total-with_bc-snow
ssp334,2021,0.00713424648302152,-0.007134246483021522,2020,aerosol-total-with_bc-snow
ssp334,2022,0.01271026195917103,-0.012710261959171036,2020,aerosol-total-with_bc-snow
ssp334,2023,0.017299437445819587,-0.017299437445819594,2020,aerosol-total-with_bc-snow
ssp334,2024,0.02070141706438478,-0.020701417064384785,2020,aerosol-total-with_bc-snow
ssp334,2025,0.023544865129443475,-0.023544865129443485,2020,aerosol-total-with_bc-snow
ssp334,2026,0.02597776712052061,-0.02597776712052062,2020,aerosol-total-with_bc-snow
ssp334,2027,0.02780222684869954,-0.02780222684869955,2020,aerosol-total-with_bc-snow
ssp334,2028,0.029083848163953072,-0.02908384816395308,2020,aerosol-total-with_bc-snow
ssp334,2029,0.03029739817138869,-0.030297398171388705,2020,aerosol-total-with_bc-snow
ssp334,2030,0.031299091702206225,-0.03129909170220624,2020,aerosol-total-with_bc-snow
ssp334,2031,0.031314578875930685,-0.0313145788759307,2020,aerosol-total-with_bc-snow
ssp334,2032,0.030510183935014718,-0.030510183935014736,2020,aerosol-total-with_bc-snow
ssp334,2033,0.02900118848578577,-0.029001188485785784,2020,aerosol-total-with_bc-snow
ssp334,2034,0.02672935435708076,-0.02672935435708077,2020,aerosol-total-with_bc-snow
ssp334,2035,0.02450531722274272,-0.02450531722274273,2020,aerosol-total-with_bc-snow
ssp334,2036,0.024715244232470054,-0.024715244232470065,2020,aerosol-total-with_bc-snow
ssp334,2037,0.026706195199330915,-0.026706195199330922,2020,aerosol-total-with_bc-snow
ssp334,2038,0.03019427290562069,-0.030194272905620698,2020,aerosol-total-with_bc-snow
ssp334,2039,0.03467116927413924,-0.03467116927413925,2020,aerosol-total-with_bc-snow
ssp334,2040,0.04002795725814863,-0.040027957258148644,2020,aerosol-total-with_bc-snow
ssp334,2041,0.04644639118653964,-0.04644639118653966,2020,aerosol-total-with_bc-snow
ssp334,2042,0.05185534764934878,-0.05185534764934879,2020,aerosol-total-with_bc-snow
ssp334,2043,0.057072966085148835,-0.05707296608514885,2020,aerosol-total-with_bc-snow
ssp334,2044,0.062396349903386036,-0.062396349903386064,2020,aerosol-total-with_bc-snow
ssp334,2045,0.06699465714545062,-0.06699465714545066,2020,aerosol-total-with_bc-snow
ssp334,2046,0.0717916235104719,-0.07179162351047193,2020,aerosol-total-with_bc-snow
ssp334,2047,0.07576973143298715,-0.07576973143298718,2020,aerosol-total-with_bc-snow
ssp334,2048,0.0799888545456027,-0.07998885454560273,2020,aerosol-total-with_bc-snow
ssp334,2049,0.0838526030468694,-0.08385260304686942,2020,aerosol-total-with_bc-snow
ssp334,2050,0.08789049133774787,-0.08789049133774789,2020,aerosol-total-with_bc-snow
ssp334,2051,0.09096301471348558,-0.09096301471348561,2020,aerosol-total-with_bc-snow
ssp334,2052,0.09385632864571988,-0.09385632864571992,2020,aerosol-total-with_bc-snow
ssp334,2053,0.09660641846927528,-0.09660641846927531,2020,aerosol-total-with_bc-snow
ssp334,2054,0.09985507795507431,-0.09985507795507437,2020,aerosol-total-with_bc-snow
ssp334,2055,0.1019109776024941,-0.10191097760249414,2020,aerosol-total-with_bc-snow
ssp334,2056,0.10465453979169032,-0.10465453979169036,2020,aerosol-total-with_bc-snow
ssp334,2057,0.10755740886350268,-0.10755740886350273,2020,aerosol-total-with_bc-snow
ssp334,2058,0.10998730346370578,-0.1099873034637058,2020,aerosol-total-with_bc-snow
ssp334,2059,0.11195084115835627,-0.11195084115835635,2020,aerosol-total-with_bc-snow
ssp334,2060,0.11481684251123642,-0.11481684251123646,2020,aerosol-total-with_bc-snow
ssp334,2061,0.11776530145245834,-0.11776530145245839,2020,aerosol-total-with_bc-snow
ssp334,2062,0.12002946432266107,-0.12002946432266114,2020,aerosol-total-with_bc-snow
ssp334,2063,0.12200212730167467,-0.12200212730167473,2020,aerosol-total-with_bc-snow
ssp334,2064,0.12412752564832699,-0.12412752564832702,2020,aerosol-total-with_bc-snow
ssp334,2065,0.12610698350757613,-0.12610698350757618,2020,aerosol-total-with_bc-snow
ssp334,2066,0.1278953821049481,-0.12789538210494814,2020,aerosol-total-with_bc-snow
ssp334,2067,0.12989155084180506,-0.12989155084180512,2020,aerosol-total-with_bc-snow
ssp334,2068,0.1320875811637531,-0.13208758116375316,2020,aerosol-total-with_bc-snow
ssp334,2069,0.13381638182361916,-0.13381638182361918,2020,aerosol-total-with_bc-snow
ssp334,2070,0.13609478344165132,-0.13609478344165138,2020,aerosol-total-with_bc-snow
ssp334,2071,0.13779602753359624,-0.13779602753359632,2020,aerosol-total-with_bc-snow
ssp334,2072,0.13916278145044395,-0.139162781450444,2020,aerosol-total-with_bc-snow
ssp334,2073,0.1409040319879946,-0.14090403198799462,2020,aerosol-total-with_bc-snow
ssp334,2074,0.14275681512898628,-0.14275681512898633,2020,aerosol-total-with_bc-snow
ssp334,2075,0.14459503302404064,-0.1445950330240407,2020,aerosol-total-with_bc-snow
ssp334,2076,0.14614512712594332,-0.14614512712594338,2020,aerosol-total-with_bc-snow
ssp334,2077,0.14750766766447354,-0.14750766766447362,2020,aerosol-total-with_bc-snow
ssp334,2078,0.1490709869908078,-0.14907098699080787,2020,aerosol-total-with_bc-snow
ssp334,2079,0.1504027503323055,-0.15040275033230557,2020,aerosol-total-with_bc-snow
ssp334,2080,0.15183439706811677,-0.15183439706811686,2020,aerosol-total-with_bc-snow
ssp334,2081,0.15297620150604277,-0.15297620150604285,2020,aerosol-total-with_bc-snow
ssp334,2082,0.15503739673600764,-0.1550373967360077,2020,aerosol-total-with_bc-snow
ssp334,2083,0.15645303723889503,-0.1564530372388951,2020,aerosol-total-with_bc-snow
ssp334,2084,0.15775673094722717,-0.15775673094722725,2020,aerosol-total-with_bc-snow
ssp334,2085,0.15909417171390694,-0.15909417171390705,2020,aerosol-total-with_bc-snow
ssp334,2086,0.16047263311316098,-0.1604726331131611,2020,aerosol-total-with_bc-snow
ssp334,2087,0.16175926160405507,-0.16175926160405518,2020,aerosol-total-with_bc-snow
ssp334,2088,0.16329865620531667,-0.16329865620531672,2020,aerosol-total-with_bc-snow
ssp334,2089,0.16477182977007243,-0.1647718297700725,2020,aerosol-total-with_bc-snow
ssp334,2090,0.1659681975249667,-0.16596819752496678,2020,aerosol-total-with_bc-snow
ssp334,2091,0.16726430323305477,-0.16726430323305483,2020,aerosol-total-with_bc-snow
ssp334,2092,0.16831925340502185,-0.16831925340502188,2020,aerosol-total-with_bc-snow
ssp334,2093,0.1693267198637296,-0.16932671986372963,2020,aerosol-total-with_bc-snow
ssp334,2094,0.1702599395203068,-0.17025993952030685,2020,aerosol-total-with_bc-snow
ssp334,2095,0.17103586168469734,-0.17103586168469742,2020,aerosol-total-with_bc-snow
ssp334,2096,0.1717999729451491,-0.17179997294514918,2020,aerosol-total-with_bc-snow
ssp334,2097,0.17273872696346568,-0.1727387269634657,2020,aerosol-total-with_bc-snow
ssp334,2098,0.17413043270965398,-0.174130432709654,2020,aerosol-total-with_bc-snow
ssp334,2099,0.17503092722700972,-0.1750309272270098,2020,aerosol-total-with_bc-snow
ssp334,2100,0.1762107314064687,-0.17621073140646876,2020,aerosol-total-with_bc-snow
ssp370,2020,,,2020,aerosol-total-with_bc-snow
ssp370,2021,0.009442346734872058,-0.009442346734872063,2020,aerosol-total-with_bc-snow
ssp370,2022,0.01729719238398722,-0.017297192383987227,2020,aerosol-total-with_bc-snow
ssp370,2023,0.02401233020629357,-0.024012330206293578,2020,aerosol-total-with_bc-snow
ssp370,2024,0.02968475508860404,-0.02968475508860405,2020,aerosol-total-with_bc-snow
ssp370,2025,0.03436543408621507,-0.034365434086215084,2020,aerosol-total-with_bc-snow
ssp370,2026,0.03872919908304395,-0.038729199083043966,2020,aerosol-total-with_bc-snow
ssp370,2027,0.042802630518124746,-0.04280263051812476,2020,aerosol-total-with_bc-snow
ssp370,2028,0.04642128962136451,-0.04642128962136453,2020,aerosol-total-with_bc-snow
ssp370,2029,0.04985875578008327,-0.0498587557800833,2020,aerosol-total-with_bc-snow
ssp370,2030,0.053106084107724605,-0.05310608410772462,2020,aerosol-total-with_bc-snow
ssp370,2031,0.05588986408479242,-0.05588986408479244,2020,aerosol-total-with_bc-snow
ssp370,2032,0.05858061054013483,-0.058580610540134845,2020,aerosol-total-with_bc-snow
ssp370,2033,0.060962435226712575,-0.06096243522671259,2020,aerosol-total-with_bc-snow
ssp370,2034,0.06300730328593178,-0.0630073032859318,2020,aerosol-total-with_bc-snow
ssp370,2035,0.06503197330427801,-0.06503197330427804,2020,aerosol-total-with_bc-snow
ssp370,2036,0.06715147401466,-0.06715147401466003,2020,aerosol-total-with_bc-snow
ssp370,2037,0.06939246325260336,-0.06939246325260337,2020,aerosol-total-with_bc-snow
ssp370,2038,0.07102077765593685,-0.0710207776559369,2020,aerosol-total-with_bc-snow
ssp370,2039,0.07284486068332498,-0.072844860683325,2020,aerosol-total-with_bc-snow
ssp370,2040,0.07454686713030848,-0.0745468671303085,2020,aerosol-total-with_bc-snow
ssp370,2041,0.07622442585849691,-0.07622442585849692,2020,aerosol-total-with_bc-snow
ssp370,2042,0.07774015876768856,-0.07774015876768858,2020,aerosol-total-with_bc-snow
ssp370,2043,0.0790758637702822,-0.07907586377028222,2020,aerosol-total-with_bc-snow
ssp370,2044,0.08057088065722538,-0.08057088065722542,2020,aerosol-total-with_bc-snow
ssp370,2045,0.08173911946969996,-0.0817391194697,2020,aerosol-total-with_bc-snow
ssp370,2046,0.08276440278560825,-0.08276440278560829,2020,aerosol-total-with_bc-snow
ssp370,2047,0.08342968965446032,-0.08342968965446036,2020,aerosol-total-with_bc-snow
ssp370,2048,0.08425277813776129,-0.0842527781377613,2020,aerosol-total-with_bc-snow
ssp370,2049,0.08527546905091976,-0.08527546905091982,2020,aerosol-total-with_bc-snow
ssp370,2050,0.08628691941271902,-0.08628691941271904,2020,aerosol-total-with_bc-snow
ssp370,2051,0.08701035869887606,-0.08701035869887608,2020,aerosol-total-with_bc-snow
ssp370,2052,0.08762344198286319,-0.08762344198286322,2020,aerosol-total-with_bc-snow
ssp370,2053,0.08794023887566235,-0.08794023887566238,2020,aerosol-total-with_bc-snow
ssp370,2054,0.08769739225093093,-0.08769739225093097,2020,aerosol-total-with_bc-snow
ssp370,2055,0.08794076208267484,-0.08794076208267489,2020,aerosol-total-with_bc-snow
ssp370,2056,0.08808264853769154,-0.08808264853769157,2020,aerosol-total-with_bc-snow
ssp370,2057,0.08820893070335531,-0.08820893070335535,2020,aerosol-total-with_bc-snow
ssp370,2058,0.08818176719266575,-0.0881817671926658,2020,aerosol-total-with_bc-snow
ssp370,2059,0.087770289824727,-0.08777028982472704,2020,aerosol-total-with_bc-snow
ssp370,2060,0.08724763956341276,-0.0872476395634128,2020,aerosol-total-with_bc-snow
ssp370,2061,0.08704944757420978,-0.0870494475742098,2020,aerosol-total-with_bc-snow
ssp370,2062,0.08638224582697353,-0.08638224582697357,2020,aerosol-total-with_bc-snow
ssp370,2063,0.0863560975319269,-0.08635609753192691,2020,aerosol-total-with_bc-snow
ssp370,2064,0.08564432844977528,-0.08564432844977533,2020,aerosol-total-with_bc-snow
ssp370,2065,0.08510728926594459,-0.08510728926594463,2020,aerosol-total-with_bc-snow
ssp370,2066,0.08440417834497836,-0.0844041783449784,2020,aerosol-total-with_bc-snow
ssp370,2067,0.08425195750139289,-0.08425195750139293,2020,aerosol-total-with_bc-snow
ssp370,2068,0.08397544691036327,-0.08397544691036331,2020,aerosol-total-with_bc-snow
ssp370,2069,0.08346016602135052,-0.08346016602135056,2020,aerosol-total-with_bc-snow
ssp370,2070,0.08276596426712649,-0.08276596426712653,2020,aerosol-total-with_bc-snow
ssp370,2071,0.0818938763976047,-0.08189387639760473,2020,aerosol-total-with_bc-snow
ssp370,2072,0.08138958255908353,-0.08138958255908356,2020,aerosol-total-with_bc-snow
ssp370,2073,0.0804676233997109,-0.08046762339971093,2020,aerosol-total-with_bc-snow
ssp370,2074,0.07990671257312128,-0.07990671257312132,2020,aerosol-total-with_bc-snow
ssp370,2075,0.07968158722947269,-0.07968158722947272,2020,aerosol-total-with_bc-snow
ssp370,2076,0.07940836024498235,-0.07940836024498238,2020,aerosol-total-with_bc-snow
ssp370,2077,0.07883277040555078,-0.07883277040555081,2020,aerosol-total-with_bc-snow
ssp370,2078,0.07792143376708965,-0.07792143376708968,2020,aerosol-total-with_bc-snow
ssp370,2079,0.07730314534049182,-0.07730314534049185,2020,aerosol-total-with_bc-snow
ssp370,2080,0.07690899425343703,-0.07690899425343706,2020,aerosol-total-with_bc-snow
ssp370,2081,0.0765707265141804,-0.07657072651418043,2020,aerosol-total-with_bc-snow
ssp370,2082,0.0759944002122877,-0.07599440021228773,2020,aerosol-total-with_bc-snow
ssp370,2083,0.0755773795171266,-0.07557737951712662,2020,aerosol-total-with_bc-snow
ssp370,2084,0.07488015843082386,-0.07488015843082388,2020,aerosol-total-with_bc-snow
ssp370,2085,0.07467516789178776,-0.07467516789178777,2020,aerosol-total-with_bc-snow
ssp370,2086,0.0745617593718639,-0.07456175937186395,2020,aerosol-total-with_bc-snow
ssp370,2087,0.07427256990553298,-0.074272569905533,2020,aerosol-total-with_bc-snow
ssp370,2088,0.07374385893142549,-0.07374385893142552,2020,aerosol-total-with_bc-snow
ssp370,2089,0.07397088051394896,-0.07397088051394898,2020,aerosol-total-with_bc-snow
ssp370,2090,0.07405028789746537,-0.0740502878974654,2020,aerosol-total-with_bc-snow
ssp370,2091,0.07383518871617771,-0.07383518871617774,2020,aerosol-total-with_bc-snow
ssp370,2092,0.07344734178463247,-0.0734473417846325,2020,aerosol-total-with_bc-snow
ssp370,2093,0.07339352045140235,-0.07339352045140238,2020,aerosol-total-with_bc-snow
ssp370,2094,0.07274340054609606,-0.07274340054609608,2020,aerosol-total-with_bc-snow
ssp370,2095,0.07214015036155819,-0.07214015036155821,2020,aerosol-total-with_bc-snow
ssp370,2096,0.0718194017067755,-0.07181940170677553,2020,aerosol-total-with_bc-snow
ssp370,2097,0.07150297033690484,-0.07150297033690486,2020,aerosol-total-with_bc-snow
ssp370,2098,0.07095058150202556,-0.07095058150202559,2020,aerosol-total-with_bc-snow
ssp370,2099,0.07101316099884532,-0.07101316099884535,2020,aerosol-total-with_bc-snow
ssp370,2100,0.07103018530147329,-0.07103018530147331,2020,aerosol-total-with_bc-snow
ssp370-lowNTCF-aerchemmip,2020,,,2020,aerosol-total-with_bc-snow
ssp370-lowNTCF-aerchemmip,2021,0.006353098150697997,-0.006353098150698,2020,aerosol-total-with_bc-snow
ssp370-lowNTCF-aerchemmip,2022,0.010737547545706551,-0.010737547545706555,2020,aerosol-total-with_bc-snow
ssp370-lowNTCF-aerchemmip,2023,0.013654253742026425,-0.013654253742026435,2020,aerosol-total-with_bc-snow
ssp370-lowNTCF-aerchemmip,2024,0.0156411722543376,-0.01564117225433761,2020,aerosol-total-with_bc-snow
ssp370-lowNTCF-aerchemmip,2025,0.01722446830081346,-0.017224468300813468,2020,aerosol-total-with_bc-snow
ssp370-lowNTCF-aerchemmip,2026,0.01827005566928888,-0.018270055669288892,2020,aerosol-total-with_bc-snow
ssp370-lowNTCF-aerchemmip,2027,0.019005784801437026,-0.019005784801437033,2020,aerosol-total-with_bc-snow
ssp370-lowNTCF-aerchemmip,2028,0.019872200643934225,-0.019872200643934235,2020,aerosol-total-with_bc-snow
ssp370-lowNTCF-aerchemmip,2029,0.02100692971362284,-0.02100692971362285,2020,aerosol-total-with_bc-snow
ssp370-lowNTCF-aerchemmip,2030,0.0224484900932854,-0.022448490093285412,2020,aerosol-total-with_bc-snow
ssp370-lowNTCF-aerchemmip,2031,0.024086138232817463,-0.02408613823281747,2020,aerosol-total-with_bc-snow
ssp370-lowNTCF-aerchemmip,2032,0.02555043863228221,-0.025550438632282218,2020,aerosol-total-with_bc-snow
ssp370-lowNTCF-aerchemmip,2033,0.027426822081984988,-0.027426822081985,2020,aerosol-total-with_bc-snow
ssp370-lowNTCF-aerchemmip,2034,0.029675095557057683,-0.029675095557057697,2020,aerosol-total-with_bc-snow
ssp370-lowNTCF-aerchemmip,2035,0.03200705007710934,-0.03200705007710935,2020,aerosol-total-with_bc-snow
ssp370-lowNTCF-aerchemmip,2036,0.03523921886079231,-0.03523921886079232,2020,aerosol-total-with_bc-snow
ssp370-lowNTCF-aerchemmip,2037,0.03881037689760822,-0.03881037689760823,2020,aerosol-total-with_bc-snow
ssp370-lowNTCF-aerchemmip,2038,0.04236325685849584,-0.04236325685849586,2020,aerosol-total-with_bc-snow
ssp370-lowNTCF-aerchemmip,2039,0.046553717219483946,-0.046553717219483974,2020,aerosol-total-with_bc-snow
ssp370-lowNTCF-aerchemmip,2040,0.05029582474562026,-0.05029582474562028,2020,aerosol-total-with_bc-snow
ssp370-lowNTCF-aerchemmip,2041,0.05483141529407583,-0.05483141529407585,2020,aerosol-total-with_bc-snow
ssp370-lowNTCF-aerchemmip,2042,0.05916258360554846,-0.05916258360554849,2020,aerosol-total-with_bc-snow
ssp370-lowNTCF-aerchemmip,2043,0.06455103651985514,-0.06455103651985515,2020,aerosol-total-with_bc-snow
ssp370-lowNTCF-aerchemmip,2044,0.07031512627169342,-0.07031512627169344,2020,aerosol-total-with_bc-snow
ssp370-lowNTCF-aerchemmip,2045,0.0759445258970279,-0.07594452589702791,2020,aerosol-total-with_bc-snow
ssp370-lowNTCF-aerchemmip,2046,0.08234449837522989,-0.08234449837522993,2020,aerosol-total-with_bc-snow
ssp370-lowNTCF-aerchemmip,2047,0.08854859851477807,-0.0885485985147781,2020,aerosol-total-with_bc-snow
ssp370-lowNTCF-aerchemmip,2048,0.09472171368165884,-0.09472171368165888,2020,aerosol-total-with_bc-snow
ssp370-lowNTCF-aerchemmip,2049,0.10120780273505466,-0.1012078027350547,2020,aerosol-total-with_bc-snow
ssp370-lowNTCF-aerchemmip,2050,0.10834305076604323,-0.10834305076604325,2020,aerosol-total-with_bc-snow
ssp370-lowNTCF-aerchemmip,2051,0.11492395796525079,-0.11492395796525087,2020,aerosol-total-with_bc-snow
ssp370-lowNTCF-aerchemmip,2052,0.12065475511421864,-0.12065475511421865,2020,aerosol-total-with_bc-snow
ssp370-lowNTCF-aerchemmip,2053,0.1258031806672431,-0.1258031806672432,2020,aerosol-total-with_bc-snow
ssp370-lowNTCF-aerchemmip,2054,0.12999628066014174,-0.1299962806601418,2020,aerosol-total-with_bc-snow
ssp370-lowNTCF-aerchemmip,2055,0.1338393948214548,-0.13383939482145482,2020,aerosol-total-with_bc-snow
ssp370-lowNTCF-aerchemmip,2056,0.13771363347525126,-0.13771363347525134,2020,aerosol-total-with_bc-snow
ssp370-lowNTCF-aerchemmip,2057,0.14075673110660308,-0.14075673110660314,2020,aerosol-total-with_bc-snow
ssp370-lowNTCF-aerchemmip,2058,0.14353480720832312,-0.14353480720832318,2020,aerosol-total-with_bc-snow
ssp370-lowNTCF-aerchemmip,2059,0.14596005691168187,-0.14596005691168193,2020,aerosol-total-with_bc-snow
ssp370-lowNTCF-aerchemmip,2060,0.14844986873779253,-0.1484498687377926,2020,aerosol-total-with_bc-snow
ssp370-lowNTCF-aerchemmip,2061,0.1509239092829244,-0.15092390928292448,2020,aerosol-total-with_bc-snow
ssp370-lowNTCF-aerchemmip,2062,0.1528996581135658,-0.15289965811356587,2020,aerosol-total-with_bc-snow
ssp370-lowNTCF-aerchemmip,2063,0.15501294575950392,-0.15501294575950397,2020,aerosol-total-with_bc-snow
ssp370-lowNTCF-aerchemmip,2064,0.15658764167964206,-0.15658764167964215,2020,aerosol-total-with_bc-snow
ssp370-lowNTCF-aerchemmip,2065,0.15826571091598388,-0.15826571091598396,2020,aerosol-total-with_bc-snow
ssp370-lowNTCF-aerchemmip,2066,0.16020480648359453,-0.16020480648359461,2020,aerosol-total-with_bc-snow
ssp370-lowNTCF-aerchemmip,2067,0.16228056657178838,-0.16228056657178846,2020,aerosol-total-with_bc-snow
ssp370-lowNTCF-aerchemmip,2068,0.16416230474485874,-0.16416230474485877,2020,aerosol-total-with_bc-snow
ssp370-lowNTCF-aerchemmip,2069,0.16621062110942156,-0.16621062110942164,2020,aerosol-total-with_bc-snow
ssp370-lowNTCF-aerchemmip,2070,0.16823355295569178,-0.16823355295569187,2020,aerosol-total-with_bc-snow
ssp370-lowNTCF-aerchemmip,2071,0.16984025437407807,-0.16984025437407815,2020,aerosol-total-with_bc-snow
ssp370-lowNTCF-aerchemmip,2072,0.17156248278760977,-0.17156248278760985,2020,aerosol-total-with_bc-snow
ssp370-lowNTCF-aerchemmip,2073,0.17322815735396874,-0.1732281573539688,2020,aerosol-total-with_bc-snow
ssp370-lowNTCF-aerchemmip,2074,0.17473930238344085,-0.17473930238344093,2020,aerosol-total-with_bc-snow
ssp370-lowNTCF-aerchemmip,2075,0.1763417709251199,-0.17634177092511996,2020,aerosol-total-with_bc-snow
ssp370-lowNTCF-aerchemmip,2076,0.1780310108775409,-0.17803101087754095,2020,aerosol-total-with_bc-snow
ssp370-lowNTCF-aerchemmip,2077,0.17966531089212784,-0.17966531089212787,2020,aerosol-total-with_bc-snow
ssp370-lowNTCF-aerchemmip,2078,0.181040675655508,-0.18104067565550802,2020,aerosol-total-with_bc-snow
ssp370-lowNTCF-aerchemmip,2079,0.18265515561428336,-0.18265515561428344,2020,aerosol-total-with_bc-snow
ssp370-lowNTCF-aerchemmip,2080,0.18434318456014256,-0.18434318456014268,2020,aerosol-total-with_bc-snow
ssp370-lowNTCF-aerchemmip,2081,0.1865585114013939,-0.186558511401394,2020,aerosol-total-with_bc-snow
ssp370-lowNTCF-aerchemmip,2082,0.18831521613408686,-0.18831521613408692,2020,aerosol-total-with_bc-snow
ssp370-lowNTCF-aerchemmip,2083,0.19005296274387895,-0.190052962743879,2020,aerosol-total-with_bc-snow
ssp370-lowNTCF-aerchemmip,2084,0.1914385774360799,-0.19143857743607995,2020,aerosol-total-with_bc-snow
ssp370-lowNTCF-aerchemmip,2085,0.19337147089988305,-0.1933714708998831,2020,aerosol-total-with_bc-snow
ssp370-lowNTCF-aerchemmip,2086,0.19505822060394284,-0.19505822060394293,2020,aerosol-total-with_bc-snow
ssp370-lowNTCF-aerchemmip,2087,0.19688653587090377,-0.19688653587090385,2020,aerosol-total-with_bc-snow
ssp370-lowNTCF-aerchemmip,2088,0.19801325462095837,-0.19801325462095845,2020,aerosol-total-with_bc-snow
ssp370-lowNTCF-aerchemmip,2089,0.1995042400664808,-0.19950424006648085,2020,aerosol-total-with_bc-snow
ssp370-lowNTCF-aerchemmip,2090,0.20132597363144572,-0.20132597363144583,2020,aerosol-total-with_bc-snow
ssp370-lowNTCF-aerchemmip,2091,0.20318471279790506,-0.20318471279790512,2020,aerosol-total-with_bc-snow
ssp370-lowNTCF-aerchemmip,2092,0.204696082161301,-0.20469608216130106,2020,aerosol-total-with_bc-snow
ssp370-lowNTCF-aerchemmip,2093,0.20646678781270386,-0.20646678781270394,2020,aerosol-total-with_bc-snow
ssp370-lowNTCF-aerchemmip,2094,0.20821297644259742,-0.2082129764425975,2020,aerosol-total-with_bc-snow
ssp370-lowNTCF-aerchemmip,2095,0.2099511677406368,-0.20995116774063685,2020,aerosol-total-with_bc-snow
ssp370-lowNTCF-aerchemmip,2096,0.21176663967664755,-0.21176663967664766,2020,aerosol-total-with_bc-snow
ssp370-lowNTCF-aerchemmip,2097,0.21347470341402597,-0.21347470341402608,2020,aerosol-total-with_bc-snow
ssp370-lowNTCF-aerchemmip,2098,0.2153952148814163,-0.21539521488141639,2020,aerosol-total-with_bc-snow
ssp370-lowNTCF-aerchemmip,2099,0.2170016878308769,-0.21700168783087695,2020,aerosol-total-with_bc-snow
ssp370-lowNTCF-aerchemmip,2100,0.21885790962195278,-0.21885790962195287,2020,aerosol-total-with_bc-snow
ssp370-lowNTCF-gidden,2020,,,2020,aerosol-total-with_bc-snow
ssp370-lowNTCF-gidden,2021,0.006353098150598006,-0.0063530981505980095,2020,aerosol-total-with_bc-snow
ssp370-lowNTCF-gidden,2022,0.010737547545072229,-0.010737547545072234,2020,aerosol-total-with_bc-snow
ssp370-lowNTCF-gidden,2023,0.013654253743913936,-0.013654253743913942,2020,aerosol-total-with_bc-snow
ssp370-lowNTCF-gidden,2024,0.015641172252641763,-0.01564117225264177,2020,aerosol-total-with_bc-snow
ssp370-lowNTCF-gidden,2025,0.01722446830026116,-0.017224468300261166,2020,aerosol-total-with_bc-snow
ssp370-lowNTCF-gidden,2026,0.018270055661029523,-0.01827005566102953,2020,aerosol-total-with_bc-snow
ssp370-lowNTCF-gidden,2027,0.019005784806436523,-0.019005784806436533,2020,aerosol-total-with_bc-snow
ssp370-lowNTCF-gidden,2028,0.019872200644303003,-0.019872200644303006,2020,aerosol-total-with_bc-snow
ssp370-lowNTCF-gidden,2029,0.021006929715544832,-0.021006929715544843,2020,aerosol-total-with_bc-snow
ssp370-lowNTCF-gidden,2030,0.02244849009493253,-0.022448490094932536,2020,aerosol-total-with_bc-snow
ssp370-lowNTCF-gidden,2031,0.02408613823308798,-0.02408613823308799,2020,aerosol-total-with_bc-snow
ssp370-lowNTCF-gidden,2032,0.02555043862934816,-0.025550438629348166,2020,aerosol-total-with_bc-snow
ssp370-lowNTCF-gidden,2033,0.02742682208779476,-0.027426822087794768,2020,aerosol-total-with_bc-snow
ssp370-lowNTCF-gidden,2034,0.02967509555618905,-0.029675095556189062,2020,aerosol-total-with_bc-snow
ssp370-lowNTCF-gidden,2035,0.032007050078702054,-0.03200705007870207,2020,aerosol-total-with_bc-snow
ssp370-lowNTCF-gidden,2036,0.03523921887853647,-0.03523921887853648,2020,aerosol-total-with_bc-snow
ssp370-lowNTCF-gidden,2037,0.03881037690239691,-0.03881037690239692,2020,aerosol-total-with_bc-snow
ssp370-lowNTCF-gidden,2038,0.04236325685862346,-0.04236325685862348,2020,aerosol-total-with_bc-snow
ssp370-lowNTCF-gidden,2039,0.04655371721890031,-0.04655371721890032,2020,aerosol-total-with_bc-snow
ssp370-lowNTCF-gidden,2040,0.050295824741586045,-0.050295824741586066,2020,aerosol-total-with_bc-snow
ssp370-lowNTCF-gidden,2041,0.05483141529194585,-0.05483141529194588,2020,aerosol-total-with_bc-snow
ssp370-lowNTCF-gidden,2042,0.05916258360314801,-0.05916258360314802,2020,aerosol-total-with_bc-snow
ssp370-lowNTCF-gidden,2043,0.06455103652034616,-0.0645510365203462,2020,aerosol-total-with_bc-snow
ssp370-lowNTCF-gidden,2044,0.07031512627222855,-0.07031512627222859,2020,aerosol-total-with_bc-snow
ssp370-lowNTCF-gidden,2045,0.0759445259005431,-0.07594452590054313,2020,aerosol-total-with_bc-snow
ssp370-lowNTCF-gidden,2046,0.0823444983677675,-0.08234449836776754,2020,aerosol-total-with_bc-snow
ssp370-lowNTCF-gidden,2047,0.08854859851800657,-0.0885485985180066,2020,aerosol-total-with_bc-snow
ssp370-lowNTCF-gidden,2048,0.09472171367456204,-0.09472171367456209,2020,aerosol-total-with_bc-snow
ssp370-lowNTCF-gidden,2049,0.10120780273250965,-0.1012078027325097,2020,aerosol-total-with_bc-snow
ssp370-lowNTCF-gidden,2050,0.10834305076349249,-0.10834305076349254,2020,aerosol-total-with_bc-snow
ssp370-lowNTCF-gidden,2051,0.11492395796539384,-0.11492395796539388,2020,aerosol-total-with_bc-snow
ssp370-lowNTCF-gidden,2052,0.12065475511602433,-0.12065475511602436,2020,aerosol-total-with_bc-snow
ssp370-lowNTCF-gidden,2053,0.12580318066532462,-0.1258031806653247,2020,aerosol-total-with_bc-snow
ssp370-lowNTCF-gidden,2054,0.1299962806497184,-0.12999628064971847,2020,aerosol-total-with_bc-snow
ssp370-lowNTCF-gidden,2055,0.13383939482302945,-0.13383939482302948,2020,aerosol-total-with_bc-snow
ssp370-lowNTCF-gidden,2056,0.13771363348651283,-0.13771363348651292,2020,aerosol-total-with_bc-snow
ssp370-lowNTCF-gidden,2057,0.14075673111263137,-0.14075673111263143,2020,aerosol-total-with_bc-snow
ssp370-lowNTCF-gidden,2058,0.14353480721719747,-0.14353480721719752,2020,aerosol-total-with_bc-snow
ssp370-lowNTCF-gidden,2059,0.1459600569217938,-0.14596005692179387,2020,aerosol-total-with_bc-snow
ssp370-lowNTCF-gidden,2060,0.14844986873626528,-0.14844986873626537,2020,aerosol-total-with_bc-snow
ssp370-lowNTCF-gidden,2061,0.1509239092800878,-0.15092390928008792,2020,aerosol-total-with_bc-snow
ssp370-lowNTCF-gidden,2062,0.15289965811708633,-0.1528996581170864,2020,aerosol-total-with_bc-snow
ssp370-lowNTCF-gidden,2063,0.15501294577427002,-0.15501294577427008,2020,aerosol-total-with_bc-snow
ssp370-lowNTCF-gidden,2064,0.15658764169425987,-0.15658764169425993,2020,aerosol-total-with_bc-snow
ssp370-lowNTCF-gidden,2065,0.15826571092812805,-0.15826571092812813,2020,aerosol-total-with_bc-snow
ssp370-lowNTCF-gidden,2066,0.16020480648778881,-0.16020480648778887,2020,aerosol-total-with_bc-snow
ssp370-lowNTCF-gidden,2067,0.16228056658345882,-0.16228056658345888,2020,aerosol-total-with_bc-snow
ssp370-lowNTCF-gidden,2068,0.16416230477357605,-0.16416230477357613,2020,aerosol-total-with_bc-snow
ssp370-lowNTCF-gidden,2069,0.16621062111944385,-0.1662106211194439,2020,aerosol-total-with_bc-snow
ssp370-lowNTCF-gidden,2070,0.1682335529540782,-0.16823355295407824,2020,aerosol-total-with_bc-snow
ssp370-lowNTCF-gidden,2071,0.1698402543713903,-0.16984025437139033,2020,aerosol-total-with_bc-snow
ssp370-lowNTCF-gidden,2072,0.17156248278884245,-0.17156248278884254,2020,aerosol-total-with_bc-snow
ssp370-lowNTCF-gidden,2073,0.17322815735603167,-0.17322815735603175,2020,aerosol-total-with_bc-snow
ssp370-lowNTCF-gidden,2074,0.17473930238112093,-0.17473930238112098,2020,aerosol-total-with_bc-snow
ssp370-lowNTCF-gidden,2075,0.17634177093093498,-0.17634177093093506,2020,aerosol-total-with_bc-snow
ssp370-lowNTCF-gidden,2076,0.1780310108714232,-0.17803101087142326,2020,aerosol-total-with_bc-snow
ssp370-lowNTCF-gidden,2077,0.1796653108877475,-0.17966531088774756,2020,aerosol-total-with_bc-snow
ssp370-lowNTCF-gidden,2078,0.1810406756493272,-0.18104067564932727,2020,aerosol-total-with_bc-snow
ssp370-lowNTCF-gidden,2079,0.18265515561472254,-0.1826551556147226,2020,aerosol-total-with_bc-snow
ssp370-lowNTCF-gidden,2080,0.18434318455705545,-0.1843431845570555,2020,aerosol-total-with_bc-snow
ssp370-lowNTCF-gidden,2081,0.18655851139750973,-0.1865585113975098,2020,aerosol-total-with_bc-snow
ssp370-lowNTCF-gidden,2082,0.18831521613663,-0.18831521613663008,2020,aerosol-total-with_bc-snow
ssp370-lowNTCF-gidden,2083,0.19005296274185762,-0.1900529627418577,2020,aerosol-total-with_bc-snow
ssp370-lowNTCF-gidden,2084,0.19143857742421913,-0.19143857742421924,2020,aerosol-total-with_bc-snow
ssp370-lowNTCF-gidden,2085,0.1933714708902559,-0.19337147089025594,2020,aerosol-total-with_bc-snow
ssp370-lowNTCF-gidden,2086,0.19505822059358102,-0.19505822059358113,2020,aerosol-total-with_bc-snow
ssp370-lowNTCF-gidden,2087,0.19688653587043597,-0.19688653587043603,2020,aerosol-total-with_bc-snow
ssp370-lowNTCF-gidden,2088,0.19801325462668035,-0.19801325462668046,2020,aerosol-total-with_bc-snow
ssp370-lowNTCF-gidden,2089,0.1995042400644729,-0.19950424006447295,2020,aerosol-total-with_bc-snow
ssp370-lowNTCF-gidden,2090,0.20132597361772248,-0.20132597361772256,2020,aerosol-total-with_bc-snow
ssp370-lowNTCF-gidden,2091,0.20318471279228306,-0.20318471279228315,2020,aerosol-total-with_bc-snow
ssp370-lowNTCF-gidden,2092,0.20469608215970686,-0.20469608215970697,2020,aerosol-total-with_bc-snow
ssp370-lowNTCF-gidden,2093,0.20646678781937572,-0.20646678781937583,2020,aerosol-total-with_bc-snow
ssp370-lowNTCF-gidden,2094,0.20821297647573359,-0.20821297647573367,2020,aerosol-total-with_bc-snow
ssp370-lowNTCF-gidden,2095,0.20995116774390662,-0.20995116774390674,2020,aerosol-total-with_bc-snow
ssp370-lowNTCF-gidden,2096,0.21176663966662945,-0.21176663966662954,2020,aerosol-total-with_bc-snow
ssp370-lowNTCF-gidden,2097,0.21347470341962513,-0.2134747034196252,2020,aerosol-total-with_bc-snow
ssp370-lowNTCF-gidden,2098,0.21539521489638794,-0.215395214896388,2020,aerosol-total-with_bc-snow
ssp370-lowNTCF-gidden,2099,0.21700168784330073,-0.21700168784330084,2020,aerosol-total-with_bc-snow
ssp370-lowNTCF-gidden,2100,0.21885790963407417,-0.21885790963407428,2020,aerosol-total-with_bc-snow
ssp434,2020,,,2020,aerosol-total-with_bc-snow
ssp434,2021,0.009391039154511678,-0.009391039154511682,2020,aerosol-total-with_bc-snow
ssp434,2022,0.01664821033113241,-0.016648210331132417,2020,aerosol-total-with_bc-snow
ssp434,2023,0.0224630099957627,-0.022463009995762707,2020,aerosol-total-with_bc-snow
ssp434,2024,0.02746886424849118,-0.02746886424849119,2020,aerosol-total-with_bc-snow
ssp434,2025,0.03156994266675697,-0.03156994266675698,2020,aerosol-total-with_bc-snow
ssp434,2026,0.03492775832563953,-0.034927758325639546,2020,aerosol-total-with_bc-snow
ssp434,2027,0.038069884357314135,-0.03806988435731415,2020,aerosol-total-with_bc-snow
ssp434,2028,0.040946950207615254,-0.040946950207615275,2020,aerosol-total-with_bc-snow
ssp434,2029,0.04366598151459235,-0.043665981514592375,2020,aerosol-total-with_bc-snow
ssp434,2030,0.04585245361108196,-0.04585245361108197,2020,aerosol-total-with_bc-snow
ssp434,2031,0.04814270252621237,-0.04814270252621238,2020,aerosol-total-with_bc-snow
ssp434,2032,0.050620190759568,-0.05062019075956802,2020,aerosol-total-with_bc-snow
ssp434,2033,0.05300746738892362,-0.05300746738892366,2020,aerosol-total-with_bc-snow
ssp434,2034,0.054989580096801674,-0.05498958009680169,2020,aerosol-total-with_bc-snow
ssp434,2035,0.05660010085319446,-0.056600100853194474,2020,aerosol-total-with_bc-snow
ssp434,2036,0.058341706337853745,-0.05834170633785378,2020,aerosol-total-with_bc-snow
ssp434,2037,0.06015254524358728,-0.060152545243587305,2020,aerosol-total-with_bc-snow
ssp434,2038,0.06182978424920976,-0.06182978424920979,2020,aerosol-total-with_bc-snow
ssp434,2039,0.06359103177321453,-0.06359103177321455,2020,aerosol-total-with_bc-snow
ssp434,2040,0.0658382607177932,-0.06583826071779321,2020,aerosol-total-with_bc-snow
ssp434,2041,0.06745358562382262,-0.06745358562382264,2020,aerosol-total-with_bc-snow
ssp434,2042,0.06893448286578022,-0.06893448286578024,2020,aerosol-total-with_bc-snow
ssp434,2043,0.07070445979759438,-0.0707044597975944,2020,aerosol-total-with_bc-snow
ssp434,2044,0.07157293087566258,-0.0715729308756626,2020,aerosol-total-with_bc-snow
ssp434,2045,0.07351273870934519,-0.0735127387093452,2020,aerosol-total-with_bc-snow
ssp434,2046,0.07536688567060346,-0.07536688567060348,2020,aerosol-total-with_bc-snow
ssp434,2047,0.07679563694077374,-0.07679563694077378,2020,aerosol-total-with_bc-snow
ssp434,2048,0.07945891370010655,-0.07945891370010659,2020,aerosol-total-with_bc-snow
ssp434,2049,0.08152151200152072,-0.08152151200152077,2020,aerosol-total-with_bc-snow
ssp434,2050,0.08325768550653478,-0.08325768550653483,2020,aerosol-total-with_bc-snow
ssp434,2051,0.08439275434031039,-0.08439275434031045,2020,aerosol-total-with_bc-snow
ssp434,2052,0.08669959161057207,-0.0866995916105721,2020,aerosol-total-with_bc-snow
ssp434,2053,0.08808270288156603,-0.08808270288156606,2020,aerosol-total-with_bc-snow
ssp434,2054,0.09005646389407547,-0.0900564638940755,2020,aerosol-total-with_bc-snow
ssp434,2055,0.09140274504733101,-0.09140274504733106,2020,aerosol-total-with_bc-snow
ssp434,2056,0.09356480250100326,-0.0935648025010033,2020,aerosol-total-with_bc-snow
ssp434,2057,0.09553193144663463,-0.09553193144663467,2020,aerosol-total-with_bc-snow
ssp434,2058,0.09716106245529559,-0.09716106245529561,2020,aerosol-total-with_bc-snow
ssp434,2059,0.09880597370581468,-0.09880597370581472,2020,aerosol-total-with_bc-snow
ssp434,2060,0.10083215486027935,-0.10083215486027941,2020,aerosol-total-with_bc-snow
ssp434,2061,0.1028686826652771,-0.10286868266527716,2020,aerosol-total-with_bc-snow
ssp434,2062,0.10472641167070999,-0.10472641167071002,2020,aerosol-total-with_bc-snow
ssp434,2063,0.10651528628449018,-0.10651528628449024,2020,aerosol-total-with_bc-snow
ssp434,2064,0.10824134286657673,-0.10824134286657677,2020,aerosol-total-with_bc-snow
ssp434,2065,0.10926147769445002,-0.10926147769445006,2020,aerosol-total-with_bc-snow
ssp434,2066,0.11044676378180159,-0.11044676378180161,2020,aerosol-total-with_bc-snow
ssp434,2067,0.1117877132090867,-0.11178771320908674,2020,aerosol-total-with_bc-snow
ssp434,2068,0.11344979552449509,-0.11344979552449513,2020,aerosol-total-with_bc-snow
ssp434,2069,0.11431413967352078,-0.11431413967352083,2020,aerosol-total-with_bc-snow
ssp434,2070,0.11540114661905733,-0.11540114661905737,2020,aerosol-total-with_bc-snow
ssp434,2071,0.1163906652117007,-0.11639066521170074,2020,aerosol-total-with_bc-snow
ssp434,2072,0.11727760115430476,-0.11727760115430481,2020,aerosol-total-with_bc-snow
ssp434,2073,0.11794620165106381,-0.11794620165106387,2020,aerosol-total-with_bc-snow
ssp434,2074,0.11855570067214564,-0.11855570067214569,2020,aerosol-total-with_bc-snow
ssp434,2075,0.12000533933869313,-0.12000533933869319,2020,aerosol-total-with_bc-snow
ssp434,2076,0.12110144441159075,-0.12110144441159078,2020,aerosol-total-with_bc-snow
ssp434,2077,0.12224275245875087,-0.12224275245875094,2020,aerosol-total-with_bc-snow
ssp434,2078,0.12309671563005307,-0.12309671563005312,2020,aerosol-total-with_bc-snow
ssp434,2079,0.1241641093514299,-0.12416410935142994,2020,aerosol-total-with_bc-snow
ssp434,2080,0.12520077312307412,-0.12520077312307418,2020,aerosol-total-with_bc-snow
ssp434,2081,0.12629755112060828,-0.12629755112060834,2020,aerosol-total-with_bc-snow
ssp434,2082,0.1276150460477011,-0.12761504604770116,2020,aerosol-total-with_bc-snow
ssp434,2083,0.12875254059651645,-0.1287525405965165,2020,aerosol-total-with_bc-snow
ssp434,2084,0.1297429161984701,-0.12974291619847014,2020,aerosol-total-with_bc-snow
ssp434,2085,0.13194103365030685,-0.1319410336503069,2020,aerosol-total-with_bc-snow
ssp434,2086,0.134120770816743,-0.13412077081674306,2020,aerosol-total-with_bc-snow
ssp434,2087,0.13595630515109494,-0.13595630515109502,2020,aerosol-total-with_bc-snow
ssp434,2088,0.13715375115652026,-0.1371537511565203,2020,aerosol-total-with_bc-snow
ssp434,2089,0.13864197766614544,-0.13864197766614553,2020,aerosol-total-with_bc-snow
ssp434,2090,0.14056532885838155,-0.14056532885838158,2020,aerosol-total-with_bc-snow
ssp434,2091,0.1427154098387643,-0.14271540983876438,2020,aerosol-total-with_bc-snow
ssp434,2092,0.14500752920207816,-0.14500752920207818,2020,aerosol-total-with_bc-snow
ssp434,2093,0.1470289097572208,-0.14702890975722088,2020,aerosol-total-with_bc-snow
ssp434,2094,0.14984168838773776,-0.14984168838773781,2020,aerosol-total-with_bc-snow
ssp434,2095,0.1523202071213189,-0.15232020712131894,2020,aerosol-total-with_bc-snow
ssp434,2096,0.15533581274341113,-0.1553358127434112,2020,aerosol-total-with_bc-snow
ssp434,2097,0.15838334751951785,-0.1583833475195179,2020,aerosol-total-with_bc-snow
ssp434,2098,0.1606931365814865,-0.16069313658148657,2020,aerosol-total-with_bc-snow
ssp434,2099,0.164125426869943,-0.16412542686994305,2020,aerosol-total-with_bc-snow
ssp434,2100,0.1678240233693992,-0.16782402336939928,2020,aerosol-total-with_bc-snow
ssp460,2020,,,2020,aerosol-total-with_bc-snow
ssp460,2021,0.009283135408502821,-0.009283135408502825,2020,aerosol-total-with_bc-snow
ssp460,2022,0.01635251684233415,-0.016352516842334158,2020,aerosol-total-with_bc-snow
ssp460,2023,0.02168435654437664,-0.021684356544376646,2020,aerosol-total-with_bc-snow
ssp460,2024,0.02579267649534876,-0.02579267649534877,2020,aerosol-total-with_bc-snow
ssp460,2025,0.02914828210076143,-0.029148282100761445,2020,aerosol-total-with_bc-snow
ssp460,2026,0.031720073802945996,-0.03172007380294601,2020,aerosol-total-with_bc-snow
ssp460,2027,0.0335026576826038,-0.03350265768260381,2020,aerosol-total-with_bc-snow
ssp460,2028,0.03516359478591979,-0.0351635947859198,2020,aerosol-total-with_bc-snow
ssp460,2029,0.03642423779175276,-0.03642423779175276,2020,aerosol-total-with_bc-snow
ssp460,2030,0.03745315945213801,-0.03745315945213802,2020,aerosol-total-with_bc-snow
ssp460,2031,0.038289277861729906,-0.03828927786172992,2020,aerosol-total-with_bc-snow
ssp460,2032,0.03891743819538624,-0.038917438195386254,2020,aerosol-total-with_bc-snow
ssp460,2033,0.03949561044345344,-0.03949561044345347,2020,aerosol-total-with_bc-snow
ssp460,2034,0.04005755384441753,-0.040057553844417546,2020,aerosol-total-with_bc-snow
ssp460,2035,0.04060666924917642,-0.040606669249176434,2020,aerosol-total-with_bc-snow
ssp460,2036,0.041108844636643556,-0.04110884463664357,2020,aerosol-total-with_bc-snow
ssp460,2037,0.04158678569692223,-0.04158678569692224,2020,aerosol-total-with_bc-snow
ssp460,2038,0.04216001936687638,-0.04216001936687641,2020,aerosol-total-with_bc-snow
ssp460,2039,0.04255750009896434,-0.042557500098964356,2020,aerosol-total-with_bc-snow
ssp460,2040,0.04314257726415653,-0.043142577264156545,2020,aerosol-total-with_bc-snow
ssp460,2041,0.043187029621994485,-0.04318702962199451,2020,aerosol-total-with_bc-snow
ssp460,2042,0.04338238010070189,-0.0433823801007019,2020,aerosol-total-with_bc-snow
ssp460,2043,0.043461252527210836,-0.04346125252721085,2020,aerosol-total-with_bc-snow
ssp460,2044,0.04338030044365941,-0.043380300443659425,2020,aerosol-total-with_bc-snow
ssp460,2045,0.04313953579356629,-0.0431395357935663,2020,aerosol-total-with_bc-snow
ssp460,2046,0.0427802477045558,-0.04278024770455582,2020,aerosol-total-with_bc-snow
ssp460,2047,0.042241525602567845,-0.04224152560256786,2020,aerosol-total-with_bc-snow
ssp460,2048,0.04222356124939492,-0.042223561249394935,2020,aerosol-total-with_bc-snow
ssp460,2049,0.042215083335127954,-0.04221508333512797,2020,aerosol-total-with_bc-snow
ssp460,2050,0.04131001064133021,-0.041310010641330226,2020,aerosol-total-with_bc-snow
ssp460,2051,0.04112907561559209,-0.041129075615592106,2020,aerosol-total-with_bc-snow
ssp460,2052,0.04065333797896009,-0.040653337978960105,2020,aerosol-total-with_bc-snow
ssp460,2053,0.03937048660622716,-0.03937048660622718,2020,aerosol-total-with_bc-snow
ssp460,2054,0.038430736120617905,-0.03843073612061792,2020,aerosol-total-with_bc-snow
ssp460,2055,0.03802541717004122,-0.038025417170041244,2020,aerosol-total-with_bc-snow
ssp460,2056,0.03825411834658861,-0.03825411834658862,2020,aerosol-total-with_bc-snow
ssp460,2057,0.037946275667147526,-0.03794627566714754,2020,aerosol-total-with_bc-snow
ssp460,2058,0.03846250588341533,-0.03846250588341534,2020,aerosol-total-with_bc-snow
ssp460,2059,0.03889718318976951,-0.03889718318976952,2020,aerosol-total-with_bc-snow
ssp460,2060,0.03926854174039283,-0.03926854174039285,2020,aerosol-total-with_bc-snow
ssp460,2061,0.03993694487201397,-0.03993694487201399,2020,aerosol-total-with_bc-snow
ssp460,2062,0.040789321319831276,-0.04078932131983129,2020,aerosol-total-with_bc-snow
ssp460,2063,0.042060618333409946,-0.04206061833340996,2020,aerosol-total-with_bc-snow
ssp460,2064,0.043981766594797606,-0.04398176659479762,2020,aerosol-total-with_bc-snow
ssp460,2065,0.045738502746188424,-0.045738502746188445,2020,aerosol-total-with_bc-snow
ssp460,2066,0.0474108709379469,-0.04741087093794692,2020,aerosol-total-with_bc-snow
ssp460,2067,0.049598652888084335,-0.04959865288808436,2020,aerosol-total-with_bc-snow
ssp460,2068,0.05189049016087399,-0.05189049016087402,2020,aerosol-total-with_bc-snow
ssp460,2069,0.05440173448390613,-0.054401734483906165,2020,aerosol-total-with_bc-snow
ssp460,2070,0.05694313842393085,-0.056943138423930874,2020,aerosol-total-with_bc-snow
ssp460,2071,0.06005978409756686,-0.060059784097566876,2020,aerosol-total-with_bc-snow
ssp460,2072,0.06315869985115452,-0.06315869985115453,2020,aerosol-total-with_bc-snow
ssp460,2073,0.0659061333848037,-0.06590613338480372,2020,aerosol-total-with_bc-snow
ssp460,2074,0.06853303145288057,-0.0685330314528806,2020,aerosol-total-with_bc-snow
ssp460,2075,0.07158116294314792,-0.07158116294314795,2020,aerosol-total-with_bc-snow
ssp460,2076,0.07491524346620644,-0.07491524346620647,2020,aerosol-total-with_bc-snow
ssp460,2077,0.07836928075783424,-0.07836928075783425,2020,aerosol-total-with_bc-snow
ssp460,2078,0.08156398140353138,-0.08156398140353142,2020,aerosol-total-with_bc-snow
ssp460,2079,0.08594750226365996,-0.08594750226365998,2020,aerosol-total-with_bc-snow
ssp460,2080,0.08876788573243995,-0.08876788573244,2020,aerosol-total-with_bc-snow
ssp460,2081,0.09246014897217056,-0.09246014897217061,2020,aerosol-total-with_bc-snow
ssp460,2082,0.09580373703989865,-0.09580373703989871,2020,aerosol-total-with_bc-snow
ssp460,2083,0.09883753001733556,-0.09883753001733558,2020,aerosol-total-with_bc-snow
ssp460,2084,0.10208811743802326,-0.1020881174380233,2020,aerosol-total-with_bc-snow
ssp460,2085,0.10624637146789691,-0.10624637146789695,2020,aerosol-total-with_bc-snow
ssp460,2086,0.10971352764179991,-0.10971352764179994,2020,aerosol-total-with_bc-snow
ssp460,2087,0.11274537113813253,-0.11274537113813257,2020,aerosol-total-with_bc-snow
ssp460,2088,0.11617023592459555,-0.11617023592459559,2020,aerosol-total-with_bc-snow
ssp460,2089,0.11983910063996914,-0.11983910063996918,2020,aerosol-total-with_bc-snow
ssp460,2090,0.12317772260112403,-0.12317772260112406,2020,aerosol-total-with_bc-snow
ssp460,2091,0.12636971668043184,-0.1263697166804319,2020,aerosol-total-with_bc-snow
ssp460,2092,0.12936797868043148,-0.12936797868043154,2020,aerosol-total-with_bc-snow
ssp460,2093,0.13163145191004091,-0.13163145191004094,2020,aerosol-total-with_bc-snow
ssp460,2094,0.13397659610441598,-0.13397659610441603,2020,aerosol-total-with_bc-snow
ssp460,2095,0.13642174131413087,-0.1364217413141309,2020,aerosol-total-with_bc-snow
ssp460,2096,0.1390285251893828,-0.13902852518938286,2020,aerosol-total-with_bc-snow
ssp460,2097,0.14128856268924278,-0.14128856268924286,2020,aerosol-total-with_bc-snow
ssp460,2098,0.14346725181863595,-0.143467251818636,2020,aerosol-total-with_bc-snow
ssp460,2099,0.14619814570996703,-0.1461981457099671,2020,aerosol-total-with_bc-snow
ssp460,2100,0.14846114412407108,-0.14846114412407113,2020,aerosol-total-with_bc-snow
ssp534-over,2020,,,2020,aerosol-total-with_bc-snow
ssp534-over,2021,0.005435641830303822,-0.0054356418303038246,2020,aerosol-total-with_bc-snow
ssp534-over,2022,0.01008437702373138,-0.010084377023731383,2020,aerosol-total-with_bc-snow
ssp534-over,2023,0.014070060023873437,-0.014070060023873442,2020,aerosol-total-with_bc-snow
ssp534-over,2024,0.01810105250018995,-0.01810105250018996,2020,aerosol-total-with_bc-snow
ssp534-over,2025,0.022663065116272946,-0.022663065116272956,2020,aerosol-total-with_bc-snow
ssp534-over,2026,0.02725445407449597,-0.027254454074495983,2020,aerosol-total-with_bc-snow
ssp534-over,2027,0.032404313584258555,-0.03240431358425857,2020,aerosol-total-with_bc-snow
ssp534-over,2028,0.038232164406768104,-0.03823216440676811,2020,aerosol-total-with_bc-snow
ssp534-over,2029,0.04406723346007474,-0.04406723346007475,2020,aerosol-total-with_bc-snow
ssp534-over,2030,0.04930030702741728,-0.04930030702741729,2020,aerosol-total-with_bc-snow
ssp534-over,2031,0.05426719188682601,-0.054267191886826036,2020,aerosol-total-with_bc-snow
ssp534-over,2032,0.0592186548126836,-0.05921865481268361,2020,aerosol-total-with_bc-snow
ssp534-over,2033,0.06396107765325451,-0.06396107765325454,2020,aerosol-total-with_bc-snow
ssp534-over,2034,0.06811962828789322,-0.06811962828789325,2020,aerosol-total-with_bc-snow
ssp534-over,2035,0.07186052635181821,-0.07186052635181824,2020,aerosol-total-with_bc-snow
ssp534-over,2036,0.07547238629222407,-0.0754723862922241,2020,aerosol-total-with_bc-snow
ssp534-over,2037,0.07890790235806781,-0.07890790235806784,2020,aerosol-total-with_bc-snow
ssp534-over,2038,0.08195169781966224,-0.08195169781966229,2020,aerosol-total-with_bc-snow
ssp534-over,2039,0.0858109158545938,-0.08581091585459386,2020,aerosol-total-with_bc-snow
ssp534-over,2040,0.08906463973319147,-0.0890646397331915,2020,aerosol-total-with_bc-snow
ssp534-over,2041,0.0918738237820933,-0.09187382378209333,2020,aerosol-total-with_bc-snow
ssp534-over,2042,0.09558181911025965,-0.09558181911025969,2020,aerosol-total-with_bc-snow
ssp534-over,2043,0.09966139770796593,-0.09966139770796599,2020,aerosol-total-with_bc-snow
ssp534-over,2044,0.10432133543096497,-0.10432133543096501,2020,aerosol-total-with_bc-snow
ssp534-over,2045,0.10957215176588107,-0.10957215176588112,2020,aerosol-total-with_bc-snow
ssp534-over,2046,0.1151343119520204,-0.11513431195202045,2020,aerosol-total-with_bc-snow
ssp534-over,2047,0.12121669443826075,-0.12121669443826079,2020,aerosol-total-with_bc-snow
ssp534-over,2048,0.12758010629590977,-0.12758010629590982,2020,aerosol-total-with_bc-snow
ssp534-over,2049,0.1344617551359503,-0.13446175513595035,2020,aerosol-total-with_bc-snow
ssp534-over,2050,0.14189568779823158,-0.14189568779823167,2020,aerosol-total-with_bc-snow
ssp534-over,2051,0.14846093969883126,-0.14846093969883128,2020,aerosol-total-with_bc-snow
ssp534-over,2052,0.15359980735567993,-0.15359980735568,2020,aerosol-total-with_bc-snow
ssp534-over,2053,0.15954834847293614,-0.1595483484729362,2020,aerosol-total-with_bc-snow
ssp534-over,2054,0.16483202410647158,-0.1648320241064716,2020,aerosol-total-with_bc-snow
ssp534-over,2055,0.17022087119990864,-0.1702208711999087,2020,aerosol-total-with_bc-snow
ssp534-over,2056,0.17478751202618828,-0.17478751202618834,2020,aerosol-total-with_bc-snow
ssp534-over,2057,0.17975962872923312,-0.17975962872923318,2020,aerosol-total-with_bc-snow
ssp534-over,2058,0.18424651428285826,-0.18424651428285835,2020,aerosol-total-with_bc-snow
ssp534-over,2059,0.1874183260987357,-0.1874183260987358,2020,aerosol-total-with_bc-snow
ssp534-over,2060,0.19180107714255107,-0.19180107714255112,2020,aerosol-total-with_bc-snow
ssp534-over,2061,0.1960827409467804,-0.19608274094678052,2020,aerosol-total-with_bc-snow
ssp534-over,2062,0.2000579064289327,-0.2000579064289328,2020,aerosol-total-with_bc-snow
ssp534-over,2063,0.203102335706278,-0.2031023357062781,2020,aerosol-total-with_bc-snow
ssp534-over,2064,0.20691745173139223,-0.2069174517313923,2020,aerosol-total-with_bc-snow
ssp534-over,2065,0.20974636988587933,-0.2097463698858794,2020,aerosol-total-with_bc-snow
ssp534-over,2066,0.21230725569937298,-0.21230725569937303,2020,aerosol-total-with_bc-snow
ssp534-over,2067,0.21522502919952416,-0.21522502919952424,2020,aerosol-total-with_bc-snow
ssp534-over,2068,0.21808195912557315,-0.21808195912557324,2020,aerosol-total-with_bc-snow
ssp534-over,2069,0.22075155918851463,-0.22075155918851475,2020,aerosol-total-with_bc-snow
ssp534-over,2070,0.2245409046875641,-0.22454090468756419,2020,aerosol-total-with_bc-snow
ssp534-over,2071,0.2276073759921209,-0.227607375992121,2020,aerosol-total-with_bc-snow
ssp534-over,2072,0.23065729477107802,-0.23065729477107808,2020,aerosol-total-with_bc-snow
ssp534-over,2073,0.23285139465560217,-0.23285139465560226,2020,aerosol-total-with_bc-snow
ssp534-over,2074,0.23473083074595358,-0.23473083074595372,2020,aerosol-total-with_bc-snow
ssp534-over,2075,0.23636819275602278,-0.2363681927560229,2020,aerosol-total-with_bc-snow
ssp534-over,2076,0.23788331854231834,-0.23788331854231845,2020,aerosol-total-with_bc-snow
ssp534-over,2077,0.24004714164663357,-0.24004714164663365,2020,aerosol-total-with_bc-snow
ssp534-over,2078,0.24224772066673989,-0.24224772066674,2020,aerosol-total-with_bc-snow
ssp534-over,2079,0.24442702805295036,-0.24442702805295047,2020,aerosol-total-with_bc-snow
ssp534-over,2080,0.24667675816485507,-0.24667675816485518,2020,aerosol-total-with_bc-snow
ssp534-over,2081,0.2480050074851725,-0.24800500748517262,2020,aerosol-total-with_bc-snow
ssp534-over,2082,0.24964941371894633,-0.24964941371894644,2020,aerosol-total-with_bc-snow
ssp534-over,2083,0.2513245949443155,-0.2513245949443157,2020,aerosol-total-with_bc-snow
ssp534-over,2084,0.2527152337152843,-0.2527152337152844,2020,aerosol-total-with_bc-snow
ssp534-over,2085,0.2545483663688552,-0.2545483663688553,2020,aerosol-total-with_bc-snow
ssp534-over,2086,0.255863679207209,-0.25586367920720904,2020,aerosol-total-with_bc-snow
ssp534-over,2087,0.2572554145980397,-0.25725541459803974,2020,aerosol-total-with_bc-snow
ssp534-over,2088,0.25892965215923996,-0.25892965215924013,2020,aerosol-total-with_bc-snow
ssp534-over,2089,0.26005137192368766,-0.26005137192368777,2020,aerosol-total-with_bc-snow
ssp534-over,2090,0.26081907146972455,-0.26081907146972466,2020,aerosol-total-with_bc-snow
ssp534-over,2091,0.2616356179430659,-0.261635617943066,2020,aerosol-total-with_bc-snow
ssp534-over,2092,0.2625616533389829,-0.262561653338983,2020,aerosol-total-with_bc-snow
ssp534-over,2093,0.2637523896842079,-0.26375238968420806,2020,aerosol-total-with_bc-snow
ssp534-over,2094,0.26458337693756173,-0.2645833769375619,2020,aerosol-total-with_bc-snow
ssp534-over,2095,0.2654640692199015,-0.26546406921990157,2020,aerosol-total-with_bc-snow
ssp534-over,2096,0.26641227363876085,-0.26641227363876097,2020,aerosol-total-with_bc-snow
ssp534-over,2097,0.26763928884390437,-0.2676392888439045,2020,aerosol-total-with_bc-snow
ssp534-over,2098,0.26859825562529044,-0.2685982556252906,2020,aerosol-total-with_bc-snow
ssp534-over,2099,0.26939599341086445,-0.26939599341086456,2020,aerosol-total-with_bc-snow
ssp534-over,2100,0.27011776899231593,-0.2701177689923161,2020,aerosol-total-with_bc-snow
ssp585,2020,,,2020,aerosol-total-with_bc-snow
ssp585,2021,0.0054356418308398585,-0.00543564183083986,2020,aerosol-total-with_bc-snow
ssp585,2022,0.010084377025521455,-0.010084377025521458,2020,aerosol-total-with_bc-snow
ssp585,2023,0.014070060023816118,-0.014070060023816127,2020,aerosol-total-with_bc-snow
ssp585,2024,0.018101052506240452,-0.01810105250624046,2020,aerosol-total-with_bc-snow
ssp585,2025,0.02266306509591686,-0.022663065095916875,2020,aerosol-total-with_bc-snow
ssp585,2026,0.027254454071685065,-0.027254454071685082,2020,aerosol-total-with_bc-snow
ssp585,2027,0.032404313583557096,-0.0324043135835571,2020,aerosol-total-with_bc-snow
ssp585,2028,0.03823216440686615,-0.03823216440686617,2020,aerosol-total-with_bc-snow
ssp585,2029,0.0440672334583259,-0.044067233458325916,2020,aerosol-total-with_bc-snow
ssp585,2030,0.04930030702935523,-0.049300307029355256,2020,aerosol-total-with_bc-snow
ssp585,2031,0.05426719188796973,-0.054267191887969746,2020,aerosol-total-with_bc-snow
ssp585,2032,0.05921865481734159,-0.05921865481734163,2020,aerosol-total-with_bc-snow
ssp585,2033,0.06396107765519762,-0.06396107765519765,2020,aerosol-total-with_bc-snow
ssp585,2034,0.06811962829334445,-0.06811962829334448,2020,aerosol-total-with_bc-snow
ssp585,2035,0.07186052634577565,-0.07186052634577571,2020,aerosol-total-with_bc-snow
ssp585,2036,0.07547238629424467,-0.07547238629424471,2020,aerosol-total-with_bc-snow
ssp585,2037,0.07890790236062568,-0.07890790236062571,2020,aerosol-total-with_bc-snow
ssp585,2038,0.08195169781554901,-0.08195169781554903,2020,aerosol-total-with_bc-snow
ssp585,2039,0.0858109158527944,-0.08581091585279445,2020,aerosol-total-with_bc-snow
ssp585,2040,0.08906463972051916,-0.08906463972051921,2020,aerosol-total-with_bc-snow
ssp585,2041,0.09175124045361328,-0.09175124045361331,2020,aerosol-total-with_bc-snow
ssp585,2042,0.09466703387851427,-0.0946670338785143,2020,aerosol-total-with_bc-snow
ssp585,2043,0.0974491931815014,-0.09744919318150144,2020,aerosol-total-with_bc-snow
ssp585,2044,0.10006861460721178,-0.10006861460721181,2020,aerosol-total-with_bc-snow
ssp585,2045,0.1023755853099109,-0.10237558530991095,2020,aerosol-total-with_bc-snow
ssp585,2046,0.10471705305299746,-0.10471705305299749,2020,aerosol-total-with_bc-snow
ssp585,2047,0.10760722249811172,-0.10760722249811175,2020,aerosol-total-with_bc-snow
ssp585,2048,0.10977824838866204,-0.10977824838866208,2020,aerosol-total-with_bc-snow
ssp585,2049,0.11258226184358505,-0.1125822618435851,2020,aerosol-total-with_bc-snow
ssp585,2050,0.1151804294496083,-0.11518042944960835,2020,aerosol-total-with_bc-snow
ssp585,2051,0.11788504653619886,-0.1178850465361989,2020,aerosol-total-with_bc-snow
ssp585,2052,0.12001750577474705,-0.1200175057747471,2020,aerosol-total-with_bc-snow
ssp585,2053,0.12191913942251477,-0.12191913942251481,2020,aerosol-total-with_bc-snow
ssp585,2054,0.12320257902927104,-0.1232025790292711,2020,aerosol-total-with_bc-snow
ssp585,2055,0.12467676668453871,-0.12467676668453875,2020,aerosol-total-with_bc-snow
ssp585,2056,0.12609452615983613,-0.1260945261598362,2020,aerosol-total-with_bc-snow
ssp585,2057,0.1272654706572405,-0.12726547065724056,2020,aerosol-total-with_bc-snow
ssp585,2058,0.12793103491286023,-0.1279310349128603,2020,aerosol-total-with_bc-snow
ssp585,2059,0.12871589364359343,-0.12871589364359348,2020,aerosol-total-with_bc-snow
ssp585,2060,0.12961126926925087,-0.12961126926925093,2020,aerosol-total-with_bc-snow
ssp585,2061,0.1299947563673276,-0.12999475636732763,2020,aerosol-total-with_bc-snow
ssp585,2062,0.13038049878216668,-0.13038049878216673,2020,aerosol-total-with_bc-snow
ssp585,2063,0.1312013904232065,-0.13120139042320655,2020,aerosol-total-with_bc-snow
ssp585,2064,0.1315746949803263,-0.13157469498032634,2020,aerosol-total-with_bc-snow
ssp585,2065,0.13198354825621594,-0.131983548256216,2020,aerosol-total-with_bc-snow
ssp585,2066,0.13252272736441958,-0.13252272736441964,2020,aerosol-total-with_bc-snow
ssp585,2067,0.13318746351056687,-0.1331874635105669,2020,aerosol-total-with_bc-snow
ssp585,2068,0.13365925242183735,-0.1336592524218374,2020,aerosol-total-with_bc-snow
ssp585,2069,0.13451549438099442,-0.13451549438099447,2020,aerosol-total-with_bc-snow
ssp585,2070,0.1352154346100336,-0.13521543461003366,2020,aerosol-total-with_bc-snow
ssp585,2071,0.13591496835089265,-0.1359149683508927,2020,aerosol-total-with_bc-snow
ssp585,2072,0.13662228634176443,-0.13662228634176446,2020,aerosol-total-with_bc-snow
ssp585,2073,0.13747242467489817,-0.13747242467489823,2020,aerosol-total-with_bc-snow
ssp585,2074,0.1388490517189269,-0.13884905171892695,2020,aerosol-total-with_bc-snow
ssp585,2075,0.14028167424309695,-0.140281674243097,2020,aerosol-total-with_bc-snow
ssp585,2076,0.14125726334269462,-0.14125726334269467,2020,aerosol-total-with_bc-snow
ssp585,2077,0.14245080434911273,-0.14245080434911278,2020,aerosol-total-with_bc-snow
ssp585,2078,0.1438741131980234,-0.14387411319802346,2020,aerosol-total-with_bc-snow
ssp585,2079,0.14533518209205804,-0.1453351820920581,2020,aerosol-total-with_bc-snow
ssp585,2080,0.14667716801400865,-0.1466771680140087,2020,aerosol-total-with_bc-snow
ssp585,2081,0.14823062304949097,-0.14823062304949106,2020,aerosol-total-with_bc-snow
ssp585,2082,0.14962748562975192,-0.149627485629752,2020,aerosol-total-with_bc-snow
ssp585,2083,0.1514244093728953,-0.15142440937289534,2020,aerosol-total-with_bc-snow
ssp585,2084,0.1531784149987268,-0.15317841499872684,2020,aerosol-total-with_bc-snow
ssp585,2085,0.15525407204471192,-0.15525407204471195,2020,aerosol-total-with_bc-snow
ssp585,2086,0.15667348288059318,-0.15667348288059324,2020,aerosol-total-with_bc-snow
ssp585,2087,0.15842499776605007,-0.1584249977660501,2020,aerosol-total-with_bc-snow
ssp585,2088,0.16110969266179875,-0.1611096926617988,2020,aerosol-total-with_bc-snow
ssp585,2089,0.16348756375573342,-0.16348756375573345,2020,aerosol-total-with_bc-snow
ssp585,2090,0.16579216635671593,-0.165792166356716,2020,aerosol-total-with_bc-snow
ssp585,2091,0.16856939928087664,-0.1685693992808767,2020,aerosol-total-with_bc-snow
ssp585,2092,0.17148390534822897,-0.17148390534822902,2020,aerosol-total-with_bc-snow
ssp585,2093,0.17423167155190947,-0.17423167155190955,2020,aerosol-total-with_bc-snow
ssp585,2094,0.17685067187366105,-0.17685067187366113,2020,aerosol-total-with_bc-snow
ssp585,2095,0.17991970542838118,-0.17991970542838123,2020,aerosol-total-with_bc-snow
ssp585,2096,0.18273688030246912,-0.1827368803024692,2020,aerosol-total-with_bc-snow
ssp585,2097,0.18532524310797568,-0.18532524310797574,2020,aerosol-total-with_bc-snow
ssp585,2098,0.1876141990127504,-0.18761419901275048,2020,aerosol-total-with_bc-snow
ssp585,2099,0.19088314002685147,-0.19088314002685156,2020,aerosol-total-with_bc-snow
ssp585,2100,0.19418033361987277,-0.19418033361987286,2020,aerosol-total-with_bc-snow
