percentile,scenario,year,variable,Delta T
recommendation,ssp534-over,2019,HFCs,0.0
recommendation,ssp534-over,2020,HFCs,0.0013507292529011967
recommendation,ssp534-over,2021,HFCs,0.0027959572591751535
recommendation,ssp534-over,2022,HFCs,0.0043376507629862265
recommendation,ssp534-over,2023,HFCs,0.005973187278448479
recommendation,ssp534-over,2024,HFCs,0.007700342508892328
recommendation,ssp534-over,2025,HFCs,0.009516937678006937
recommendation,ssp534-over,2026,HFCs,0.011420782963056977
recommendation,ssp534-over,2027,HFCs,0.01340966766610076
recommendation,ssp534-over,2028,HFCs,0.015481333625234654
recommendation,ssp534-over,2029,HFCs,0.0176334874558012
recommendation,ssp534-over,2030,HFCs,0.019863964222918605
recommendation,ssp534-over,2031,HFCs,0.022170557403857198
recommendation,ssp534-over,2032,HFCs,0.02454128162978094
recommendation,ssp534-over,2033,HFCs,0.02695715883588072
recommendation,ssp534-over,2034,HFCs,0.02940446086320503
recommendation,ssp534-over,2035,HFCs,0.03187328595368794
recommendation,ssp534-over,2036,HFCs,0.034356654162995666
recommendation,ssp534-over,2037,HFCs,0.03684968939946665
recommendation,ssp534-over,2038,HFCs,0.0393489306730314
recommendation,ssp534-over,2039,HFCs,0.04185219909262697
recommendation,ssp534-over,2040,HFCs,0.044357951801901746
recommendation,ssp534-over,2041,HFCs,0.046865353417123494
recommendation,ssp534-over,2042,HFCs,0.04934203162360124
recommendation,ssp534-over,2043,HFCs,0.05173315767082109
recommendation,ssp534-over,2044,HFCs,0.05399991875774363
recommendation,ssp534-over,2045,HFCs,0.056115243879366956
recommendation,ssp534-over,2046,HFCs,0.05806068208749512
recommendation,ssp534-over,2047,HFCs,0.05982408947117592
recommendation,ssp534-over,2048,HFCs,0.06139808740729361
recommendation,ssp534-over,2049,HFCs,0.06277855991620863
recommendation,ssp534-over,2050,HFCs,0.06396396039088427
recommendation,ssp534-over,2051,HFCs,0.06495451066886311
recommendation,ssp534-over,2052,HFCs,0.0657343829241573
recommendation,ssp534-over,2053,HFCs,0.06627702711648223
recommendation,ssp534-over,2054,HFCs,0.0665662042721616
recommendation,ssp534-over,2055,HFCs,0.06659304594410893
recommendation,ssp534-over,2056,HFCs,0.0663541770550882
recommendation,ssp534-over,2057,HFCs,0.06584997136129313
recommendation,ssp534-over,2058,HFCs,0.06508354981421394
recommendation,ssp534-over,2059,HFCs,0.06406001831290362
recommendation,ssp534-over,2060,HFCs,0.06278564653649418
recommendation,ssp534-over,2061,HFCs,0.06126762433065556
recommendation,ssp534-over,2062,HFCs,0.059555524030932526
recommendation,ssp534-over,2063,HFCs,0.0577281329828973
recommendation,ssp534-over,2064,HFCs,0.05584212970670572
recommendation,ssp534-over,2065,HFCs,0.05393812149735692
recommendation,ssp534-over,2066,HFCs,0.05204490622080033
recommendation,ssp534-over,2067,HFCs,0.050182733753850774
recommendation,ssp534-over,2068,HFCs,0.04836548450720272
recommendation,ssp534-over,2069,HFCs,0.04660247073516069
recommendation,ssp534-over,2070,HFCs,0.04489953029843526
recommendation,ssp534-over,2071,HFCs,0.04326008320791457
recommendation,ssp534-over,2072,HFCs,0.04168529272899255
recommendation,ssp534-over,2073,HFCs,0.04017483964238996
recommendation,ssp534-over,2074,HFCs,0.03872769197621642
recommendation,ssp534-over,2075,HFCs,0.03734240980943671
recommendation,ssp534-over,2076,HFCs,0.03601723564478536
recommendation,ssp534-over,2077,HFCs,0.034750272864644285
recommendation,ssp534-over,2078,HFCs,0.03353939209041425
recommendation,ssp534-over,2079,HFCs,0.03238252523303089
recommendation,ssp534-over,2080,HFCs,0.031277468416961704
recommendation,ssp534-over,2081,HFCs,0.030222128826550503
recommendation,ssp534-over,2082,HFCs,0.029213815702479294
recommendation,ssp534-over,2083,HFCs,0.02824961563106934
recommendation,ssp534-over,2084,HFCs,0.02732689214015785
recommendation,ssp534-over,2085,HFCs,0.026443324276691917
recommendation,ssp534-over,2086,HFCs,0.02559677440279179
recommendation,ssp534-over,2087,HFCs,0.024785356522763285
recommendation,ssp534-over,2088,HFCs,0.02400731879291613
recommendation,ssp534-over,2089,HFCs,0.023261015702708075
recommendation,ssp534-over,2090,HFCs,0.022545201302673096
recommendation,ssp534-over,2091,HFCs,0.021858918975247284
recommendation,ssp534-over,2092,HFCs,0.02120094583396786
recommendation,ssp534-over,2093,HFCs,0.02056994402163076
recommendation,ssp534-over,2094,HFCs,0.01996456670778328
recommendation,ssp534-over,2095,HFCs,0.019383626547285406
recommendation,ssp534-over,2096,HFCs,0.018825949362468536
recommendation,ssp534-over,2097,HFCs,0.01829044612876446
recommendation,ssp534-over,2098,HFCs,0.01777606237229481
recommendation,ssp534-over,2099,HFCs,0.017281824819335122
recommendation,ssp534-over,2100,HFCs,0.01680679297480281
recommendation,ssp334,2019,HFCs,0.0
recommendation,ssp334,2020,HFCs,0.0012929531407192118
recommendation,ssp334,2021,HFCs,0.002664330332264377
recommendation,ssp334,2022,HFCs,0.004068315398707967
recommendation,ssp334,2023,HFCs,0.005423479580652932
recommendation,ssp334,2024,HFCs,0.006674058674841115
recommendation,ssp334,2025,HFCs,0.007782308361677965
recommendation,ssp334,2026,HFCs,0.008723380841961828
recommendation,ssp334,2027,HFCs,0.009481618591079424
recommendation,ssp334,2028,HFCs,0.01004798084715334
recommendation,ssp334,2029,HFCs,0.010418128853140697
recommendation,ssp334,2030,HFCs,0.010591114228605735
recommendation,ssp334,2031,HFCs,0.010568313622266423
recommendation,ssp334,2032,HFCs,0.010380964815127803
recommendation,ssp334,2033,HFCs,0.010080156204346607
recommendation,ssp334,2034,HFCs,0.00970183561598281
recommendation,ssp334,2035,HFCs,0.009271435346079852
recommendation,ssp334,2036,HFCs,0.008806976426301153
recommendation,ssp334,2037,HFCs,0.008321205196841241
recommendation,ssp334,2038,HFCs,0.007823082784591226
recommendation,ssp334,2039,HFCs,0.007318852632516542
recommendation,ssp334,2040,HFCs,0.0068127815379841455
recommendation,ssp334,2041,HFCs,0.006307725034375185
recommendation,ssp334,2042,HFCs,0.005808616249633055
recommendation,ssp334,2043,HFCs,0.005321760190477328
recommendation,ssp334,2044,HFCs,0.004851300440554174
recommendation,ssp334,2045,HFCs,0.004399820578469564
recommendation,ssp334,2046,HFCs,0.003968819340956718
recommendation,ssp334,2047,HFCs,0.0035590140751099644
recommendation,ssp334,2048,HFCs,0.0031705784511553304
recommendation,ssp334,2049,HFCs,0.002803308357111378
recommendation,ssp334,2050,HFCs,0.0024567397913612347
recommendation,ssp334,2051,HFCs,0.002130236864977467
recommendation,ssp334,2052,HFCs,0.0018228247783453593
recommendation,ssp334,2053,HFCs,0.0015333243094920682
recommendation,ssp334,2054,HFCs,0.0012606566045675754
recommendation,ssp334,2055,HFCs,0.001003832758342359
recommendation,ssp334,2056,HFCs,0.0007619412494953882
recommendation,ssp334,2057,HFCs,0.0005341386584849315
recommendation,ssp334,2058,HFCs,0.00031962986819745326
recommendation,ssp334,2059,HFCs,0.00011768696498445051
recommendation,ssp334,2060,HFCs,-7.237855025076304e-05
recommendation,ssp334,2061,HFCs,-0.00025121270725940274
recommendation,ssp334,2062,HFCs,-0.0004193819833382701
recommendation,ssp334,2063,HFCs,-0.000577397893216678
recommendation,ssp334,2064,HFCs,-0.0007257552695818879
recommendation,ssp334,2065,HFCs,-0.0008649306962458733
recommendation,ssp334,2066,HFCs,-0.0009953839771054164
recommendation,ssp334,2067,HFCs,-0.001117546090479874
recommendation,ssp334,2068,HFCs,-0.0012318339384132515
recommendation,ssp334,2069,HFCs,-0.0013386432528537592
recommendation,ssp334,2070,HFCs,-0.0014383429097043453
recommendation,ssp334,2071,HFCs,-0.0015312938695972722
recommendation,ssp334,2072,HFCs,-0.0016178260083885305
recommendation,ssp334,2073,HFCs,-0.0016982628638168278
recommendation,ssp334,2074,HFCs,-0.0017729161531841366
recommendation,ssp334,2075,HFCs,-0.0018420784642936075
recommendation,ssp334,2076,HFCs,-0.001906031299991593
recommendation,ssp334,2077,HFCs,-0.001965044544124708
recommendation,ssp334,2078,HFCs,-0.002019369288383621
recommendation,ssp334,2079,HFCs,-0.002069245245595935
recommendation,ssp334,2080,HFCs,-0.002114895692762072
recommendation,ssp334,2081,HFCs,-0.0021565355018131095
recommendation,ssp334,2082,HFCs,-0.002194489535204413
recommendation,ssp334,2083,HFCs,-0.0022291490580631096
recommendation,ssp334,2084,HFCs,-0.002260838673123466
recommendation,ssp334,2085,HFCs,-0.0022898134441337627
recommendation,ssp334,2086,HFCs,-0.0023163001221683955
recommendation,ssp334,2087,HFCs,-0.002340476819596111
recommendation,ssp334,2088,HFCs,-0.0023625101202422033
recommendation,ssp334,2089,HFCs,-0.0023825365430642717
recommendation,ssp334,2090,HFCs,-0.0024006764164888825
recommendation,ssp334,2091,HFCs,-0.002417044463036592
recommendation,ssp334,2092,HFCs,-0.0024320324306198043
recommendation,ssp334,2093,HFCs,-0.0024462367357871075
recommendation,ssp334,2094,HFCs,-0.0024600839279474186
recommendation,ssp334,2095,HFCs,-0.002473871510542963
recommendation,ssp334,2096,HFCs,-0.002487818206250471
recommendation,ssp334,2097,HFCs,-0.0025020007613665556
recommendation,ssp334,2098,HFCs,-0.0025164012713029607
recommendation,ssp334,2099,HFCs,-0.002530995240756617
recommendation,ssp334,2100,HFCs,-0.002545768192474901
recommendation,ssp119,2019,HFCs,0.0
recommendation,ssp119,2020,HFCs,0.0012929531407192118
recommendation,ssp119,2021,HFCs,0.002664330332264377
recommendation,ssp119,2022,HFCs,0.004068315398707967
recommendation,ssp119,2023,HFCs,0.005423479580652932
recommendation,ssp119,2024,HFCs,0.006674058674841115
recommendation,ssp119,2025,HFCs,0.007782308361677965
recommendation,ssp119,2026,HFCs,0.008723380841961828
recommendation,ssp119,2027,HFCs,0.009481618591079424
recommendation,ssp119,2028,HFCs,0.01004798084715334
recommendation,ssp119,2029,HFCs,0.010418128853140697
recommendation,ssp119,2030,HFCs,0.010591114228605735
recommendation,ssp119,2031,HFCs,0.010568313622266423
recommendation,ssp119,2032,HFCs,0.010380964815127803
recommendation,ssp119,2033,HFCs,0.010080156204346607
recommendation,ssp119,2034,HFCs,0.00970183561598281
recommendation,ssp119,2035,HFCs,0.009271435346079852
recommendation,ssp119,2036,HFCs,0.008806976426301153
recommendation,ssp119,2037,HFCs,0.008321205196841241
recommendation,ssp119,2038,HFCs,0.007823082784591226
recommendation,ssp119,2039,HFCs,0.007318852632516542
recommendation,ssp119,2040,HFCs,0.0068127815379841455
recommendation,ssp119,2041,HFCs,0.006307725034375185
recommendation,ssp119,2042,HFCs,0.005808616249633055
recommendation,ssp119,2043,HFCs,0.005321760190477328
recommendation,ssp119,2044,HFCs,0.004851300440554174
recommendation,ssp119,2045,HFCs,0.004399820578469564
recommendation,ssp119,2046,HFCs,0.003968819340956718
recommendation,ssp119,2047,HFCs,0.0035590140751099644
recommendation,ssp119,2048,HFCs,0.0031705784511553304
recommendation,ssp119,2049,HFCs,0.002803308357111378
recommendation,ssp119,2050,HFCs,0.0024567397913612347
recommendation,ssp119,2051,HFCs,0.002130236864977467
recommendation,ssp119,2052,HFCs,0.0018228247783453593
recommendation,ssp119,2053,HFCs,0.0015333243094920682
recommendation,ssp119,2054,HFCs,0.0012606566045675754
recommendation,ssp119,2055,HFCs,0.001003832758342359
recommendation,ssp119,2056,HFCs,0.0007619412494953882
recommendation,ssp119,2057,HFCs,0.0005341386584849315
recommendation,ssp119,2058,HFCs,0.00031962986819745326
recommendation,ssp119,2059,HFCs,0.00011768696498445051
recommendation,ssp119,2060,HFCs,-7.237855025076304e-05
recommendation,ssp119,2061,HFCs,-0.00025121270725940274
recommendation,ssp119,2062,HFCs,-0.0004193819833382701
recommendation,ssp119,2063,HFCs,-0.000577397893216678
recommendation,ssp119,2064,HFCs,-0.0007257552695818879
recommendation,ssp119,2065,HFCs,-0.0008649306962458733
recommendation,ssp119,2066,HFCs,-0.0009953839771054164
recommendation,ssp119,2067,HFCs,-0.001117546090479874
recommendation,ssp119,2068,HFCs,-0.0012318339384132515
recommendation,ssp119,2069,HFCs,-0.0013386432528537592
recommendation,ssp119,2070,HFCs,-0.0014383429097043453
recommendation,ssp119,2071,HFCs,-0.0015312938695972722
recommendation,ssp119,2072,HFCs,-0.0016178260083885305
recommendation,ssp119,2073,HFCs,-0.0016982628638168278
recommendation,ssp119,2074,HFCs,-0.0017729161531841366
recommendation,ssp119,2075,HFCs,-0.0018420784642936075
recommendation,ssp119,2076,HFCs,-0.001906031299991593
recommendation,ssp119,2077,HFCs,-0.001965044544124708
recommendation,ssp119,2078,HFCs,-0.002019369288383621
recommendation,ssp119,2079,HFCs,-0.002069245245595935
recommendation,ssp119,2080,HFCs,-0.002114895692762072
recommendation,ssp119,2081,HFCs,-0.0021565355018131095
recommendation,ssp119,2082,HFCs,-0.002194489535204413
recommendation,ssp119,2083,HFCs,-0.0022291490580631096
recommendation,ssp119,2084,HFCs,-0.002260838673123466
recommendation,ssp119,2085,HFCs,-0.0022898134441337627
recommendation,ssp119,2086,HFCs,-0.0023163001221683955
recommendation,ssp119,2087,HFCs,-0.002340476819596111
recommendation,ssp119,2088,HFCs,-0.0023625101202422033
recommendation,ssp119,2089,HFCs,-0.0023825365430642717
recommendation,ssp119,2090,HFCs,-0.0024006764164888825
recommendation,ssp119,2091,HFCs,-0.002417044463036592
recommendation,ssp119,2092,HFCs,-0.0024320324306198043
recommendation,ssp119,2093,HFCs,-0.0024462367357871075
recommendation,ssp119,2094,HFCs,-0.0024600839279474186
recommendation,ssp119,2095,HFCs,-0.002473871510542963
recommendation,ssp119,2096,HFCs,-0.002487818206250471
recommendation,ssp119,2097,HFCs,-0.0025020007613665556
recommendation,ssp119,2098,HFCs,-0.0025164012713029607
recommendation,ssp119,2099,HFCs,-0.002530995240756617
recommendation,ssp119,2100,HFCs,-0.002545768192474901
recommendation,ssp460,2019,HFCs,0.0
recommendation,ssp460,2020,HFCs,0.0009365781501832638
recommendation,ssp460,2021,HFCs,0.0018539526737182867
recommendation,ssp460,2022,HFCs,0.002784431264133429
recommendation,ssp460,2023,HFCs,0.0037885658447804876
recommendation,ssp460,2024,HFCs,0.004907131048843364
recommendation,ssp460,2025,HFCs,0.006167152315419295
recommendation,ssp460,2026,HFCs,0.007585901233128472
recommendation,ssp460,2027,HFCs,0.009173773819241926
recommendation,ssp460,2028,HFCs,0.010936347509285784
recommendation,ssp460,2029,HFCs,0.012875699170923524
recommendation,ssp460,2030,HFCs,0.014991555303400557
recommendation,ssp460,2031,HFCs,0.01728198222938599
recommendation,ssp460,2032,HFCs,0.01971108655023642
recommendation,ssp460,2033,HFCs,0.022219790510568174
recommendation,ssp460,2034,HFCs,0.024766204432302617
recommendation,ssp460,2035,HFCs,0.027320794262164355
recommendation,ssp460,2036,HFCs,0.029862867165557257
recommendation,ssp460,2037,HFCs,0.032378276358277155
recommendation,ssp460,2038,HFCs,0.03485741693489666
recommendation,ssp460,2039,HFCs,0.03729418619067907
recommendation,ssp460,2040,HFCs,0.03968490333536077
recommendation,ssp460,2041,HFCs,0.042027602484181026
recommendation,ssp460,2042,HFCs,0.04431475175927445
recommendation,ssp460,2043,HFCs,0.04653465066208353
recommendation,ssp460,2044,HFCs,0.0486795635008413
recommendation,ssp460,2045,HFCs,0.05074457949911063
recommendation,ssp460,2046,HFCs,0.052726942788580124
recommendation,ssp460,2047,HFCs,0.0546255847850401
recommendation,ssp460,2048,HFCs,0.05644048028972074
recommendation,ssp460,2049,HFCs,0.05817244700407404
recommendation,ssp460,2050,HFCs,0.05982284629082423
recommendation,ssp460,2051,HFCs,0.06139347368560819
recommendation,ssp460,2052,HFCs,0.06287901614018207
recommendation,ssp460,2053,HFCs,0.0642691817562338
recommendation,ssp460,2054,HFCs,0.06555745595259647
recommendation,ssp460,2055,HFCs,0.06674009484696293
recommendation,ssp460,2056,HFCs,0.06781539430137302
recommendation,ssp460,2057,HFCs,0.06878300215511868
recommendation,ssp460,2058,HFCs,0.06964366105620261
recommendation,ssp460,2059,HFCs,0.07039879002612498
recommendation,ssp460,2060,HFCs,0.0710503435322537
recommendation,ssp460,2061,HFCs,0.0716005328112604
recommendation,ssp460,2062,HFCs,0.07205089736088328
recommendation,ssp460,2063,HFCs,0.07240230959870325
recommendation,ssp460,2064,HFCs,0.07265607725303239
recommendation,ssp460,2065,HFCs,0.07281390829177728
recommendation,ssp460,2066,HFCs,0.07287772053536724
recommendation,ssp460,2067,HFCs,0.07284964370590373
recommendation,ssp460,2068,HFCs,0.07273182140134356
recommendation,ssp460,2069,HFCs,0.0725265428240634
recommendation,ssp460,2070,HFCs,0.07223609295719532
recommendation,ssp460,2071,HFCs,0.07186273791267005
recommendation,ssp460,2072,HFCs,0.07141097695491727
recommendation,ssp460,2073,HFCs,0.07088669422279512
recommendation,ssp460,2074,HFCs,0.07029459118751386
recommendation,ssp460,2075,HFCs,0.06963838426745993
recommendation,ssp460,2076,HFCs,0.06892109690113994
recommendation,ssp460,2077,HFCs,0.06814531828502896
recommendation,ssp460,2078,HFCs,0.06731320569792702
recommendation,ssp460,2079,HFCs,0.06642673301889156
recommendation,ssp460,2080,HFCs,0.06548758184935544
recommendation,ssp460,2081,HFCs,0.06449727190071348
recommendation,ssp460,2082,HFCs,0.06346228780820072
recommendation,ssp460,2083,HFCs,0.06239242069610996
recommendation,ssp460,2084,HFCs,0.0612948404067389
recommendation,ssp460,2085,HFCs,0.060174719714145446
recommendation,ssp460,2086,HFCs,0.059035775208144674
recommendation,ssp460,2087,HFCs,0.05788070983197962
recommendation,ssp460,2088,HFCs,0.056711460831492484
recommendation,ssp460,2089,HFCs,0.055529379664687
recommendation,ssp460,2090,HFCs,0.05433545854348051
recommendation,ssp460,2091,HFCs,0.05313036875187913
recommendation,ssp460,2092,HFCs,0.051919113657713824
recommendation,ssp460,2093,HFCs,0.05070970462944981
recommendation,ssp460,2094,HFCs,0.049507675760623655
recommendation,ssp460,2095,HFCs,0.04831674972195688
recommendation,ssp460,2096,HFCs,0.04713945857076725
recommendation,ssp460,2097,HFCs,0.04597735999368267
recommendation,ssp460,2098,HFCs,0.04483129000798836
recommendation,ssp460,2099,HFCs,0.04370164241415917
recommendation,ssp460,2100,HFCs,0.042588483417246734
recommendation,ssp585,2019,HFCs,0.0
recommendation,ssp585,2020,HFCs,0.0013508299492762475
recommendation,ssp585,2021,HFCs,0.0027960783318916865
recommendation,ssp585,2022,HFCs,0.004337730840563022
recommendation,ssp585,2023,HFCs,0.005973115068868511
recommendation,ssp585,2024,HFCs,0.007699969958143314
recommendation,ssp585,2025,HFCs,0.00951611193954763
recommendation,ssp585,2026,HFCs,0.01141937258700997
recommendation,ssp585,2027,HFCs,0.013407490062516647
recommendation,ssp585,2028,HFCs,0.015478226957847825
recommendation,ssp585,2029,HFCs,0.01762933591196346
recommendation,ssp585,2030,HFCs,0.01985858555795287
recommendation,ssp585,2031,HFCs,0.02216384016461509
recommendation,ssp585,2032,HFCs,0.024533149160610168
recommendation,ssp585,2033,HFCs,0.026947720072914683
recommendation,ssp585,2034,HFCs,0.029393952829899372
recommendation,ssp585,2035,HFCs,0.03186207994945002
recommendation,ssp585,2036,HFCs,0.034345172183433754
recommendation,ssp585,2037,HFCs,0.036838348230919485
recommendation,ssp585,2038,HFCs,0.03933830501583191
recommendation,ssp585,2039,HFCs,0.04184278748888354
recommendation,ssp585,2040,HFCs,0.044350387143413786
recommendation,ssp585,2041,HFCs,0.046860304155267964
recommendation,ssp585,2042,HFCs,0.04937979578847832
recommendation,ssp585,2043,HFCs,0.051921471963690395
recommendation,ssp585,2044,HFCs,0.05449379713636656
recommendation,ssp585,2045,HFCs,0.05710236086755204
recommendation,ssp585,2046,HFCs,0.05975077600583897
recommendation,ssp585,2047,HFCs,0.062441130785593775
recommendation,ssp585,2048,HFCs,0.06517456924083453
recommendation,ssp585,2049,HFCs,0.06795146983531848
recommendation,ssp585,2050,HFCs,0.07077180663786836
recommendation,ssp585,2051,HFCs,0.07363510234206486
recommendation,ssp585,2052,HFCs,0.07654304699634386
recommendation,ssp585,2053,HFCs,0.07949861271005412
recommendation,ssp585,2054,HFCs,0.08250314333901773
recommendation,ssp585,2055,HFCs,0.08555680666996908
recommendation,ssp585,2056,HFCs,0.08865897655156108
recommendation,ssp585,2057,HFCs,0.09180852058488975
recommendation,ssp585,2058,HFCs,0.09500385671493003
recommendation,ssp585,2059,HFCs,0.09824319122177191
recommendation,ssp585,2060,HFCs,0.10152455297259746
recommendation,ssp585,2061,HFCs,0.1048459331527321
recommendation,ssp585,2062,HFCs,0.10820908483119046
recommendation,ssp585,2063,HFCs,0.11161852286588987
recommendation,ssp585,2064,HFCs,0.1150767744854825
recommendation,ssp585,2065,HFCs,0.11858495464759512
recommendation,ssp585,2066,HFCs,0.12214311865459108
recommendation,ssp585,2067,HFCs,0.12575070917128914
recommendation,ssp585,2068,HFCs,0.1294066081400561
recommendation,ssp585,2069,HFCs,0.1331094007014994
recommendation,ssp585,2070,HFCs,0.136857428364787
recommendation,ssp585,2071,HFCs,0.14064897265257834
recommendation,ssp585,2072,HFCs,0.14447143638886836
recommendation,ssp585,2073,HFCs,0.14830475187477912
recommendation,ssp585,2074,HFCs,0.15213433293433495
recommendation,ssp585,2075,HFCs,0.15594964581037407
recommendation,ssp585,2076,HFCs,0.1597431959040646
recommendation,ssp585,2077,HFCs,0.16350959358190353
recommendation,ssp585,2078,HFCs,0.16724515746928983
recommendation,ssp585,2079,HFCs,0.1709473086138827
recommendation,ssp585,2080,HFCs,0.17461448163754487
recommendation,ssp585,2081,HFCs,0.17824562212016837
recommendation,ssp585,2082,HFCs,0.18182643082324756
recommendation,ssp585,2083,HFCs,0.18533337421936602
recommendation,ssp585,2084,HFCs,0.18875029908569568
recommendation,ssp585,2085,HFCs,0.19206652923921497
recommendation,ssp585,2086,HFCs,0.19527536244540167
recommendation,ssp585,2087,HFCs,0.19837295000298974
recommendation,ssp585,2088,HFCs,0.201357530196581
recommendation,ssp585,2089,HFCs,0.20422886935345974
recommendation,ssp585,2090,HFCs,0.20698781928905408
recommendation,ssp585,2091,HFCs,0.20963597504976977
recommendation,ssp585,2092,HFCs,0.21217193992926764
recommendation,ssp585,2093,HFCs,0.21459230327096257
recommendation,ssp585,2094,HFCs,0.21689603958128303
recommendation,ssp585,2095,HFCs,0.21908365155955642
recommendation,ssp585,2096,HFCs,0.2211568076768905
recommendation,ssp585,2097,HFCs,0.2231179534423546
recommendation,ssp585,2098,HFCs,0.22497002665404636
recommendation,ssp585,2099,HFCs,0.22671632028498184
recommendation,ssp585,2100,HFCs,0.22836031129959541
recommendation,ssp370,2019,HFCs,0.0
recommendation,ssp370,2020,HFCs,0.0012158069464267736
recommendation,ssp370,2021,HFCs,0.0024892288113953723
recommendation,ssp370,2022,HFCs,0.0038107957334481152
recommendation,ssp370,2023,HFCs,0.005162465284324137
recommendation,ssp370,2024,HFCs,0.006531640166178231
recommendation,ssp370,2025,HFCs,0.007909536335738375
recommendation,ssp370,2026,HFCs,0.009290065016370157
recommendation,ssp370,2027,HFCs,0.010669101487739677
recommendation,ssp370,2028,HFCs,0.012043945643360974
recommendation,ssp370,2029,HFCs,0.013412899020004513
recommendation,ssp370,2030,HFCs,0.01477501435100432
recommendation,ssp370,2031,HFCs,0.01612990742406053
recommendation,ssp370,2032,HFCs,0.017478775479479715
recommendation,ssp370,2033,HFCs,0.018823460943400594
recommendation,ssp370,2034,HFCs,0.020164927073717795
recommendation,ssp370,2035,HFCs,0.021503669990804518
recommendation,ssp370,2036,HFCs,0.02283996822498944
recommendation,ssp370,2037,HFCs,0.02417397657298851
recommendation,ssp370,2038,HFCs,0.025505888214020125
recommendation,ssp370,2039,HFCs,0.026835758267729874
recommendation,ssp370,2040,HFCs,0.02816372888960806
recommendation,ssp370,2041,HFCs,0.02948995836237591
recommendation,ssp370,2042,HFCs,0.030814768389908778
recommendation,ssp370,2043,HFCs,0.03213855771850057
recommendation,ssp370,2044,HFCs,0.03346137269409326
recommendation,ssp370,2045,HFCs,0.03478323524482985
recommendation,ssp370,2046,HFCs,0.03610404519300392
recommendation,ssp370,2047,HFCs,0.03742363563358731
recommendation,ssp370,2048,HFCs,0.03874195509688402
recommendation,ssp370,2049,HFCs,0.04005888639128586
recommendation,ssp370,2050,HFCs,0.041374372234153
recommendation,ssp370,2051,HFCs,0.042688325069113846
recommendation,ssp370,2052,HFCs,0.04399900682759519
recommendation,ssp370,2053,HFCs,0.045303478923197395
recommendation,ssp370,2054,HFCs,0.046599698522974936
recommendation,ssp370,2055,HFCs,0.04788626979272792
recommendation,ssp370,2056,HFCs,0.049162244941228
recommendation,ssp370,2057,HFCs,0.05042708418591887
recommendation,ssp370,2058,HFCs,0.05168042737803471
recommendation,ssp370,2059,HFCs,0.052922186724964675
recommendation,ssp370,2060,HFCs,0.05415238457709109
recommendation,ssp370,2061,HFCs,0.055371114100957054
recommendation,ssp370,2062,HFCs,0.05657930584654166
recommendation,ssp370,2063,HFCs,0.057778324671460705
recommendation,ssp370,2064,HFCs,0.058969286097871186
recommendation,ssp370,2065,HFCs,0.060152919446157145
recommendation,ssp370,2066,HFCs,0.06132984739904596
recommendation,ssp370,2067,HFCs,0.0625005133120553
recommendation,ssp370,2068,HFCs,0.06366525626069384
recommendation,ssp370,2069,HFCs,0.06482436018112932
recommendation,ssp370,2070,HFCs,0.06597804356827307
recommendation,ssp370,2071,HFCs,0.06712645929182999
recommendation,ssp370,2072,HFCs,0.06827074895828128
recommendation,ssp370,2073,HFCs,0.06941262812714066
recommendation,ssp370,2074,HFCs,0.0705533008252581
recommendation,ssp370,2075,HFCs,0.07169348808636415
recommendation,ssp370,2076,HFCs,0.07283371204764005
recommendation,ssp370,2077,HFCs,0.07397425607438256
recommendation,ssp370,2078,HFCs,0.07511531951676483
recommendation,ssp370,2079,HFCs,0.07625695368290981
recommendation,ssp370,2080,HFCs,0.07739916731110184
recommendation,ssp370,2081,HFCs,0.07854189166148508
recommendation,ssp370,2082,HFCs,0.07968459804530534
recommendation,ssp370,2083,HFCs,0.08082632445705108
recommendation,ssp370,2084,HFCs,0.08196636352861152
recommendation,ssp370,2085,HFCs,0.08310411277448117
recommendation,ssp370,2086,HFCs,0.0842390590563066
recommendation,ssp370,2087,HFCs,0.08537082655992993
recommendation,ssp370,2088,HFCs,0.08649906484371529
recommendation,ssp370,2089,HFCs,0.08762352761067506
recommendation,ssp370,2090,HFCs,0.0887440186866026
recommendation,ssp370,2091,HFCs,0.08986033083047937
recommendation,ssp370,2092,HFCs,0.09097304136872733
recommendation,ssp370,2093,HFCs,0.09208318770201694
recommendation,ssp370,2094,HFCs,0.0931915061311067
recommendation,ssp370,2095,HFCs,0.09429846679440337
recommendation,ssp370,2096,HFCs,0.0954043889431478
recommendation,ssp370,2097,HFCs,0.09650941959797739
recommendation,ssp370,2098,HFCs,0.09761361640521288
recommendation,ssp370,2099,HFCs,0.09871700091527091
recommendation,ssp370,2100,HFCs,0.09981953654137254
recommendation,ssp370-lowNTCF-aerchemmip,2019,HFCs,0.0
recommendation,ssp370-lowNTCF-aerchemmip,2020,HFCs,0.0012158069464267736
recommendation,ssp370-lowNTCF-aerchemmip,2021,HFCs,0.0024892288113953723
recommendation,ssp370-lowNTCF-aerchemmip,2022,HFCs,0.0038107957334481152
recommendation,ssp370-lowNTCF-aerchemmip,2023,HFCs,0.005162465284324137
recommendation,ssp370-lowNTCF-aerchemmip,2024,HFCs,0.006531640166178231
recommendation,ssp370-lowNTCF-aerchemmip,2025,HFCs,0.007909536335738375
recommendation,ssp370-lowNTCF-aerchemmip,2026,HFCs,0.009290065016370157
recommendation,ssp370-lowNTCF-aerchemmip,2027,HFCs,0.010669101487739677
recommendation,ssp370-lowNTCF-aerchemmip,2028,HFCs,0.012043945643360974
recommendation,ssp370-lowNTCF-aerchemmip,2029,HFCs,0.013412899020004513
recommendation,ssp370-lowNTCF-aerchemmip,2030,HFCs,0.01477501435100432
recommendation,ssp370-lowNTCF-aerchemmip,2031,HFCs,0.01612990742406053
recommendation,ssp370-lowNTCF-aerchemmip,2032,HFCs,0.017478775479479715
recommendation,ssp370-lowNTCF-aerchemmip,2033,HFCs,0.018823460943400594
recommendation,ssp370-lowNTCF-aerchemmip,2034,HFCs,0.020164927073717795
recommendation,ssp370-lowNTCF-aerchemmip,2035,HFCs,0.021503669990804518
recommendation,ssp370-lowNTCF-aerchemmip,2036,HFCs,0.02283996822498944
recommendation,ssp370-lowNTCF-aerchemmip,2037,HFCs,0.02417397657298851
recommendation,ssp370-lowNTCF-aerchemmip,2038,HFCs,0.025505888214020125
recommendation,ssp370-lowNTCF-aerchemmip,2039,HFCs,0.026835758267729874
recommendation,ssp370-lowNTCF-aerchemmip,2040,HFCs,0.02816372888960806
recommendation,ssp370-lowNTCF-aerchemmip,2041,HFCs,0.02948995836237591
recommendation,ssp370-lowNTCF-aerchemmip,2042,HFCs,0.030814768389908778
recommendation,ssp370-lowNTCF-aerchemmip,2043,HFCs,0.03213855771850057
recommendation,ssp370-lowNTCF-aerchemmip,2044,HFCs,0.03346137269409326
recommendation,ssp370-lowNTCF-aerchemmip,2045,HFCs,0.03478323524482985
recommendation,ssp370-lowNTCF-aerchemmip,2046,HFCs,0.03610404519300392
recommendation,ssp370-lowNTCF-aerchemmip,2047,HFCs,0.03742363563358731
recommendation,ssp370-lowNTCF-aerchemmip,2048,HFCs,0.03874195509688402
recommendation,ssp370-lowNTCF-aerchemmip,2049,HFCs,0.04005888639128586
recommendation,ssp370-lowNTCF-aerchemmip,2050,HFCs,0.041374372234153
recommendation,ssp370-lowNTCF-aerchemmip,2051,HFCs,0.042688325069113846
recommendation,ssp370-lowNTCF-aerchemmip,2052,HFCs,0.04399900682759519
recommendation,ssp370-lowNTCF-aerchemmip,2053,HFCs,0.045303478923197395
recommendation,ssp370-lowNTCF-aerchemmip,2054,HFCs,0.046599698522974936
recommendation,ssp370-lowNTCF-aerchemmip,2055,HFCs,0.04788626979272792
recommendation,ssp370-lowNTCF-aerchemmip,2056,HFCs,0.049162244941228
recommendation,ssp370-lowNTCF-aerchemmip,2057,HFCs,0.05042708418591887
recommendation,ssp370-lowNTCF-aerchemmip,2058,HFCs,0.05168042737803471
recommendation,ssp370-lowNTCF-aerchemmip,2059,HFCs,0.052922186724964675
recommendation,ssp370-lowNTCF-aerchemmip,2060,HFCs,0.05415238457709109
recommendation,ssp370-lowNTCF-aerchemmip,2061,HFCs,0.055371114100957054
recommendation,ssp370-lowNTCF-aerchemmip,2062,HFCs,0.05657930584654166
recommendation,ssp370-lowNTCF-aerchemmip,2063,HFCs,0.057778324671460705
recommendation,ssp370-lowNTCF-aerchemmip,2064,HFCs,0.058969286097871186
recommendation,ssp370-lowNTCF-aerchemmip,2065,HFCs,0.060152919446157145
recommendation,ssp370-lowNTCF-aerchemmip,2066,HFCs,0.06132984739904596
recommendation,ssp370-lowNTCF-aerchemmip,2067,HFCs,0.0625005133120553
recommendation,ssp370-lowNTCF-aerchemmip,2068,HFCs,0.06366525626069384
recommendation,ssp370-lowNTCF-aerchemmip,2069,HFCs,0.06482436018112932
recommendation,ssp370-lowNTCF-aerchemmip,2070,HFCs,0.06597804356827307
recommendation,ssp370-lowNTCF-aerchemmip,2071,HFCs,0.06712645929182999
recommendation,ssp370-lowNTCF-aerchemmip,2072,HFCs,0.06827074895828128
recommendation,ssp370-lowNTCF-aerchemmip,2073,HFCs,0.06941262812714066
recommendation,ssp370-lowNTCF-aerchemmip,2074,HFCs,0.0705533008252581
recommendation,ssp370-lowNTCF-aerchemmip,2075,HFCs,0.07169348808636415
recommendation,ssp370-lowNTCF-aerchemmip,2076,HFCs,0.07283371204764005
recommendation,ssp370-lowNTCF-aerchemmip,2077,HFCs,0.07397425607438256
recommendation,ssp370-lowNTCF-aerchemmip,2078,HFCs,0.07511531951676483
recommendation,ssp370-lowNTCF-aerchemmip,2079,HFCs,0.07625695368290981
recommendation,ssp370-lowNTCF-aerchemmip,2080,HFCs,0.07739916731110184
recommendation,ssp370-lowNTCF-aerchemmip,2081,HFCs,0.07854189166148508
recommendation,ssp370-lowNTCF-aerchemmip,2082,HFCs,0.07968459804530534
recommendation,ssp370-lowNTCF-aerchemmip,2083,HFCs,0.08082632445705108
recommendation,ssp370-lowNTCF-aerchemmip,2084,HFCs,0.08196636352861152
recommendation,ssp370-lowNTCF-aerchemmip,2085,HFCs,0.08310411277448117
recommendation,ssp370-lowNTCF-aerchemmip,2086,HFCs,0.0842390590563066
recommendation,ssp370-lowNTCF-aerchemmip,2087,HFCs,0.08537082655992993
recommendation,ssp370-lowNTCF-aerchemmip,2088,HFCs,0.08649906484371529
recommendation,ssp370-lowNTCF-aerchemmip,2089,HFCs,0.08762352761067506
recommendation,ssp370-lowNTCF-aerchemmip,2090,HFCs,0.0887440186866026
recommendation,ssp370-lowNTCF-aerchemmip,2091,HFCs,0.08986033083047937
recommendation,ssp370-lowNTCF-aerchemmip,2092,HFCs,0.09097304136872733
recommendation,ssp370-lowNTCF-aerchemmip,2093,HFCs,0.09208318770201694
recommendation,ssp370-lowNTCF-aerchemmip,2094,HFCs,0.0931915061311067
recommendation,ssp370-lowNTCF-aerchemmip,2095,HFCs,0.09429846679440337
recommendation,ssp370-lowNTCF-aerchemmip,2096,HFCs,0.0954043889431478
recommendation,ssp370-lowNTCF-aerchemmip,2097,HFCs,0.09650941959797739
recommendation,ssp370-lowNTCF-aerchemmip,2098,HFCs,0.09761361640521288
recommendation,ssp370-lowNTCF-aerchemmip,2099,HFCs,0.09871700091527091
recommendation,ssp370-lowNTCF-aerchemmip,2100,HFCs,0.09981953654137254
recommendation,ssp126,2019,HFCs,0.0
recommendation,ssp126,2020,HFCs,0.0012749724061423013
recommendation,ssp126,2021,HFCs,0.0026232544322710456
recommendation,ssp126,2022,HFCs,0.004023430216685631
recommendation,ssp126,2023,HFCs,0.005435759695039405
recommendation,ssp126,2024,HFCs,0.0068328238299760185
recommendation,ssp126,2025,HFCs,0.008195872250922403
recommendation,ssp126,2026,HFCs,0.009512296861744212
recommendation,ssp126,2027,HFCs,0.010773878161688804
recommendation,ssp126,2028,HFCs,0.011975566740391878
recommendation,ssp126,2029,HFCs,0.013114574736808724
recommendation,ssp126,2030,HFCs,0.014189791485943523
recommendation,ssp126,2031,HFCs,0.015201219420455917
recommendation,ssp126,2032,HFCs,0.016132064745990715
recommendation,ssp126,2033,HFCs,0.01695351309929287
recommendation,ssp126,2034,HFCs,0.01764586896150066
recommendation,ssp126,2035,HFCs,0.018196337566254585
recommendation,ssp126,2036,HFCs,0.018597153752526206
recommendation,ssp126,2037,HFCs,0.018844230775283542
recommendation,ssp126,2038,HFCs,0.018936272900088827
recommendation,ssp126,2039,HFCs,0.018873855936112162
recommendation,ssp126,2040,HFCs,0.018658963069833633
recommendation,ssp126,2041,HFCs,0.018294500021189007
recommendation,ssp126,2042,HFCs,0.01780655513989242
recommendation,ssp126,2043,HFCs,0.01723690161195842
recommendation,ssp126,2044,HFCs,0.016615226905734283
recommendation,ssp126,2045,HFCs,0.01596272347869202
recommendation,ssp126,2046,HFCs,0.015294359143698902
recommendation,ssp126,2047,HFCs,0.014620724046881266
recommendation,ssp126,2048,HFCs,0.013949104746530694
recommendation,ssp126,2049,HFCs,0.013284461287746763
recommendation,ssp126,2050,HFCs,0.012630045069093482
recommendation,ssp126,2051,HFCs,0.011987883811044394
recommendation,ssp126,2052,HFCs,0.011361169734503273
recommendation,ssp126,2053,HFCs,0.010753896183561306
recommendation,ssp126,2054,HFCs,0.010168528785922863
recommendation,ssp126,2055,HFCs,0.009606464114624484
recommendation,ssp126,2056,HFCs,0.009068331927233253
recommendation,ssp126,2057,HFCs,0.00855422103691387
recommendation,ssp126,2058,HFCs,0.008063851381165733
recommendation,ssp126,2059,HFCs,0.007596680615242915
recommendation,ssp126,2060,HFCs,0.007152001550928379
recommendation,ssp126,2061,HFCs,0.006729003588165571
recommendation,ssp126,2062,HFCs,0.006326890729342378
recommendation,ssp126,2063,HFCs,0.005944876844601375
recommendation,ssp126,2064,HFCs,0.005582130941962188
recommendation,ssp126,2065,HFCs,0.005237804634154247
recommendation,ssp126,2066,HFCs,0.004911039907952377
recommendation,ssp126,2067,HFCs,0.0046009944959768175
recommendation,ssp126,2068,HFCs,0.004306849141313239
recommendation,ssp126,2069,HFCs,0.00402781646240471
recommendation,ssp126,2070,HFCs,0.003763140167435128
recommendation,ssp126,2071,HFCs,0.0035120937742251623
recommendation,ssp126,2072,HFCs,0.0032740104341025793
recommendation,ssp126,2073,HFCs,0.003048250980995362
recommendation,ssp126,2074,HFCs,0.0028342024827710515
recommendation,ssp126,2075,HFCs,0.002631283657757085
recommendation,ssp126,2076,HFCs,0.0024389351658604588
recommendation,ssp126,2077,HFCs,0.002256631345395917
recommendation,ssp126,2078,HFCs,0.0020838706547631463
recommendation,ssp126,2079,HFCs,0.0019201817645583836
recommendation,ssp126,2080,HFCs,0.001765120764853698
recommendation,ssp126,2081,HFCs,0.0016182621892315615
recommendation,ssp126,2082,HFCs,0.0014790290438201365
recommendation,ssp126,2083,HFCs,0.0013467584537245093
recommendation,ssp126,2084,HFCs,0.0012209049133779515
recommendation,ssp126,2085,HFCs,0.0011010266424478603
recommendation,ssp126,2086,HFCs,0.000986750834249487
recommendation,ssp126,2087,HFCs,0.0008777599736351921
recommendation,ssp126,2088,HFCs,0.0007737764863919878
recommendation,ssp126,2089,HFCs,0.0006745574507258691
recommendation,ssp126,2090,HFCs,0.0005798851931648908
recommendation,ssp126,2091,HFCs,0.0004895625063333318
recommendation,ssp126,2092,HFCs,0.00040309119377191123
recommendation,ssp126,2093,HFCs,0.0003197737567469366
recommendation,ssp126,2094,HFCs,0.00023908445836704102
recommendation,ssp126,2095,HFCs,0.000160630331366228
recommendation,ssp126,2096,HFCs,8.411846710326167e-05
recommendation,ssp126,2097,HFCs,9.319105581117454e-06
recommendation,ssp126,2098,HFCs,-6.393780870362492e-05
recommendation,ssp126,2099,HFCs,-0.00013578867797112495
recommendation,ssp126,2100,HFCs,-0.00020633762366732006
recommendation,ssp245,2019,HFCs,0.0
recommendation,ssp245,2020,HFCs,0.0013761145445302294
recommendation,ssp245,2021,HFCs,0.0028542929494275327
recommendation,ssp245,2022,HFCs,0.004416713255527073
recommendation,ssp245,2023,HFCs,0.006026302302833337
recommendation,ssp245,2024,HFCs,0.007657487434471826
recommendation,ssp245,2025,HFCs,0.009292667025179129
recommendation,ssp245,2026,HFCs,0.010919806994790884
recommendation,ssp245,2027,HFCs,0.012530834463343082
recommendation,ssp245,2028,HFCs,0.014120503622503592
recommendation,ssp245,2029,HFCs,0.015685625283562148
recommendation,ssp245,2030,HFCs,0.017224452487867366
recommendation,ssp245,2031,HFCs,0.01873629928895009
recommendation,ssp245,2032,HFCs,0.020216316006878267
recommendation,ssp245,2033,HFCs,0.021656392592356744
recommendation,ssp245,2034,HFCs,0.023050657290028274
recommendation,ssp245,2035,HFCs,0.024395204364751517
recommendation,ssp245,2036,HFCs,0.025687593631192822
recommendation,ssp245,2037,HFCs,0.026926529317488034
recommendation,ssp245,2038,HFCs,0.028111631151575153
recommendation,ssp245,2039,HFCs,0.02924304405843961
recommendation,ssp245,2040,HFCs,0.0303214735069575
recommendation,ssp245,2041,HFCs,0.03134790808966017
recommendation,ssp245,2042,HFCs,0.032323344736345544
recommendation,ssp245,2043,HFCs,0.0332484163159677
recommendation,ssp245,2044,HFCs,0.03412384643283523
recommendation,ssp245,2045,HFCs,0.034950344623565256
recommendation,ssp245,2046,HFCs,0.03572872164895079
recommendation,ssp245,2047,HFCs,0.03645989335704013
recommendation,ssp245,2048,HFCs,0.03714485455089222
recommendation,ssp245,2049,HFCs,0.03778463011827261
recommendation,ssp245,2050,HFCs,0.03838025523500731
recommendation,ssp245,2051,HFCs,0.03893287296997281
recommendation,ssp245,2052,HFCs,0.03945009933702883
recommendation,ssp245,2053,HFCs,0.039943944706243954
recommendation,ssp245,2054,HFCs,0.04042301813418051
recommendation,ssp245,2055,HFCs,0.040893296135348395
recommendation,ssp245,2056,HFCs,0.04135906434137582
recommendation,ssp245,2057,HFCs,0.04182316567158306
recommendation,ssp245,2058,HFCs,0.042287626553025204
recommendation,ssp245,2059,HFCs,0.04275367607901664
recommendation,ssp245,2060,HFCs,0.04322210204377961
recommendation,ssp245,2061,HFCs,0.04369334840878814
recommendation,ssp245,2062,HFCs,0.04416699553126549
recommendation,ssp245,2063,HFCs,0.044642042453272426
recommendation,ssp245,2064,HFCs,0.04511769575353914
recommendation,ssp245,2065,HFCs,0.045593314789088846
recommendation,ssp245,2066,HFCs,0.046068475873854826
recommendation,ssp245,2067,HFCs,0.0465428005335855
recommendation,ssp245,2068,HFCs,0.04701598869852271
recommendation,ssp245,2069,HFCs,0.047487785807273045
recommendation,ssp245,2070,HFCs,0.04795805893248059
recommendation,ssp245,2071,HFCs,0.04842664188486915
recommendation,ssp245,2072,HFCs,0.04889288516000256
recommendation,ssp245,2073,HFCs,0.04935564686764562
recommendation,ssp245,2074,HFCs,0.049814106330389164
recommendation,ssp245,2075,HFCs,0.050267726010591825
recommendation,ssp245,2076,HFCs,0.05071605848415133
recommendation,ssp245,2077,HFCs,0.05115883216012545
recommendation,ssp245,2078,HFCs,0.0515958339205577
recommendation,ssp245,2079,HFCs,0.052026976712406865
recommendation,ssp245,2080,HFCs,0.05245220555753504
recommendation,ssp245,2081,HFCs,0.05287149920197776
recommendation,ssp245,2082,HFCs,0.05328548960415087
recommendation,ssp245,2083,HFCs,0.053695371593871506
recommendation,ssp245,2084,HFCs,0.054102007137543186
recommendation,ssp245,2085,HFCs,0.054505978691156705
recommendation,ssp245,2086,HFCs,0.05490770639345354
recommendation,ssp245,2087,HFCs,0.05530761670092014
recommendation,ssp245,2088,HFCs,0.055705898429711805
recommendation,ssp245,2089,HFCs,0.05610277335589709
recommendation,ssp245,2090,HFCs,0.0564983583857896
recommendation,ssp245,2091,HFCs,0.05689279963770583
recommendation,ssp245,2092,HFCs,0.057283248506650335
recommendation,ssp245,2093,HFCs,0.05766477277497512
recommendation,ssp245,2094,HFCs,0.05803402571882927
recommendation,ssp245,2095,HFCs,0.05838876621294476
recommendation,ssp245,2096,HFCs,0.05872756337527584
recommendation,ssp245,2097,HFCs,0.05904957945393003
recommendation,ssp245,2098,HFCs,0.05935446927490041
recommendation,ssp245,2099,HFCs,0.05964211211095347
recommendation,ssp245,2100,HFCs,0.059912607478750955
recommendation,ssp434,2019,HFCs,0.0
recommendation,ssp434,2020,HFCs,0.0009365793132374237
recommendation,ssp434,2021,HFCs,0.0018539526584007305
recommendation,ssp434,2022,HFCs,0.002733275479384791
recommendation,ssp434,2023,HFCs,0.0035489157505322107
recommendation,ssp434,2024,HFCs,0.004283042824286614
recommendation,ssp434,2025,HFCs,0.00492357971261668
recommendation,ssp434,2026,HFCs,0.005462764920821756
recommendation,ssp434,2027,HFCs,0.005896004193532834
recommendation,ssp434,2028,HFCs,0.00622099771815786
recommendation,ssp434,2029,HFCs,0.006437130865954882
recommendation,ssp434,2030,HFCs,0.0065450060605123875
recommendation,ssp434,2031,HFCs,0.006546114402576022
recommendation,ssp434,2032,HFCs,0.00645656068383871
recommendation,ssp434,2033,HFCs,0.0063020909862142194
recommendation,ssp434,2034,HFCs,0.0061006510547416595
recommendation,ssp434,2035,HFCs,0.005864852869370227
recommendation,ssp434,2036,HFCs,0.005603560658456479
recommendation,ssp434,2037,HFCs,0.005323011257903217
recommendation,ssp434,2038,HFCs,0.005027563287650883
recommendation,ssp434,2039,HFCs,0.004720247381769472
recommendation,ssp434,2040,HFCs,0.004403127376386243
recommendation,ssp434,2041,HFCs,0.0040775833548432495
recommendation,ssp434,2042,HFCs,0.0037460761983426436
recommendation,ssp434,2043,HFCs,0.0034117526888181506
recommendation,ssp434,2044,HFCs,0.0030766295451287815
recommendation,ssp434,2045,HFCs,0.00274193494610968
recommendation,ssp434,2046,HFCs,0.0024083594845003987
recommendation,ssp434,2047,HFCs,0.0020762186306257802
recommendation,ssp434,2048,HFCs,0.0017455821688584037
recommendation,ssp434,2049,HFCs,0.0014163454459282
recommendation,ssp434,2050,HFCs,0.0010882940278335428
recommendation,ssp434,2051,HFCs,0.0007611381135814894
recommendation,ssp434,2052,HFCs,0.00043677944019833437
recommendation,ssp434,2053,HFCs,0.00011862055963007649
recommendation,ssp434,2054,HFCs,-0.00019108398881951226
recommendation,ssp434,2055,HFCs,-0.0004909154570096556
recommendation,ssp434,2056,HFCs,-0.0007800374935081032
recommendation,ssp434,2057,HFCs,-0.0010580358632584792
recommendation,ssp434,2058,HFCs,-0.001324794433644463
recommendation,ssp434,2059,HFCs,-0.0015803912560357503
recommendation,ssp434,2060,HFCs,-0.0018250493328523364
recommendation,ssp434,2061,HFCs,-0.0020590852476511483
recommendation,ssp434,2062,HFCs,-0.002282893550042353
recommendation,ssp434,2063,HFCs,-0.0024969175206161903
recommendation,ssp434,2064,HFCs,-0.0027016056271333515
recommendation,ssp434,2065,HFCs,-0.00289740816168557
recommendation,ssp434,2066,HFCs,-0.003084764396087734
recommendation,ssp434,2067,HFCs,-0.003264097388736488
recommendation,ssp434,2068,HFCs,-0.0034358205052186248
recommendation,ssp434,2069,HFCs,-0.003600324419934473
recommendation,ssp434,2070,HFCs,-0.003757983541515254
recommendation,ssp434,2071,HFCs,-0.003909145461494639
recommendation,ssp434,2072,HFCs,-0.0040541764118407625
recommendation,ssp434,2073,HFCs,-0.004193443521962308
recommendation,ssp434,2074,HFCs,-0.004327283252299481
recommendation,ssp434,2075,HFCs,-0.0044560063054091305
recommendation,ssp434,2076,HFCs,-0.004579893290455026
recommendation,ssp434,2077,HFCs,-0.0046992093330240625
recommendation,ssp434,2078,HFCs,-0.004814191054025108
recommendation,ssp434,2079,HFCs,-0.004925070248215306
recommendation,ssp434,2080,HFCs,-0.005032054230520822
recommendation,ssp434,2081,HFCs,-0.005135337747799279
recommendation,ssp434,2082,HFCs,-0.0052350593638228
recommendation,ssp434,2083,HFCs,-0.0053313074575927905
recommendation,ssp434,2084,HFCs,-0.005424186490414503
recommendation,ssp434,2085,HFCs,-0.005513814515932967
recommendation,ssp434,2086,HFCs,-0.0056003119684130305
recommendation,ssp434,2087,HFCs,-0.0056837973645448
recommendation,ssp434,2088,HFCs,-0.0057643911433036005
recommendation,ssp434,2089,HFCs,-0.00584220771456795
recommendation,ssp434,2090,HFCs,-0.005917359702046482
recommendation,ssp434,2091,HFCs,-0.005989955259223419
recommendation,ssp434,2092,HFCs,-0.006060092252146595
recommendation,ssp434,2093,HFCs,-0.006127865451299563
recommendation,ssp434,2094,HFCs,-0.006193359875805946
recommendation,ssp434,2095,HFCs,-0.006256663782237977
recommendation,ssp434,2096,HFCs,-0.006317856981888121
recommendation,ssp434,2097,HFCs,-0.006377022400551604
recommendation,ssp434,2098,HFCs,-0.006434233550062997
recommendation,ssp434,2099,HFCs,-0.006489562861245868
recommendation,ssp434,2100,HFCs,-0.006543082632814144
recommendation,ssp370-lowNTCF-gidden,2019,HFCs,0.0
recommendation,ssp370-lowNTCF-gidden,2020,HFCs,0.0012223004423202854
recommendation,ssp370-lowNTCF-gidden,2021,HFCs,0.0025040558782316643
recommendation,ssp370-lowNTCF-gidden,2022,HFCs,0.0038362882391046547
recommendation,ssp370-lowNTCF-gidden,2023,HFCs,0.005201285892468601
recommendation,ssp370-lowNTCF-gidden,2024,HFCs,0.006586279409269027
recommendation,ssp370-lowNTCF-gidden,2025,HFCs,0.007982053730064656
recommendation,ssp370-lowNTCF-gidden,2026,HFCs,0.009381916594685904
recommendation,ssp370-lowNTCF-gidden,2027,HFCs,0.010780963346127844
recommendation,ssp370-lowNTCF-gidden,2028,HFCs,0.012175658141869916
recommendation,ssp370-lowNTCF-gidden,2029,HFCs,0.013563473730705067
recommendation,ssp370-lowNTCF-gidden,2030,HFCs,0.014942554286782041
recommendation,ssp370-lowNTCF-gidden,2031,HFCs,0.016311617913266047
recommendation,ssp370-lowNTCF-gidden,2032,HFCs,0.01767043368618542
recommendation,ssp370-lowNTCF-gidden,2033,HFCs,0.0190192471388897
recommendation,ssp370-lowNTCF-gidden,2034,HFCs,0.020357957154923882
recommendation,ssp370-lowNTCF-gidden,2035,HFCs,0.02168637565981065
recommendation,ssp370-lowNTCF-gidden,2036,HFCs,0.023004242944461642
recommendation,ssp370-lowNTCF-gidden,2037,HFCs,0.02431140049211193
recommendation,ssp370-lowNTCF-gidden,2038,HFCs,0.025607793429528992
recommendation,ssp370-lowNTCF-gidden,2039,HFCs,0.02689346273635379
recommendation,ssp370-lowNTCF-gidden,2040,HFCs,0.028168381920287824
recommendation,ssp370-lowNTCF-gidden,2041,HFCs,0.02943273562517249
recommendation,ssp370-lowNTCF-gidden,2042,HFCs,0.030687033518379148
recommendation,ssp370-lowNTCF-gidden,2043,HFCs,0.031932074555732756
recommendation,ssp370-lowNTCF-gidden,2044,HFCs,0.033168464039478304
recommendation,ssp370-lowNTCF-gidden,2045,HFCs,0.03439661932422263
recommendation,ssp370-lowNTCF-gidden,2046,HFCs,0.03561692235336875
recommendation,ssp370-lowNTCF-gidden,2047,HFCs,0.0368298381504398
recommendation,ssp370-lowNTCF-gidden,2048,HFCs,0.03803575785130455
recommendation,ssp370-lowNTCF-gidden,2049,HFCs,0.039235082383196215
recommendation,ssp370-lowNTCF-gidden,2050,HFCs,0.04042817833109663
recommendation,ssp370-lowNTCF-gidden,2051,HFCs,0.04161546463535464
recommendation,ssp370-lowNTCF-gidden,2052,HFCs,0.0427944574742856
recommendation,ssp370-lowNTCF-gidden,2053,HFCs,0.043960638087119634
recommendation,ssp370-lowNTCF-gidden,2054,HFCs,0.04511094999678077
recommendation,ssp370-lowNTCF-gidden,2055,HFCs,0.046243481770658075
recommendation,ssp370-lowNTCF-gidden,2056,HFCs,0.04735714985147774
recommendation,ssp370-lowNTCF-gidden,2057,HFCs,0.048451375037269574
recommendation,ssp370-lowNTCF-gidden,2058,HFCs,0.04952602641804305
recommendation,ssp370-lowNTCF-gidden,2059,HFCs,0.050581278886149765
recommendation,ssp370-lowNTCF-gidden,2060,HFCs,0.05161744021070574
recommendation,ssp370-lowNTCF-gidden,2061,HFCs,0.052634999448205745
recommendation,ssp370-lowNTCF-gidden,2062,HFCs,0.05363531447299332
recommendation,ssp370-lowNTCF-gidden,2063,HFCs,0.05462026458530581
recommendation,ssp370-lowNTCF-gidden,2064,HFCs,0.055591257253189384
recommendation,ssp370-lowNTCF-gidden,2065,HFCs,0.056549319170883246
recommendation,ssp370-lowNTCF-gidden,2066,HFCs,0.05749531277778732
recommendation,ssp370-lowNTCF-gidden,2067,HFCs,0.05842987877723773
recommendation,ssp370-lowNTCF-gidden,2068,HFCs,0.05935356932232012
recommendation,ssp370-lowNTCF-gidden,2069,HFCs,0.06026680482990374
recommendation,ssp370-lowNTCF-gidden,2070,HFCs,0.06116997052825992
recommendation,ssp370-lowNTCF-gidden,2071,HFCs,0.062063381702255206
recommendation,ssp370-lowNTCF-gidden,2072,HFCs,0.0629482144867724
recommendation,ssp370-lowNTCF-gidden,2073,HFCs,0.0638263449344476
recommendation,ssp370-lowNTCF-gidden,2074,HFCs,0.06469912210129725
recommendation,ssp370-lowNTCF-gidden,2075,HFCs,0.06556761839024704
recommendation,ssp370-lowNTCF-gidden,2076,HFCs,0.06643255041803095
recommendation,ssp370-lowNTCF-gidden,2077,HFCs,0.06729450214171354
recommendation,ssp370-lowNTCF-gidden,2078,HFCs,0.06815395410528736
recommendation,ssp370-lowNTCF-gidden,2079,HFCs,0.06901127273164931
recommendation,ssp370-lowNTCF-gidden,2080,HFCs,0.06986672332133495
recommendation,ssp370-lowNTCF-gidden,2081,HFCs,0.0707204697631042
recommendation,ssp370-lowNTCF-gidden,2082,HFCs,0.07157236597026884
recommendation,ssp370-lowNTCF-gidden,2083,HFCs,0.072421939575769
recommendation,ssp370-lowNTCF-gidden,2084,HFCs,0.07326875891116465
recommendation,ssp370-lowNTCF-gidden,2085,HFCs,0.07411244000874617
recommendation,ssp370-lowNTCF-gidden,2086,HFCs,0.07495273605204068
recommendation,ssp370-lowNTCF-gidden,2087,HFCs,0.07578934327932535
recommendation,ssp370-lowNTCF-gidden,2088,HFCs,0.0766220720131883
recommendation,ssp370-lowNTCF-gidden,2089,HFCs,0.07745076230721805
recommendation,ssp370-lowNTCF-gidden,2090,HFCs,0.07827526293732029
recommendation,ssp370-lowNTCF-gidden,2091,HFCs,0.07909546622020196
recommendation,ssp370-lowNTCF-gidden,2092,HFCs,0.07991192711959279
recommendation,ssp370-lowNTCF-gidden,2093,HFCs,0.08072569556656678
recommendation,ssp370-lowNTCF-gidden,2094,HFCs,0.08153752374630548
recommendation,ssp370-lowNTCF-gidden,2095,HFCs,0.08234791413693185
recommendation,ssp370-lowNTCF-gidden,2096,HFCs,0.08315726283821577
recommendation,ssp370-lowNTCF-gidden,2097,HFCs,0.08396582550851278
recommendation,ssp370-lowNTCF-gidden,2098,HFCs,0.084773705750187
recommendation,ssp370-lowNTCF-gidden,2099,HFCs,0.08558106363001973
recommendation,ssp370-lowNTCF-gidden,2100,HFCs,0.08638792423295
