percentile,scenario,year,Delta T
recommendation,ssp534-over,2019,0.0
recommendation,ssp534-over,2020,0.011909155213736394
recommendation,ssp534-over,2021,0.033090614033486454
recommendation,ssp534-over,2022,0.05138518232600651
recommendation,ssp534-over,2023,0.06754915551664477
recommendation,ssp534-over,2024,0.08222410923540889
recommendation,ssp534-over,2025,0.09591522259314
recommendation,ssp534-over,2026,0.10893716244290685
recommendation,ssp534-over,2027,0.12155104705377257
recommendation,ssp534-over,2028,0.13401082685796722
recommendation,ssp534-over,2029,0.14638788530108215
recommendation,ssp534-over,2030,0.1587653991919559
recommendation,ssp534-over,2031,0.17121904448425962
recommendation,ssp534-over,2032,0.18274366166315031
recommendation,ssp534-over,2033,0.19363265499461468
recommendation,ssp534-over,2034,0.20411390616949487
recommendation,ssp534-over,2035,0.2143699012978924
recommendation,ssp534-over,2036,0.22451536395599675
recommendation,ssp534-over,2037,0.23464795689236218
recommendation,ssp534-over,2038,0.24483057505631955
recommendation,ssp534-over,2039,0.25506978513343076
recommendation,ssp534-over,2040,0.2654494389031185
recommendation,ssp534-over,2041,0.2759625985688527
recommendation,ssp534-over,2042,0.28823627615769304
recommendation,ssp534-over,2043,0.30148402487413506
recommendation,ssp534-over,2044,0.3148248771268634
recommendation,ssp534-over,2045,0.3276059213153553
recommendation,ssp534-over,2046,0.33935285727862735
recommendation,ssp534-over,2047,0.3498134887281454
recommendation,ssp534-over,2048,0.358814471003322
recommendation,ssp534-over,2049,0.3662505343544119
recommendation,ssp534-over,2050,0.37213434984822513
recommendation,ssp534-over,2051,0.376479541679331
recommendation,ssp534-over,2052,0.37755409180873645
recommendation,ssp534-over,2053,0.37597598064449994
recommendation,ssp534-over,2054,0.37240920910806413
recommendation,ssp534-over,2055,0.3673394655425021
recommendation,ssp534-over,2056,0.361123493173573
recommendation,ssp534-over,2057,0.35402230443956556
recommendation,ssp534-over,2058,0.34623047160153053
recommendation,ssp534-over,2059,0.3379041476888491
recommendation,ssp534-over,2060,0.3291571487254368
recommendation,ssp534-over,2061,0.3200789648122506
recommendation,ssp534-over,2062,0.3101123524513465
recommendation,ssp534-over,2063,0.29956956086474207
recommendation,ssp534-over,2064,0.2888030522753157
recommendation,ssp534-over,2065,0.27806020102744755
recommendation,ssp534-over,2066,0.26751399558955263
recommendation,ssp534-over,2067,0.25728788151817944
recommendation,ssp534-over,2068,0.24743740366356792
recommendation,ssp534-over,2069,0.23801374184373836
recommendation,ssp534-over,2070,0.22904054475781338
recommendation,ssp534-over,2071,0.22053776767147565
recommendation,ssp534-over,2072,0.21232952657219162
recommendation,ssp534-over,2073,0.20448577002682228
recommendation,ssp534-over,2074,0.1970317862039475
recommendation,ssp534-over,2075,0.1899912768912123
recommendation,ssp534-over,2076,0.18337540703147226
recommendation,ssp534-over,2077,0.17716807545751978
recommendation,ssp534-over,2078,0.17136378415527098
recommendation,ssp534-over,2079,0.16594395485671237
recommendation,ssp534-over,2080,0.16088101600243448
recommendation,ssp534-over,2081,0.15614111004400988
recommendation,ssp534-over,2082,0.1517056942656655
recommendation,ssp534-over,2083,0.14756664474684522
recommendation,ssp534-over,2084,0.14369762619109097
recommendation,ssp534-over,2085,0.1400893214223656
recommendation,ssp534-over,2086,0.13671257850166124
recommendation,ssp534-over,2087,0.13356566447419527
recommendation,ssp534-over,2088,0.1306212449875246
recommendation,ssp534-over,2089,0.12785665977599453
recommendation,ssp534-over,2090,0.12524919107798735
recommendation,ssp534-over,2091,0.12277734101100417
recommendation,ssp534-over,2092,0.12041539468785255
recommendation,ssp534-over,2093,0.11816299616770518
recommendation,ssp534-over,2094,0.11602645887253966
recommendation,ssp534-over,2095,0.11402639939864961
recommendation,ssp534-over,2096,0.11217475323257171
recommendation,ssp534-over,2097,0.11047206765229438
recommendation,ssp534-over,2098,0.10891344264473186
recommendation,ssp534-over,2099,0.10747987431807936
recommendation,ssp534-over,2100,0.10615263909343498
recommendation,ssp334,2019,0.0
recommendation,ssp334,2020,0.011909155213736394
recommendation,ssp334,2021,-0.008202536248772582
recommendation,ssp334,2022,-0.02125664733068247
recommendation,ssp334,2023,-0.029113162500428433
recommendation,ssp334,2024,-0.033132083158687195
recommendation,ssp334,2025,-0.034359875058893416
recommendation,ssp334,2026,-0.03355299708963666
recommendation,ssp334,2027,-0.03127751911516377
recommendation,ssp334,2028,-0.02794224579595428
recommendation,ssp334,2029,-0.023847483525985563
recommendation,ssp334,2030,-0.019237097877847137
recommendation,ssp334,2031,-0.014274638861407674
recommendation,ssp334,2032,-0.007601761572844493
recommendation,ssp334,2033,0.00037823092438801775
recommendation,ssp334,2034,0.009376385706239804
recommendation,ssp334,2035,0.0191427532479577
recommendation,ssp334,2036,0.029592826336244042
recommendation,ssp334,2037,0.040596536555443104
recommendation,ssp334,2038,0.05206428044019165
recommendation,ssp334,2039,0.06396491886767125
recommendation,ssp334,2040,0.07629136793758377
recommendation,ssp334,2041,0.08898413001062969
recommendation,ssp334,2042,0.0986309447217354
recommendation,ssp334,2043,0.10607085774192007
recommendation,ssp334,2044,0.11186602312354947
recommendation,ssp334,2045,0.11642945591947955
recommendation,ssp334,2046,0.12007235737653155
recommendation,ssp334,2047,0.1230270748502496
recommendation,ssp334,2048,0.1254915639350408
recommendation,ssp334,2049,0.12758332686729856
recommendation,ssp334,2050,0.12939745428410973
recommendation,ssp334,2051,0.13105428895525872
recommendation,ssp334,2052,0.13251123532534959
recommendation,ssp334,2053,0.13382713883508163
recommendation,ssp334,2054,0.13505122154821297
recommendation,ssp334,2055,0.13621849578419543
recommendation,ssp334,2056,0.13733762347127865
recommendation,ssp334,2057,0.13839964478119726
recommendation,ssp334,2058,0.13941803537245645
recommendation,ssp334,2059,0.1404078394327653
recommendation,ssp334,2060,0.14135419269509536
recommendation,ssp334,2061,0.14229491915726128
recommendation,ssp334,2062,0.14341045783249662
recommendation,ssp334,2063,0.14466279314112168
recommendation,ssp334,2064,0.14601231488220034
recommendation,ssp334,2065,0.14741855743997467
recommendation,ssp334,2066,0.14889078761028443
recommendation,ssp334,2067,0.1504109265979296
recommendation,ssp334,2068,0.15193811869676188
recommendation,ssp334,2069,0.15347241714531346
recommendation,ssp334,2070,0.15501687497293892
recommendation,ssp334,2071,0.15658722677854747
recommendation,ssp334,2072,0.15818686820170025
recommendation,ssp334,2073,0.15981996766508233
recommendation,ssp334,2074,0.16148316535475077
recommendation,ssp334,2075,0.16317019251044773
recommendation,ssp334,2076,0.16488213352104159
recommendation,ssp334,2077,0.16661383268610536
recommendation,ssp334,2078,0.16835391195292398
recommendation,ssp334,2079,0.1701003341830246
recommendation,ssp334,2080,0.17184567280566188
recommendation,ssp334,2081,0.17358006084741406
recommendation,ssp334,2082,0.17534914583873268
recommendation,ssp334,2083,0.17714351637490566
recommendation,ssp334,2084,0.17896519501450936
recommendation,ssp334,2085,0.18080604081924806
recommendation,ssp334,2086,0.18266906563190943
recommendation,ssp334,2087,0.1845565439988241
recommendation,ssp334,2088,0.18647068390030358
recommendation,ssp334,2089,0.18840416973419333
recommendation,ssp334,2090,0.19033152519128
recommendation,ssp334,2091,0.19224469314399079
recommendation,ssp334,2092,0.1941705804010423
recommendation,ssp334,2093,0.1960889127692113
recommendation,ssp334,2094,0.19801196115185948
recommendation,ssp334,2095,0.1999443231792954
recommendation,ssp334,2096,0.20189674202481145
recommendation,ssp334,2097,0.20387752265060727
recommendation,ssp334,2098,0.2058741899762196
recommendation,ssp334,2099,0.20788453869504175
recommendation,ssp334,2100,0.20990815526734313
recommendation,ssp119,2019,0.0
recommendation,ssp119,2020,0.011909155213736394
recommendation,ssp119,2021,0.02428662705814337
recommendation,ssp119,2022,0.03730725747981525
recommendation,ssp119,2023,0.05068841271987257
recommendation,ssp119,2024,0.06413701321140494
recommendation,ssp119,2025,0.0774888959643939
recommendation,ssp119,2026,0.09067651517845596
recommendation,ssp119,2027,0.10358344675944997
recommendation,ssp119,2028,0.1162580205565504
recommendation,ssp119,2029,0.12869333079308612
recommendation,ssp119,2030,0.1408679917336258
recommendation,ssp119,2031,0.15281404059933762
recommendation,ssp119,2032,0.16111141660033013
recommendation,ssp119,2033,0.1666397160945157
recommendation,ssp119,2034,0.17013956470210992
recommendation,ssp119,2035,0.1721422068042232
recommendation,ssp119,2036,0.17305240521544513
recommendation,ssp119,2037,0.17317922214710313
recommendation,ssp119,2038,0.1727624233083851
recommendation,ssp119,2039,0.17200009002279879
recommendation,ssp119,2040,0.17102602650474097
recommendation,ssp119,2041,0.16990990936402142
recommendation,ssp119,2042,0.1682574821410986
recommendation,ssp119,2043,0.1662443697075125
recommendation,ssp119,2044,0.1640037716577743
recommendation,ssp119,2045,0.16161933138733364
recommendation,ssp119,2046,0.15915335685204118
recommendation,ssp119,2047,0.15663361206001336
recommendation,ssp119,2048,0.1541172550148951
recommendation,ssp119,2049,0.1516290754695279
recommendation,ssp119,2050,0.14919736584677692
recommendation,ssp119,2051,0.1468919706891298
recommendation,ssp119,2052,0.14444272743322012
recommendation,ssp119,2053,0.14191839764846192
recommendation,ssp119,2054,0.1393939243396422
recommendation,ssp119,2055,0.1369172935706883
recommendation,ssp119,2056,0.13449755740132213
recommendation,ssp119,2057,0.13213890152655297
recommendation,ssp119,2058,0.12985105046240975
recommendation,ssp119,2059,0.12765619843656095
recommendation,ssp119,2060,0.12556313418933035
recommendation,ssp119,2061,0.12357850888036347
recommendation,ssp119,2062,0.12183384670383711
recommendation,ssp119,2063,0.12029768353517316
recommendation,ssp119,2064,0.11894236080754692
recommendation,ssp119,2065,0.11773480567201196
recommendation,ssp119,2066,0.11666045316634305
recommendation,ssp119,2067,0.11568872684492566
recommendation,ssp119,2068,0.11479023295072742
recommendation,ssp119,2069,0.11396092036902947
recommendation,ssp119,2070,0.11320366716317287
recommendation,ssp119,2071,0.11251522244735836
recommendation,ssp119,2072,0.11209938458895839
recommendation,ssp119,2073,0.11191261576596721
recommendation,ssp119,2074,0.11190305229847045
recommendation,ssp119,2075,0.11203112490755517
recommendation,ssp119,2076,0.11224884875322501
recommendation,ssp119,2077,0.11253657037246488
recommendation,ssp119,2078,0.11286818058260027
recommendation,ssp119,2079,0.11323400281999557
recommendation,ssp119,2080,0.11361730364972376
recommendation,ssp119,2081,0.11400509502567689
recommendation,ssp119,2082,0.11429249479075654
recommendation,ssp119,2083,0.11452159668913994
recommendation,ssp119,2084,0.11471757674444144
recommendation,ssp119,2085,0.11492100665849238
recommendation,ssp119,2086,0.11513295731387246
recommendation,ssp119,2087,0.11537428878028763
recommendation,ssp119,2088,0.11564226165155585
recommendation,ssp119,2089,0.11593116713231365
recommendation,ssp119,2090,0.11622940772804749
recommendation,ssp119,2091,0.11652916390425312
recommendation,ssp119,2092,0.11695965772043618
recommendation,ssp119,2093,0.11748403517100177
recommendation,ssp119,2094,0.11807702780779589
recommendation,ssp119,2095,0.11875324218403888
recommendation,ssp119,2096,0.11951089373343944
recommendation,ssp119,2097,0.12033688008163945
recommendation,ssp119,2098,0.12122437840809941
recommendation,ssp119,2099,0.12217936260960678
recommendation,ssp119,2100,0.12318600774100968
recommendation,ssp460,2019,0.0
recommendation,ssp460,2020,0.011909155213736394
recommendation,ssp460,2021,0.019414043344415446
recommendation,ssp460,2022,0.026772325920638558
recommendation,ssp460,2023,0.03406151629932795
recommendation,ssp460,2024,0.04132092058395431
recommendation,ssp460,2025,0.048605942852810335
recommendation,ssp460,2026,0.05591632451114737
recommendation,ssp460,2027,0.0633096059550017
recommendation,ssp460,2028,0.07079830494238555
recommendation,ssp460,2029,0.0783742776190259
recommendation,ssp460,2030,0.08604980691024479
recommendation,ssp460,2031,0.09381920154805957
recommendation,ssp460,2032,0.10184446755867653
recommendation,ssp460,2033,0.11006881779738341
recommendation,ssp460,2034,0.11835050451873962
recommendation,ssp460,2035,0.12661976695452382
recommendation,ssp460,2036,0.13483256574511093
recommendation,ssp460,2037,0.14295851291199663
recommendation,ssp460,2038,0.1509808365844405
recommendation,ssp460,2039,0.15889345630731083
recommendation,ssp460,2040,0.1666852255999688
recommendation,ssp460,2041,0.17439045569153627
recommendation,ssp460,2042,0.18219542157131718
recommendation,ssp460,2043,0.19003404807779084
recommendation,ssp460,2044,0.19784233016685504
recommendation,ssp460,2045,0.20555030499429244
recommendation,ssp460,2046,0.21311305315137152
recommendation,ssp460,2047,0.2204851710050565
recommendation,ssp460,2048,0.2276643544115604
recommendation,ssp460,2049,0.23468278931334513
recommendation,ssp460,2050,0.24151493033587385
recommendation,ssp460,2051,0.2482001152956686
recommendation,ssp460,2052,0.25488240893367803
recommendation,ssp460,2053,0.2615045118513965
recommendation,ssp460,2054,0.26804842162924747
recommendation,ssp460,2055,0.2745159013012193
recommendation,ssp460,2056,0.2808220870615183
recommendation,ssp460,2057,0.28695840294796304
recommendation,ssp460,2058,0.292915641097077
recommendation,ssp460,2059,0.2987081598531098
recommendation,ssp460,2060,0.304319590943474
recommendation,ssp460,2061,0.3097620520216286
recommendation,ssp460,2062,0.3152251544934853
recommendation,ssp460,2063,0.3206427964338274
recommendation,ssp460,2064,0.32597749687297195
recommendation,ssp460,2065,0.3312075592834184
recommendation,ssp460,2066,0.3363467250260114
recommendation,ssp460,2067,0.3413344241276381
recommendation,ssp460,2068,0.3461767592850768
recommendation,ssp460,2069,0.3508453903457107
recommendation,ssp460,2070,0.3553351807333912
recommendation,ssp460,2071,0.3596890352390083
recommendation,ssp460,2072,0.3642804455597431
recommendation,ssp460,2073,0.3690631383894925
recommendation,ssp460,2074,0.373956446992336
recommendation,ssp460,2075,0.37889691933467595
recommendation,ssp460,2076,0.3838633413157385
recommendation,ssp460,2077,0.388805694997027
recommendation,ssp460,2078,0.3937026712248688
recommendation,ssp460,2079,0.39854556710089
recommendation,ssp460,2080,0.40332011264293993
recommendation,ssp460,2081,0.4079892375480294
recommendation,ssp460,2082,0.41230829750222064
recommendation,ssp460,2083,0.41633346800330273
recommendation,ssp460,2084,0.4201219385301247
recommendation,ssp460,2085,0.42373928873648725
recommendation,ssp460,2086,0.4272003360350354
recommendation,ssp460,2087,0.43055843970662716
recommendation,ssp460,2088,0.43382971948231924
recommendation,ssp460,2089,0.4370303235715372
recommendation,ssp460,2090,0.44017655768627273
recommendation,ssp460,2091,0.44326486956812233
recommendation,ssp460,2092,0.44585112954165507
recommendation,ssp460,2093,0.4480605736578965
recommendation,ssp460,2094,0.45000016682714766
recommendation,ssp460,2095,0.4517531474864689
recommendation,ssp460,2096,0.45338788461543145
recommendation,ssp460,2097,0.4549602803728274
recommendation,ssp460,2098,0.45648904208268076
recommendation,ssp460,2099,0.4579985336693059
recommendation,ssp460,2100,0.4595012465187393
recommendation,ssp585,2019,0.0
recommendation,ssp585,2020,0.011909155213736394
recommendation,ssp585,2021,0.03290985243867437
recommendation,ssp585,2022,0.05097653501597887
recommendation,ssp585,2023,0.06686927762621696
recommendation,ssp585,2024,0.08124400060875747
recommendation,ssp585,2025,0.09461703756721579
recommendation,ssp585,2026,0.10731007459563902
recommendation,ssp585,2027,0.11958985508000618
recommendation,ssp585,2028,0.13171456741240495
recommendation,ssp585,2029,0.1437575961952528
recommendation,ssp585,2030,0.1558039941491976
recommendation,ssp585,2031,0.16793088945250145
recommendation,ssp585,2032,0.1791341742583143
recommendation,ssp585,2033,0.18970837787204847
recommendation,ssp585,2034,0.19988593161767798
recommendation,ssp585,2035,0.20985112716961013
recommendation,ssp585,2036,0.21971917494038173
recommendation,ssp585,2037,0.22958895637702575
recommendation,ssp585,2038,0.239523270519524
recommendation,ssp585,2039,0.2495294825403826
recommendation,ssp585,2040,0.2596899120506049
recommendation,ssp585,2041,0.2699978677988538
recommendation,ssp585,2042,0.2806469693887814
recommendation,ssp585,2043,0.2915496626223871
recommendation,ssp585,2044,0.30262938940366835
recommendation,ssp585,2045,0.3138438959946192
recommendation,ssp585,2046,0.32514885698668883
recommendation,ssp585,2047,0.33650334768707163
recommendation,ssp585,2048,0.3478982133247325
recommendation,ssp585,2049,0.3593280777295671
recommendation,ssp585,2050,0.37077916205285744
recommendation,ssp585,2051,0.3822750271855911
recommendation,ssp585,2052,0.39275399925384036
recommendation,ssp585,2053,0.40241698239950824
recommendation,ssp585,2054,0.4113980349609958
recommendation,ssp585,2055,0.4197387441699504
recommendation,ssp585,2056,0.4275210126599472
recommendation,ssp585,2057,0.43477043200086213
recommendation,ssp585,2058,0.4415417499700059
recommendation,ssp585,2059,0.4478714797691599
recommendation,ssp585,2060,0.4538135548169564
recommendation,ssp585,2061,0.45939104400191766
recommendation,ssp585,2062,0.4650281587333927
recommendation,ssp585,2063,0.4706472237675311
recommendation,ssp585,2064,0.47622230587988107
recommendation,ssp585,2065,0.4817220713654513
recommendation,ssp585,2066,0.4871215970023892
recommendation,ssp585,2067,0.4924034459004587
recommendation,ssp585,2068,0.497550959150383
recommendation,ssp585,2069,0.5025460822528813
recommendation,ssp585,2070,0.5074028397143604
recommendation,ssp585,2071,0.5121430218432246
recommendation,ssp585,2072,0.5173180780929648
recommendation,ssp585,2073,0.5227726350550883
recommendation,ssp585,2074,0.5283469178385549
recommendation,ssp585,2075,0.53394757335157
recommendation,ssp585,2076,0.5395090820327593
recommendation,ssp585,2077,0.5449602137059295
recommendation,ssp585,2078,0.5502668493939704
recommendation,ssp585,2079,0.5554062365044511
recommendation,ssp585,2080,0.5603595916837891
recommendation,ssp585,2081,0.5651163796858064
recommendation,ssp585,2082,0.569738277110832
recommendation,ssp585,2083,0.5741969342563261
recommendation,ssp585,2084,0.5784490028688173
recommendation,ssp585,2085,0.5824670693510197
recommendation,ssp585,2086,0.5862348785417776
recommendation,ssp585,2087,0.5897571441358652
recommendation,ssp585,2088,0.5930099395226237
recommendation,ssp585,2089,0.5959840452740574
recommendation,ssp585,2090,0.5987011151856348
recommendation,ssp585,2091,0.6011550781121567
recommendation,ssp585,2092,0.6034280798748571
recommendation,ssp585,2093,0.6055210001539283
recommendation,ssp585,2094,0.6074805233374125
recommendation,ssp585,2095,0.6093422437563291
recommendation,ssp585,2096,0.6111457422332255
recommendation,ssp585,2097,0.6129105443494877
recommendation,ssp585,2098,0.6146657883796014
recommendation,ssp585,2099,0.6163939925230737
recommendation,ssp585,2100,0.6181113375052759
recommendation,ssp370,2019,0.0
recommendation,ssp370,2020,0.011909155213736394
recommendation,ssp370,2021,0.01212180725882886
recommendation,ssp370,2022,0.013680489302720526
recommendation,ssp370,2023,0.016275396527306085
recommendation,ssp370,2024,0.019669018838338766
recommendation,ssp370,2025,0.02367491715461875
recommendation,ssp370,2026,0.028174221146185455
recommendation,ssp370,2027,0.0330522124739005
recommendation,ssp370,2028,0.03825531341185498
recommendation,ssp370,2029,0.04372338173823746
recommendation,ssp370,2030,0.049393470194239245
recommendation,ssp370,2031,0.05524697944042012
recommendation,ssp370,2032,0.06133940907816189
recommendation,ssp370,2033,0.06761620589151215
recommendation,ssp370,2034,0.07400226523574134
recommendation,ssp370,2035,0.08045486991949528
recommendation,ssp370,2036,0.08689944256735613
recommendation,ssp370,2037,0.09336428969792052
recommendation,ssp370,2038,0.09982651924160436
recommendation,ssp370,2039,0.1062910752823036
recommendation,ssp370,2040,0.11276855432853289
recommendation,ssp370,2041,0.11925629396129801
recommendation,ssp370,2042,0.1256409261888368
recommendation,ssp370,2043,0.13194778698359538
recommendation,ssp370,2044,0.13818344212955547
recommendation,ssp370,2045,0.14435002477912595
recommendation,ssp370,2046,0.150446539160292
recommendation,ssp370,2047,0.1564625435160426
recommendation,ssp370,2048,0.16240405111892176
recommendation,ssp370,2049,0.16828108173952228
recommendation,ssp370,2050,0.17411565581578115
recommendation,ssp370,2051,0.1799272606513988
recommendation,ssp370,2052,0.18603905345546706
recommendation,ssp370,2053,0.1923967377015216
recommendation,ssp370,2054,0.19894895318032985
recommendation,ssp370,2055,0.20561576654213076
recommendation,ssp370,2056,0.2123833820431023
recommendation,ssp370,2057,0.2191815061202932
recommendation,ssp370,2058,0.22599010545926174
recommendation,ssp370,2059,0.23283794347881465
recommendation,ssp370,2060,0.2396758031827329
recommendation,ssp370,2061,0.2465196052308356
recommendation,ssp370,2062,0.253455324316434
recommendation,ssp370,2063,0.2604599682449078
recommendation,ssp370,2064,0.26752732967484
recommendation,ssp370,2065,0.2746297942401269
recommendation,ssp370,2066,0.28177242337007213
recommendation,ssp370,2067,0.28891485895384994
recommendation,ssp370,2068,0.29604750359090826
recommendation,ssp370,2069,0.30316257643522043
recommendation,ssp370,2070,0.3102639009600574
recommendation,ssp370,2071,0.31735214872465134
recommendation,ssp370,2072,0.32448697359380174
recommendation,ssp370,2073,0.3316598025067204
recommendation,ssp370,2074,0.33884687902825966
recommendation,ssp370,2075,0.34606802628740424
recommendation,ssp370,2076,0.35331597739653636
recommendation,ssp370,2077,0.3605819105339123
recommendation,ssp370,2078,0.36786194681586143
recommendation,ssp370,2079,0.37514335512010233
recommendation,ssp370,2080,0.38241493361385737
recommendation,ssp370,2081,0.38968402400871344
recommendation,ssp370,2082,0.39692890538950976
recommendation,ssp370,2083,0.4041516379438834
recommendation,ssp370,2084,0.411346989391882
recommendation,ssp370,2085,0.4185128226280693
recommendation,ssp370,2086,0.4256605753627813
recommendation,ssp370,2087,0.4327772357117165
recommendation,ssp370,2088,0.4398535646154647
recommendation,ssp370,2089,0.4469026312092986
recommendation,ssp370,2090,0.45390830099921575
recommendation,ssp370,2091,0.46087016527279945
recommendation,ssp370,2092,0.46794891118677145
recommendation,ssp370,2093,0.47510581456068196
recommendation,ssp370,2094,0.4822836268436072
recommendation,ssp370,2095,0.4895171684177966
recommendation,ssp370,2096,0.49678784879083093
recommendation,ssp370,2097,0.5041137834005543
recommendation,ssp370,2098,0.5114724273966618
recommendation,ssp370,2099,0.5188445126806591
recommendation,ssp370,2100,0.5262313281591808
recommendation,ssp370-lowNTCF-aerchemmip,2019,0.0
recommendation,ssp370-lowNTCF-aerchemmip,2020,0.011909155213736394
recommendation,ssp370-lowNTCF-aerchemmip,2021,0.015909436773205998
recommendation,ssp370-lowNTCF-aerchemmip,2022,0.021215418607000457
recommendation,ssp370-lowNTCF-aerchemmip,2023,0.02748469393998379
recommendation,ssp370-lowNTCF-aerchemmip,2024,0.03454195842107624
recommendation,ssp370-lowNTCF-aerchemmip,2025,0.04219186688374027
recommendation,ssp370-lowNTCF-aerchemmip,2026,0.050287640120123434
recommendation,ssp370-lowNTCF-aerchemmip,2027,0.058793491777040935
recommendation,ssp370-lowNTCF-aerchemmip,2028,0.06766045813353738
recommendation,ssp370-lowNTCF-aerchemmip,2029,0.07683132404796085
recommendation,ssp370-lowNTCF-aerchemmip,2030,0.08622710137879437
recommendation,ssp370-lowNTCF-aerchemmip,2031,0.09580085754365508
recommendation,ssp370-lowNTCF-aerchemmip,2032,0.10587943296359477
recommendation,ssp370-lowNTCF-aerchemmip,2033,0.1163424178325144
recommendation,ssp370-lowNTCF-aerchemmip,2034,0.12706330176656938
recommendation,ssp370-lowNTCF-aerchemmip,2035,0.13800965161870132
recommendation,ssp370-lowNTCF-aerchemmip,2036,0.149110461072611
recommendation,ssp370-lowNTCF-aerchemmip,2037,0.16030953030943354
recommendation,ssp370-lowNTCF-aerchemmip,2038,0.1715964266495435
recommendation,ssp370-lowNTCF-aerchemmip,2039,0.1829736304383885
recommendation,ssp370-lowNTCF-aerchemmip,2040,0.19443315436705222
recommendation,ssp370-lowNTCF-aerchemmip,2041,0.2059733718390253
recommendation,ssp370-lowNTCF-aerchemmip,2042,0.21796054206162085
recommendation,ssp370-lowNTCF-aerchemmip,2043,0.230342773931496
recommendation,ssp370-lowNTCF-aerchemmip,2044,0.24300795395236657
recommendation,ssp370-lowNTCF-aerchemmip,2045,0.25588405277031434
recommendation,ssp370-lowNTCF-aerchemmip,2046,0.26899408464750196
recommendation,ssp370-lowNTCF-aerchemmip,2047,0.28225740155460316
recommendation,ssp370-lowNTCF-aerchemmip,2048,0.2956334428921862
recommendation,ssp370-lowNTCF-aerchemmip,2049,0.30908034855102773
recommendation,ssp370-lowNTCF-aerchemmip,2050,0.3226313101438603
recommendation,ssp370-lowNTCF-aerchemmip,2051,0.33632598347819115
recommendation,ssp370-lowNTCF-aerchemmip,2052,0.34856407993342237
recommendation,ssp370-lowNTCF-aerchemmip,2053,0.3597279068700971
recommendation,ssp370-lowNTCF-aerchemmip,2054,0.37010395709727917
recommendation,ssp370-lowNTCF-aerchemmip,2055,0.37987803473594445
recommendation,ssp370-lowNTCF-aerchemmip,2056,0.3892072080290393
recommendation,ssp370-lowNTCF-aerchemmip,2057,0.39818537326058456
recommendation,ssp370-lowNTCF-aerchemmip,2058,0.4068833616519373
recommendation,ssp370-lowNTCF-aerchemmip,2059,0.4153667212355332
recommendation,ssp370-lowNTCF-aerchemmip,2060,0.42369171302769437
recommendation,ssp370-lowNTCF-aerchemmip,2061,0.4319190139486981
recommendation,ssp370-lowNTCF-aerchemmip,2062,0.4400861678740203
recommendation,ssp370-lowNTCF-aerchemmip,2063,0.4482321289562247
recommendation,ssp370-lowNTCF-aerchemmip,2064,0.45634931411644974
recommendation,ssp370-lowNTCF-aerchemmip,2065,0.4644381158429799
recommendation,ssp370-lowNTCF-aerchemmip,2066,0.47250733924036376
recommendation,ssp370-lowNTCF-aerchemmip,2067,0.48056135150476087
recommendation,ssp370-lowNTCF-aerchemmip,2068,0.4885809132104117
recommendation,ssp370-lowNTCF-aerchemmip,2069,0.4965631839980578
recommendation,ssp370-lowNTCF-aerchemmip,2070,0.5045311732924679
recommendation,ssp370-lowNTCF-aerchemmip,2071,0.5124839916841878
recommendation,ssp370-lowNTCF-aerchemmip,2072,0.5204450934344551
recommendation,ssp370-lowNTCF-aerchemmip,2073,0.5284200555569429
recommendation,ssp370-lowNTCF-aerchemmip,2074,0.5364130688188412
recommendation,ssp370-lowNTCF-aerchemmip,2075,0.544440221247415
recommendation,ssp370-lowNTCF-aerchemmip,2076,0.5524871432636063
recommendation,ssp370-lowNTCF-aerchemmip,2077,0.5605402487147473
recommendation,ssp370-lowNTCF-aerchemmip,2078,0.5686128733592654
recommendation,ssp370-lowNTCF-aerchemmip,2079,0.5766872286944592
recommendation,ssp370-lowNTCF-aerchemmip,2080,0.5847580634294312
recommendation,ssp370-lowNTCF-aerchemmip,2081,0.5928143231937301
recommendation,ssp370-lowNTCF-aerchemmip,2082,0.6008272748993907
recommendation,ssp370-lowNTCF-aerchemmip,2083,0.6087989876983518
recommendation,ssp370-lowNTCF-aerchemmip,2084,0.6167357069873873
recommendation,ssp370-lowNTCF-aerchemmip,2085,0.6246364645439636
recommendation,ssp370-lowNTCF-aerchemmip,2086,0.6325171961479196
recommendation,ssp370-lowNTCF-aerchemmip,2087,0.6403762687165652
recommendation,ssp370-lowNTCF-aerchemmip,2088,0.6481969399333883
recommendation,ssp370-lowNTCF-aerchemmip,2089,0.6559885941564021
recommendation,ssp370-lowNTCF-aerchemmip,2090,0.6637203672378132
recommendation,ssp370-lowNTCF-aerchemmip,2091,0.671407836993003
recommendation,ssp370-lowNTCF-aerchemmip,2092,0.6790270240279096
recommendation,ssp370-lowNTCF-aerchemmip,2093,0.6865807041191396
recommendation,ssp370-lowNTCF-aerchemmip,2094,0.6940604207124724
recommendation,ssp370-lowNTCF-aerchemmip,2095,0.7015073811625792
recommendation,ssp370-lowNTCF-aerchemmip,2096,0.7089417687899177
recommendation,ssp370-lowNTCF-aerchemmip,2097,0.7163740819641925
recommendation,ssp370-lowNTCF-aerchemmip,2098,0.7238060689661513
recommendation,ssp370-lowNTCF-aerchemmip,2099,0.7312285998425515
recommendation,ssp370-lowNTCF-aerchemmip,2100,0.7386402738783729
recommendation,ssp126,2019,0.0
recommendation,ssp126,2020,0.011909155213736394
recommendation,ssp126,2021,0.022903582456049558
recommendation,ssp126,2022,0.033696725853714415
recommendation,ssp126,2023,0.04422625957407625
recommendation,ssp126,2024,0.054479445093937054
recommendation,ssp126,2025,0.06444277696260675
recommendation,ssp126,2026,0.0741687379157626
recommendation,ssp126,2027,0.08368509354301233
recommendation,ssp126,2028,0.09305302131674459
recommendation,ssp126,2029,0.10228150529039252
recommendation,ssp126,2030,0.11136366312265228
recommendation,ssp126,2031,0.12034813323030175
recommendation,ssp126,2032,0.12810601581712988
recommendation,ssp126,2033,0.1348634302724464
recommendation,ssp126,2034,0.14082687521712617
recommendation,ssp126,2035,0.14614784931102653
recommendation,ssp126,2036,0.15093367899430965
recommendation,ssp126,2037,0.15527130615571733
recommendation,ssp126,2038,0.159244385896338
recommendation,ssp126,2039,0.16293028610767624
recommendation,ssp126,2040,0.1663583194917907
recommendation,ssp126,2041,0.16956756455606498
recommendation,ssp126,2042,0.1717099568562922
recommendation,ssp126,2043,0.17305796549326716
recommendation,ssp126,2044,0.17381795758565616
recommendation,ssp126,2045,0.17416904517236848
recommendation,ssp126,2046,0.17424412301648534
recommendation,ssp126,2047,0.17411204727815782
recommendation,ssp126,2048,0.17384685881980785
recommendation,ssp126,2049,0.1734949467249014
recommendation,ssp126,2050,0.1731114180299108
recommendation,ssp126,2051,0.17274679009744004
recommendation,ssp126,2052,0.17223728342432826
recommendation,ssp126,2053,0.1716480238322321
recommendation,ssp126,2054,0.17102497288574775
recommendation,ssp126,2055,0.17041100198386244
recommendation,ssp126,2056,0.16981962372362086
recommendation,ssp126,2057,0.16924508960164464
recommendation,ssp126,2058,0.16868533848885214
recommendation,ssp126,2059,0.16817703924732147
recommendation,ssp126,2060,0.16772773849318667
recommendation,ssp126,2061,0.1673410347119585
recommendation,ssp126,2062,0.16673989204703013
recommendation,ssp126,2063,0.16599636171059542
recommendation,ssp126,2064,0.16515560692912234
recommendation,ssp126,2065,0.16424284886813778
recommendation,ssp126,2066,0.16327612649200546
recommendation,ssp126,2067,0.16226681454080055
recommendation,ssp126,2068,0.16120539183257881
recommendation,ssp126,2069,0.16010206682190317
recommendation,ssp126,2070,0.15896852566994885
recommendation,ssp126,2071,0.15782296198045628
recommendation,ssp126,2072,0.15669417685610768
recommendation,ssp126,2073,0.15560303589553703
recommendation,ssp126,2074,0.1545351699859242
recommendation,ssp126,2075,0.15347314954637636
recommendation,ssp126,2076,0.15242259355402626
recommendation,ssp126,2077,0.1513788624462491
recommendation,ssp126,2078,0.1503298994041155
recommendation,ssp126,2079,0.14927470114843994
recommendation,ssp126,2080,0.14820673916779958
recommendation,ssp126,2081,0.1471050425239887
recommendation,ssp126,2082,0.14593872439554614
recommendation,ssp126,2083,0.14474778933166482
recommendation,ssp126,2084,0.14358732213532227
recommendation,ssp126,2085,0.14250183246948323
recommendation,ssp126,2086,0.14151246912101945
recommendation,ssp126,2087,0.14063597125083133
recommendation,ssp126,2088,0.13987642361479208
recommendation,ssp126,2089,0.13922985562029339
recommendation,ssp126,2090,0.13868571386389208
recommendation,ssp126,2091,0.13821858847132973
recommendation,ssp126,2092,0.13802898808991884
recommendation,ssp126,2093,0.13802884640435525
recommendation,ssp126,2094,0.13816828190696778
recommendation,ssp126,2095,0.13842645578625604
recommendation,ssp126,2096,0.13879349506751454
recommendation,ssp126,2097,0.13926917152281085
recommendation,ssp126,2098,0.1398239811217907
recommendation,ssp126,2099,0.1404338905596002
recommendation,ssp126,2100,0.1410773410967227
recommendation,ssp245,2019,0.0
recommendation,ssp245,2020,0.011909155213736394
recommendation,ssp245,2021,0.023507530507327644
recommendation,ssp245,2022,0.033151558460776706
recommendation,ssp245,2023,0.04129908906630126
recommendation,ssp245,2024,0.048284098565231554
recommendation,ssp245,2025,0.054373914653937275
recommendation,ssp245,2026,0.05978410780014705
recommendation,ssp245,2027,0.06467819383745652
recommendation,ssp245,2028,0.0691348134875668
recommendation,ssp245,2029,0.07327238995904711
recommendation,ssp245,2030,0.07717357061433777
recommendation,ssp245,2031,0.08087189204203428
recommendation,ssp245,2032,0.08562924208337114
recommendation,ssp245,2033,0.09110241440104033
recommendation,ssp245,2034,0.09703948536804255
recommendation,ssp245,2035,0.10322838130479853
recommendation,ssp245,2036,0.10954888389634806
recommendation,ssp245,2037,0.11593899391396677
recommendation,ssp245,2038,0.12227988044522937
recommendation,ssp245,2039,0.12856508508655468
recommendation,ssp245,2040,0.13478890303097116
recommendation,ssp245,2041,0.14091064211809823
recommendation,ssp245,2042,0.14714921471597403
recommendation,ssp245,2043,0.15343296941278872
recommendation,ssp245,2044,0.15970387448561557
recommendation,ssp245,2045,0.1658936901827056
recommendation,ssp245,2046,0.17195289667449848
recommendation,ssp245,2047,0.17784236722271057
recommendation,ssp245,2048,0.18357237439481427
recommendation,ssp245,2049,0.1891266154244134
recommendation,ssp245,2050,0.19454452870665512
recommendation,ssp245,2051,0.19984309270700013
recommendation,ssp245,2052,0.20447252008536948
recommendation,ssp245,2053,0.2086035861077979
recommendation,ssp245,2054,0.21230912313776673
recommendation,ssp245,2055,0.21568107246072882
recommendation,ssp245,2056,0.21878065747619768
recommendation,ssp245,2057,0.2216341133529297
recommendation,ssp245,2058,0.22427676379432038
recommendation,ssp245,2059,0.22672199318126512
recommendation,ssp245,2060,0.22902281245268225
recommendation,ssp245,2061,0.23120806198468963
recommendation,ssp245,2062,0.23295265781730856
recommendation,ssp245,2063,0.23437887542782354
recommendation,ssp245,2064,0.23558668750742057
recommendation,ssp245,2065,0.23666273909365354
recommendation,ssp245,2066,0.23765750818115483
recommendation,ssp245,2067,0.23859684557956162
recommendation,ssp245,2068,0.23950454767944918
recommendation,ssp245,2069,0.24037411173709633
recommendation,ssp245,2070,0.24123964615827803
recommendation,ssp245,2071,0.2421525323095347
recommendation,ssp245,2072,0.2431103680155411
recommendation,ssp245,2073,0.24413106007930008
recommendation,ssp245,2074,0.24521030919420117
recommendation,ssp245,2075,0.24630485567819765
recommendation,ssp245,2076,0.24745832110163757
recommendation,ssp245,2077,0.24864764052035054
recommendation,ssp245,2078,0.249868625612846
recommendation,ssp245,2079,0.2510992703947215
recommendation,ssp245,2080,0.25234416306309954
recommendation,ssp245,2081,0.25360101625000336
recommendation,ssp245,2082,0.2549944692820798
recommendation,ssp245,2083,0.2564882929502094
recommendation,ssp245,2084,0.2580854908329636
recommendation,ssp245,2085,0.2598201546053891
recommendation,ssp245,2086,0.26168756992780084
recommendation,ssp245,2087,0.2636953725686788
recommendation,ssp245,2088,0.26583525856531115
recommendation,ssp245,2089,0.2680713753282967
recommendation,ssp245,2090,0.2704208259576312
recommendation,ssp245,2091,0.2728417405168628
recommendation,ssp245,2092,0.27485131064969914
recommendation,ssp245,2093,0.27656689519044997
recommendation,ssp245,2094,0.2780634500845767
recommendation,ssp245,2095,0.2794279821386044
recommendation,ssp245,2096,0.28072260933109333
recommendation,ssp245,2097,0.2819804268170525
recommendation,ssp245,2098,0.28323025778616884
recommendation,ssp245,2099,0.28446706355015294
recommendation,ssp245,2100,0.2857017281366918
recommendation,ssp434,2019,0.0
recommendation,ssp434,2020,0.011909155213736394
recommendation,ssp434,2021,0.01941404716339587
recommendation,ssp434,2022,0.027711064653703057
recommendation,ssp434,2023,0.03655337977876868
recommendation,ssp434,2024,0.045587445156736586
recommendation,ssp434,2025,0.0545380062712498
recommendation,ssp434,2026,0.0633006705040958
recommendation,ssp434,2027,0.07174906690553576
recommendation,ssp434,2028,0.07984227978877752
recommendation,ssp434,2029,0.08757909351784023
recommendation,ssp434,2030,0.09492019867649881
recommendation,ssp434,2031,0.10182546390320597
recommendation,ssp434,2032,0.10831438212385522
recommendation,ssp434,2033,0.11446959198953392
recommendation,ssp434,2034,0.1203935837950205
recommendation,ssp434,2035,0.1262185947494959
recommendation,ssp434,2036,0.1320110888302487
recommendation,ssp434,2037,0.1377959603193556
recommendation,ssp434,2038,0.1436116568791131
recommendation,ssp434,2039,0.14952445805876974
recommendation,ssp434,2040,0.15554874144364184
recommendation,ssp434,2041,0.16173401028986506
recommendation,ssp434,2042,0.1681993764923295
recommendation,ssp434,2043,0.17484239155645498
recommendation,ssp434,2044,0.18159795199453033
recommendation,ssp434,2045,0.1884555818442336
recommendation,ssp434,2046,0.19538097947373917
recommendation,ssp434,2047,0.20232171908471208
recommendation,ssp434,2048,0.20933351303727427
recommendation,ssp434,2049,0.21637199931870638
recommendation,ssp434,2050,0.22344488913034333
recommendation,ssp434,2051,0.23061901965707576
recommendation,ssp434,2052,0.23725237062680427
recommendation,ssp434,2053,0.24350660694530074
recommendation,ssp434,2054,0.24944844017411338
recommendation,ssp434,2055,0.25516743596283054
recommendation,ssp434,2056,0.2607261774945673
recommendation,ssp434,2057,0.26614051424694685
recommendation,ssp434,2058,0.2714182217247795
recommendation,ssp434,2059,0.2765956606423077
recommendation,ssp434,2060,0.28170665743185386
recommendation,ssp434,2061,0.28678298316066775
recommendation,ssp434,2062,0.2913099890690908
recommendation,ssp434,2063,0.29543687396438295
recommendation,ssp434,2064,0.29927417694315595
recommendation,ssp434,2065,0.3028709779967657
recommendation,ssp434,2066,0.3062928371611691
recommendation,ssp434,2067,0.3095433904611141
recommendation,ssp434,2068,0.3126462993418721
recommendation,ssp434,2069,0.3156411264701694
recommendation,ssp434,2070,0.31852784012410734
recommendation,ssp434,2071,0.3213434702465341
recommendation,ssp434,2072,0.324114514365137
recommendation,ssp434,2073,0.3268534388460803
recommendation,ssp434,2074,0.3295406559014663
recommendation,ssp434,2075,0.3321720548993417
recommendation,ssp434,2076,0.33474492806721995
recommendation,ssp434,2077,0.33725021127736676
recommendation,ssp434,2078,0.33969263272665584
recommendation,ssp434,2079,0.34206778447845665
recommendation,ssp434,2080,0.34435396700547305
recommendation,ssp434,2081,0.34655932861348737
recommendation,ssp434,2082,0.34910392885497776
recommendation,ssp434,2083,0.3518951681261125
recommendation,ssp434,2084,0.3548429233253663
recommendation,ssp434,2085,0.35788943366563736
recommendation,ssp434,2086,0.36097631648008277
recommendation,ssp434,2087,0.36410388334140326
recommendation,ssp434,2088,0.3672706654538131
recommendation,ssp434,2089,0.37041042498037946
recommendation,ssp434,2090,0.3735236069451271
recommendation,ssp434,2091,0.37659894517767606
recommendation,ssp434,2092,0.3794719255369004
recommendation,ssp434,2093,0.3821565178729086
recommendation,ssp434,2094,0.38470026694351844
recommendation,ssp434,2095,0.3871517566088607
recommendation,ssp434,2096,0.38955326009195457
recommendation,ssp434,2097,0.3919141468696381
recommendation,ssp434,2098,0.39425248354312065
recommendation,ssp434,2099,0.3965869791275583
recommendation,ssp434,2100,0.39890932583965827
recommendation,ssp370-lowNTCF-gidden,2019,0.0
recommendation,ssp370-lowNTCF-gidden,2020,0.011909155213736394
recommendation,ssp370-lowNTCF-gidden,2021,0.015594733147997399
recommendation,ssp370-lowNTCF-gidden,2022,0.02050560268884771
recommendation,ssp370-lowNTCF-gidden,2023,0.02608557326187239
recommendation,ssp370-lowNTCF-gidden,2024,0.03180786580450236
recommendation,ssp370-lowNTCF-gidden,2025,0.037249734008539426
recommendation,ssp370-lowNTCF-gidden,2026,0.04212181860522649
recommendation,ssp370-lowNTCF-gidden,2027,0.0463077562085933
recommendation,ssp370-lowNTCF-gidden,2028,0.049720818230340996
recommendation,ssp370-lowNTCF-gidden,2029,0.05229308822882632
recommendation,ssp370-lowNTCF-gidden,2030,0.05395530668307441
recommendation,ssp370-lowNTCF-gidden,2031,0.05468470648193075
recommendation,ssp370-lowNTCF-gidden,2032,0.054838653734230164
recommendation,ssp370-lowNTCF-gidden,2033,0.05446983191338113
recommendation,ssp370-lowNTCF-gidden,2034,0.05372128983667326
recommendation,ssp370-lowNTCF-gidden,2035,0.05275704197052866
recommendation,ssp370-lowNTCF-gidden,2036,0.05164760304849209
recommendation,ssp370-lowNTCF-gidden,2037,0.050440895215735436
recommendation,ssp370-lowNTCF-gidden,2038,0.04920062759655328
recommendation,ssp370-lowNTCF-gidden,2039,0.047983430173574315
recommendation,ssp370-lowNTCF-gidden,2040,0.046819784632203765
recommendation,ssp370-lowNTCF-gidden,2041,0.04573530744736268
recommendation,ssp370-lowNTCF-gidden,2042,0.04511423737444651
recommendation,ssp370-lowNTCF-gidden,2043,0.04496591224861975
recommendation,ssp370-lowNTCF-gidden,2044,0.045270979269918375
recommendation,ssp370-lowNTCF-gidden,2045,0.046017403856640306
recommendation,ssp370-lowNTCF-gidden,2046,0.04726805687099236
recommendation,ssp370-lowNTCF-gidden,2047,0.048964714364881624
recommendation,ssp370-lowNTCF-gidden,2048,0.051078303985677136
recommendation,ssp370-lowNTCF-gidden,2049,0.05356939441145658
recommendation,ssp370-lowNTCF-gidden,2050,0.05646796086047323
recommendation,ssp370-lowNTCF-gidden,2051,0.05980734231846848
recommendation,ssp370-lowNTCF-gidden,2052,0.061976729451000905
recommendation,ssp370-lowNTCF-gidden,2053,0.0633549575101694
recommendation,ssp370-lowNTCF-gidden,2054,0.06422945681134262
recommendation,ssp370-lowNTCF-gidden,2055,0.06478070055164664
recommendation,ssp370-lowNTCF-gidden,2056,0.06515613210187278
recommendation,ssp370-lowNTCF-gidden,2057,0.06543901045904074
recommendation,ssp370-lowNTCF-gidden,2058,0.06568817423201204
recommendation,ssp370-lowNTCF-gidden,2059,0.06595769827013459
recommendation,ssp370-lowNTCF-gidden,2060,0.06629126322220738
recommendation,ssp370-lowNTCF-gidden,2061,0.06673715341901808
recommendation,ssp370-lowNTCF-gidden,2062,0.06732124620352073
recommendation,ssp370-lowNTCF-gidden,2063,0.06805678708738111
recommendation,ssp370-lowNTCF-gidden,2064,0.06890312445504376
recommendation,ssp370-lowNTCF-gidden,2065,0.06983449049134699
recommendation,ssp370-lowNTCF-gidden,2066,0.0708402879547789
recommendation,ssp370-lowNTCF-gidden,2067,0.07190925725058227
recommendation,ssp370-lowNTCF-gidden,2068,0.07301131379131191
recommendation,ssp370-lowNTCF-gidden,2069,0.0741356795528354
recommendation,ssp370-lowNTCF-gidden,2070,0.07529679219696242
recommendation,ssp370-lowNTCF-gidden,2071,0.07648886104941516
recommendation,ssp370-lowNTCF-gidden,2072,0.07773126940092145
recommendation,ssp370-lowNTCF-gidden,2073,0.07904481084502234
recommendation,ssp370-lowNTCF-gidden,2074,0.0804617824878261
recommendation,ssp370-lowNTCF-gidden,2075,0.08201687083858501
recommendation,ssp370-lowNTCF-gidden,2076,0.08370832763717333
recommendation,ssp370-lowNTCF-gidden,2077,0.08552559075361733
recommendation,ssp370-lowNTCF-gidden,2078,0.08748504324038697
recommendation,ssp370-lowNTCF-gidden,2079,0.08956763054126775
recommendation,ssp370-lowNTCF-gidden,2080,0.09176497706043978
recommendation,ssp370-lowNTCF-gidden,2081,0.09406218246287036
recommendation,ssp370-lowNTCF-gidden,2082,0.0964257382090732
recommendation,ssp370-lowNTCF-gidden,2083,0.09885031963519413
recommendation,ssp370-lowNTCF-gidden,2084,0.10133294118720917
recommendation,ssp370-lowNTCF-gidden,2085,0.10386589202149064
recommendation,ssp370-lowNTCF-gidden,2086,0.1064582342970575
recommendation,ssp370-lowNTCF-gidden,2087,0.10910316380305897
recommendation,ssp370-lowNTCF-gidden,2088,0.11177998269443752
recommendation,ssp370-lowNTCF-gidden,2089,0.11449225312881384
recommendation,ssp370-lowNTCF-gidden,2090,0.11720529672125572
recommendation,ssp370-lowNTCF-gidden,2091,0.11993161954765698
recommendation,ssp370-lowNTCF-gidden,2092,0.12264375840824418
recommendation,ssp370-lowNTCF-gidden,2093,0.12534783470630634
recommendation,ssp370-lowNTCF-gidden,2094,0.1280414838572239
recommendation,ssp370-lowNTCF-gidden,2095,0.13077128105043198
recommendation,ssp370-lowNTCF-gidden,2096,0.133558636640897
recommendation,ssp370-lowNTCF-gidden,2097,0.13641286707682032
recommendation,ssp370-lowNTCF-gidden,2098,0.13933519588693644
recommendation,ssp370-lowNTCF-gidden,2099,0.14231426332989755
recommendation,ssp370-lowNTCF-gidden,2100,0.14534654698931576
