percentile,scenario,year,variable,Delta T
recommendation,ssp534-over,2019,aerosol-total-with_bc-snow,0.0
recommendation,ssp534-over,2020,aerosol-total-with_bc-snow,0.007178734496106731
recommendation,ssp534-over,2021,aerosol-total-with_bc-snow,0.022706963556325843
recommendation,ssp534-over,2022,aerosol-total-with_bc-snow,0.03562899606004011
recommendation,ssp534-over,2023,aerosol-total-with_bc-snow,0.046596989051865045
recommendation,ssp534-over,2024,aerosol-total-with_bc-snow,0.056117127555706525
recommendation,ssp534-over,2025,aerosol-total-with_bc-snow,0.06460260558535968
recommendation,ssp534-over,2026,aerosol-total-with_bc-snow,0.07230282759526463
recommendation,ssp534-over,2027,aerosol-total-with_bc-snow,0.07942996960873683
recommendation,ssp534-over,2028,aerosol-total-with_bc-snow,0.08620965655743024
recommendation,ssp534-over,2029,aerosol-total-with_bc-snow,0.09270094324166633
recommendation,ssp534-over,2030,aerosol-total-with_bc-snow,0.09899435902176401
recommendation,ssp534-over,2031,aerosol-total-with_bc-snow,0.10517009789086701
recommendation,ssp534-over,2032,aerosol-total-with_bc-snow,0.1100319879423628
recommendation,ssp534-over,2033,aerosol-total-with_bc-snow,0.11390833275295892
recommendation,ssp534-over,2034,aerosol-total-with_bc-snow,0.11704608487491153
recommendation,ssp534-over,2035,aerosol-total-with_bc-snow,0.11965700014169617
recommendation,ssp534-over,2036,aerosol-total-with_bc-snow,0.1218893368718621
recommendation,ssp534-over,2037,aerosol-total-with_bc-snow,0.1238459507447332
recommendation,ssp534-over,2038,aerosol-total-with_bc-snow,0.125608905978511
recommendation,ssp534-over,2039,aerosol-total-with_bc-snow,0.1271830399722006
recommendation,ssp534-over,2040,aerosol-total-with_bc-snow,0.12867059576800421
recommendation,ssp534-over,2041,aerosol-total-with_bc-snow,0.1300706015782846
recommendation,ssp534-over,2042,aerosol-total-with_bc-snow,0.13379107786854
recommendation,ssp534-over,2043,aerosol-total-with_bc-snow,0.13926709846820456
recommendation,ssp534-over,2044,aerosol-total-with_bc-snow,0.14614783866521286
recommendation,ssp534-over,2045,aerosol-total-with_bc-snow,0.15411882514127018
recommendation,ssp534-over,2046,aerosol-total-with_bc-snow,0.16291235803402987
recommendation,ssp534-over,2047,aerosol-total-with_bc-snow,0.17240010781170062
recommendation,ssp534-over,2048,aerosol-total-with_bc-snow,0.182450296242949
recommendation,ssp534-over,2049,aerosol-total-with_bc-snow,0.19295781397126327
recommendation,ssp534-over,2050,aerosol-total-with_bc-snow,0.2038906241928935
recommendation,ssp534-over,2051,aerosol-total-with_bc-snow,0.21519484837342018
recommendation,ssp534-over,2052,aerosol-total-with_bc-snow,0.2247886355337283
recommendation,ssp534-over,2053,aerosol-total-with_bc-snow,0.2331091882396521
recommendation,ssp534-over,2054,aerosol-total-with_bc-snow,0.24049301425010383
recommendation,ssp534-over,2055,aerosol-total-with_bc-snow,0.24718620563553145
recommendation,ssp534-over,2056,aerosol-total-with_bc-snow,0.25337905018705087
recommendation,ssp534-over,2057,aerosol-total-with_bc-snow,0.259216711802057
recommendation,ssp534-over,2058,aerosol-total-with_bc-snow,0.26480486670697834
recommendation,ssp534-over,2059,aerosol-total-with_bc-snow,0.2702150072769726
recommendation,ssp534-over,2060,aerosol-total-with_bc-snow,0.2755030826907445
recommendation,ssp534-over,2061,aerosol-total-with_bc-snow,0.2807149879512394
recommendation,ssp534-over,2062,aerosol-total-with_bc-snow,0.2851968363614078
recommendation,ssp534-over,2063,aerosol-total-with_bc-snow,0.2891264304382637
recommendation,ssp534-over,2064,aerosol-total-with_bc-snow,0.2926485835206516
recommendation,ssp534-over,2065,aerosol-total-with_bc-snow,0.29587277608376833
recommendation,ssp534-over,2066,aerosol-total-with_bc-snow,0.29888136529985726
recommendation,ssp534-over,2067,aerosol-total-with_bc-snow,0.30174650174998074
recommendation,ssp534-over,2068,aerosol-total-with_bc-snow,0.3045073075095041
recommendation,ssp534-over,2069,aerosol-total-with_bc-snow,0.30720414456381157
recommendation,ssp534-over,2070,aerosol-total-with_bc-snow,0.3098521331747086
recommendation,ssp534-over,2071,aerosol-total-with_bc-snow,0.3124611405326743
recommendation,ssp534-over,2072,aerosol-total-with_bc-snow,0.3146846590661391
recommendation,ssp534-over,2073,aerosol-total-with_bc-snow,0.31662909138562123
recommendation,ssp534-over,2074,aerosol-total-with_bc-snow,0.31835527832551835
recommendation,ssp534-over,2075,aerosol-total-with_bc-snow,0.31992598378793335
recommendation,ssp534-over,2076,aerosol-total-with_bc-snow,0.32138681661127594
recommendation,ssp534-over,2077,aerosol-total-with_bc-snow,0.3227599417866605
recommendation,ssp534-over,2078,aerosol-total-with_bc-snow,0.324075888677771
recommendation,ssp534-over,2079,aerosol-total-with_bc-snow,0.3253545794311197
recommendation,ssp534-over,2080,aerosol-total-with_bc-snow,0.3266084652679341
recommendation,ssp534-over,2081,aerosol-total-with_bc-snow,0.3278356330674219
recommendation,ssp534-over,2082,aerosol-total-with_bc-snow,0.32889879036772834
recommendation,ssp534-over,2083,aerosol-total-with_bc-snow,0.3298454303053994
recommendation,ssp534-over,2084,aerosol-total-with_bc-snow,0.33070043242559427
recommendation,ssp534-over,2085,aerosol-total-with_bc-snow,0.3314900063489282
recommendation,ssp534-over,2086,aerosol-total-with_bc-snow,0.3322231501556149
recommendation,ssp534-over,2087,aerosol-total-with_bc-snow,0.33292353393269947
recommendation,ssp534-over,2088,aerosol-total-with_bc-snow,0.3335928776938404
recommendation,ssp534-over,2089,aerosol-total-with_bc-snow,0.334240716948161
recommendation,ssp534-over,2090,aerosol-total-with_bc-snow,0.33487256041705127
recommendation,ssp534-over,2091,aerosol-total-with_bc-snow,0.33548675247506443
recommendation,ssp534-over,2092,aerosol-total-with_bc-snow,0.33603870142277276
recommendation,ssp534-over,2093,aerosol-total-with_bc-snow,0.3365397116461704
recommendation,ssp534-over,2094,aerosol-total-with_bc-snow,0.3370071896711082
recommendation,ssp534-over,2095,aerosol-total-with_bc-snow,0.33745054273853253
recommendation,ssp534-over,2096,aerosol-total-with_bc-snow,0.3378751641458919
recommendation,ssp534-over,2097,aerosol-total-with_bc-snow,0.3382875077159035
recommendation,ssp534-over,2098,aerosol-total-with_bc-snow,0.3386925726455915
recommendation,ssp534-over,2099,aerosol-total-with_bc-snow,0.33909140175559693
recommendation,ssp534-over,2100,aerosol-total-with_bc-snow,0.33948161431278384
recommendation,ssp334,2019,aerosol-total-with_bc-snow,0.0
recommendation,ssp334,2020,aerosol-total-with_bc-snow,0.007178734496106731
recommendation,ssp334,2021,aerosol-total-with_bc-snow,-0.014619308684316379
recommendation,ssp334,2022,aerosol-total-with_bc-snow,-0.030538735743434353
recommendation,ssp334,2023,aerosol-total-with_bc-snow,-0.042089621210213646
recommendation,ssp334,2024,aerosol-total-with_bc-snow,-0.05034117550454564
recommendation,ssp334,2025,aerosol-total-with_bc-snow,-0.056140102647213586
recommendation,ssp334,2026,aerosol-total-with_bc-snow,-0.06010553873381308
recommendation,ssp334,2027,aerosol-total-with_bc-snow,-0.06270725750607775
recommendation,ssp334,2028,aerosol-total-with_bc-snow,-0.06428507443297238
recommendation,ssp334,2029,aerosol-total-with_bc-snow,-0.06508605284091218
recommendation,ssp334,2030,aerosol-total-with_bc-snow,-0.06531337041178786
recommendation,ssp334,2031,aerosol-total-with_bc-snow,-0.06510101129664547
recommendation,ssp334,2032,aerosol-total-with_bc-snow,-0.061139174157869514
recommendation,ssp334,2033,aerosol-total-with_bc-snow,-0.0543160510366506
recommendation,ssp334,2034,aerosol-total-with_bc-snow,-0.04529842351838531
recommendation,ssp334,2035,aerosol-total-with_bc-snow,-0.03461661101789015
recommendation,ssp334,2036,aerosol-total-with_bc-snow,-0.022572785891278313
recommendation,ssp334,2037,aerosol-total-with_bc-snow,-0.009464748142405388
recommendation,ssp334,2038,aerosol-total-with_bc-snow,0.004487741389024413
recommendation,ssp334,2039,aerosol-total-with_bc-snow,0.01915480357918742
recommendation,ssp334,2040,aerosol-total-with_bc-snow,0.03445589087127188
recommendation,ssp334,2041,aerosol-total-with_bc-snow,0.050274140674199774
recommendation,ssp334,2042,aerosol-total-with_bc-snow,0.06335869165906183
recommendation,ssp334,2043,aerosol-total-with_bc-snow,0.07445854868388158
recommendation,ssp334,2044,aerosol-total-with_bc-snow,0.08407560278082188
recommendation,ssp334,2045,aerosol-total-with_bc-snow,0.09258463843609022
recommendation,ssp334,2046,aerosol-total-with_bc-snow,0.10027703433793073
recommendation,ssp334,2047,aerosol-total-with_bc-snow,0.10737182379314475
recommendation,ssp334,2048,aerosol-total-with_bc-snow,0.1140539880957302
recommendation,ssp334,2049,aerosol-total-with_bc-snow,0.12042570365936367
recommendation,ssp334,2050,aerosol-total-with_bc-snow,0.1265603154126414
recommendation,ssp334,2051,aerosol-total-with_bc-snow,0.13255717210011964
recommendation,ssp334,2052,aerosol-total-with_bc-snow,0.13792105886315653
recommendation,ssp334,2053,aerosol-total-with_bc-snow,0.14281460456091233
recommendation,ssp334,2054,aerosol-total-with_bc-snow,0.14736755020166814
recommendation,ssp334,2055,aerosol-total-with_bc-snow,0.15168263543740768
recommendation,ssp334,2056,aerosol-total-with_bc-snow,0.15582686982788363
recommendation,ssp334,2057,aerosol-total-with_bc-snow,0.15983788354195871
recommendation,ssp334,2058,aerosol-total-with_bc-snow,0.1637566759641479
recommendation,ssp334,2059,aerosol-total-with_bc-snow,0.16761361365666538
recommendation,ssp334,2060,aerosol-total-with_bc-snow,0.1714063271979599
recommendation,ssp334,2061,aerosol-total-with_bc-snow,0.1751762100243469
recommendation,ssp334,2062,aerosol-total-with_bc-snow,0.17867879365767553
recommendation,ssp334,2063,aerosol-total-with_bc-snow,0.18198339235691097
recommendation,ssp334,2064,aerosol-total-with_bc-snow,0.1851354034704824
recommendation,ssp334,2065,aerosol-total-with_bc-snow,0.1881610713165333
recommendation,ssp334,2066,aerosol-total-with_bc-snow,0.19112193570152036
recommendation,ssp334,2067,aerosol-total-with_bc-snow,0.19404528606925475
recommendation,ssp334,2068,aerosol-total-with_bc-snow,0.1969258311060606
recommendation,ssp334,2069,aerosol-total-with_bc-snow,0.1997841920470983
recommendation,ssp334,2070,aerosol-total-with_bc-snow,0.2026304217752764
recommendation,ssp334,2071,aerosol-total-with_bc-snow,0.20547968227480295
recommendation,ssp334,2072,aerosol-total-with_bc-snow,0.20814858852175477
recommendation,ssp334,2073,aerosol-total-with_bc-snow,0.21068755698436437
recommendation,ssp334,2074,aerosol-total-with_bc-snow,0.21313292840317866
recommendation,ssp334,2075,aerosol-total-with_bc-snow,0.21550876598374147
recommendation,ssp334,2076,aerosol-total-with_bc-snow,0.2178403866910772
recommendation,ssp334,2077,aerosol-total-with_bc-snow,0.2201425873232603
recommendation,ssp334,2078,aerosol-total-with_bc-snow,0.2224214283245114
recommendation,ssp334,2079,aerosol-total-with_bc-snow,0.2246922961903518
recommendation,ssp334,2080,aerosol-total-with_bc-snow,0.22696185977001476
recommendation,ssp334,2081,aerosol-total-with_bc-snow,0.229227716855063
recommendation,ssp334,2082,aerosol-total-with_bc-snow,0.23140273859194482
recommendation,ssp334,2083,aerosol-total-with_bc-snow,0.23350652814908457
recommendation,ssp334,2084,aerosol-total-with_bc-snow,0.23556012629043105
recommendation,ssp334,2085,aerosol-total-with_bc-snow,0.23757019068329954
recommendation,ssp334,2086,aerosol-total-with_bc-snow,0.23955044714291074
recommendation,ssp334,2087,aerosol-total-with_bc-snow,0.24151187348569403
recommendation,ssp334,2088,aerosol-total-with_bc-snow,0.24346932182215442
recommendation,ssp334,2089,aerosol-total-with_bc-snow,0.24542790373394052
recommendation,ssp334,2090,aerosol-total-with_bc-snow,0.24737475536588444
recommendation,ssp334,2091,aerosol-total-with_bc-snow,0.24931549228794403
recommendation,ssp334,2092,aerosol-total-with_bc-snow,0.25118234477238816
recommendation,ssp334,2093,aerosol-total-with_bc-snow,0.2529851428809524
recommendation,ssp334,2094,aerosol-total-with_bc-snow,0.25475028118428766
recommendation,ssp334,2095,aerosol-total-with_bc-snow,0.256482179191138
recommendation,ssp334,2096,aerosol-total-with_bc-snow,0.2581929657158292
recommendation,ssp334,2097,aerosol-total-with_bc-snow,0.2598948745392977
recommendation,ssp334,2098,aerosol-total-with_bc-snow,0.26158278166560867
recommendation,ssp334,2099,aerosol-total-with_bc-snow,0.2632637673236542
recommendation,ssp334,2100,aerosol-total-with_bc-snow,0.2649481743101409
recommendation,ssp119,2019,aerosol-total-with_bc-snow,0.0
recommendation,ssp119,2020,aerosol-total-with_bc-snow,0.007178734496106731
recommendation,ssp119,2021,aerosol-total-with_bc-snow,0.018418362105668606
recommendation,ssp119,2022,aerosol-total-with_bc-snow,0.030950980975775977
recommendation,ssp119,2023,aerosol-total-with_bc-snow,0.044542939832395434
recommendation,ssp119,2024,aerosol-total-with_bc-snow,0.05898218291395996
recommendation,ssp119,2025,aerosol-total-with_bc-snow,0.0741521067362032
recommendation,ssp119,2026,aerosol-total-with_bc-snow,0.09000158956579596
recommendation,ssp119,2027,aerosol-total-with_bc-snow,0.10640731983632368
recommendation,ssp119,2028,aerosol-total-with_bc-snow,0.1234022642599516
recommendation,ssp119,2029,aerosol-total-with_bc-snow,0.14096015425890213
recommendation,ssp119,2030,aerosol-total-with_bc-snow,0.15904866112356097
recommendation,ssp119,2031,aerosol-total-with_bc-snow,0.17767794752272348
recommendation,ssp119,2032,aerosol-total-with_bc-snow,0.19259632108651248
recommendation,ssp119,2033,aerosol-total-with_bc-snow,0.20476154396634272
recommendation,ssp119,2034,aerosol-total-with_bc-snow,0.21488763463107746
recommendation,ssp119,2035,aerosol-total-with_bc-snow,0.22349067446127696
recommendation,ssp119,2036,aerosol-total-with_bc-snow,0.2309691959931629
recommendation,ssp119,2037,aerosol-total-with_bc-snow,0.23760560417690185
recommendation,ssp119,2038,aerosol-total-with_bc-snow,0.24363190725893424
recommendation,ssp119,2039,aerosol-total-with_bc-snow,0.2492219341264741
recommendation,ssp119,2040,aerosol-total-with_bc-snow,0.2545102039749294
recommendation,ssp119,2041,aerosol-total-with_bc-snow,0.2595555470896955
recommendation,ssp119,2042,aerosol-total-with_bc-snow,0.2639495214739157
recommendation,ssp119,2043,aerosol-total-with_bc-snow,0.267865727128007
recommendation,ssp119,2044,aerosol-total-with_bc-snow,0.27144115003700975
recommendation,ssp119,2045,aerosol-total-with_bc-snow,0.274768704523068
recommendation,ssp119,2046,aerosol-total-with_bc-snow,0.27792319577952324
recommendation,ssp119,2047,aerosol-total-with_bc-snow,0.28095615251063577
recommendation,ssp119,2048,aerosol-total-with_bc-snow,0.2839299034809096
recommendation,ssp119,2049,aerosol-total-with_bc-snow,0.286874835957551
recommendation,ssp119,2050,aerosol-total-with_bc-snow,0.28980601724604504
recommendation,ssp119,2051,aerosol-total-with_bc-snow,0.2927751427415528
recommendation,ssp119,2052,aerosol-total-with_bc-snow,0.29530670804151704
recommendation,ssp119,2053,aerosol-total-with_bc-snow,0.2975090501467924
recommendation,ssp119,2054,aerosol-total-with_bc-snow,0.29947401851856625
recommendation,ssp119,2055,aerosol-total-with_bc-snow,0.30126888562144816
recommendation,ssp119,2056,aerosol-total-with_bc-snow,0.3029293762590571
recommendation,ssp119,2057,aerosol-total-with_bc-snow,0.30449051505969005
recommendation,ssp119,2058,aerosol-total-with_bc-snow,0.30598436132920936
recommendation,ssp119,2059,aerosol-total-with_bc-snow,0.3074322239775806
recommendation,ssp119,2060,aerosol-total-with_bc-snow,0.3088489075926768
recommendation,ssp119,2061,aerosol-total-with_bc-snow,0.31024735556132726
recommendation,ssp119,2062,aerosol-total-with_bc-snow,0.3117002279996476
recommendation,ssp119,2063,aerosol-total-with_bc-snow,0.31319150947468827
recommendation,ssp119,2064,aerosol-total-with_bc-snow,0.31471184374965633
recommendation,ssp119,2065,aerosol-total-with_bc-snow,0.31625009188446895
recommendation,ssp119,2066,aerosol-total-with_bc-snow,0.3178092687470941
recommendation,ssp119,2067,aerosol-total-with_bc-snow,0.31937820205726336
recommendation,ssp119,2068,aerosol-total-with_bc-snow,0.3209541946082118
recommendation,ssp119,2069,aerosol-total-with_bc-snow,0.32254605950900456
recommendation,ssp119,2070,aerosol-total-with_bc-snow,0.32415701816108733
recommendation,ssp119,2071,aerosol-total-with_bc-snow,0.32577267773352214
recommendation,ssp119,2072,aerosol-total-with_bc-snow,0.3275962130034815
recommendation,ssp119,2073,aerosol-total-with_bc-snow,0.32958101579006177
recommendation,ssp119,2074,aerosol-total-with_bc-snow,0.3316900025226166
recommendation,ssp119,2075,aerosol-total-with_bc-snow,0.3338954558733753
recommendation,ssp119,2076,aerosol-total-with_bc-snow,0.33615759182892474
recommendation,ssp119,2077,aerosol-total-with_bc-snow,0.33846579773609825
recommendation,ssp119,2078,aerosol-total-with_bc-snow,0.34080235316513774
recommendation,ssp119,2079,aerosol-total-with_bc-snow,0.3431680593150745
recommendation,ssp119,2080,aerosol-total-with_bc-snow,0.34556028445685505
recommendation,ssp119,2081,aerosol-total-with_bc-snow,0.3479727951903973
recommendation,ssp119,2082,aerosol-total-with_bc-snow,0.3502800623515916
recommendation,ssp119,2083,aerosol-total-with_bc-snow,0.35251464971610913
recommendation,ssp119,2084,aerosol-total-with_bc-snow,0.35469227581637347
recommendation,ssp119,2085,aerosol-total-with_bc-snow,0.35683897883707405
recommendation,ssp119,2086,aerosol-total-with_bc-snow,0.35895514686490815
recommendation,ssp119,2087,aerosol-total-with_bc-snow,0.36105306717519803
recommendation,ssp119,2088,aerosol-total-with_bc-snow,0.36313376302987393
recommendation,ssp119,2089,aerosol-total-with_bc-snow,0.3652025442154787
recommendation,ssp119,2090,aerosol-total-with_bc-snow,0.3672565761922013
recommendation,ssp119,2091,aerosol-total-with_bc-snow,0.36930111735102833
recommendation,ssp119,2092,aerosol-total-with_bc-snow,0.3714768399007472
recommendation,ssp119,2093,aerosol-total-with_bc-snow,0.37374707061483925
recommendation,ssp119,2094,aerosol-total-with_bc-snow,0.3760871248180385
recommendation,ssp119,2095,aerosol-total-with_bc-snow,0.37848533132190465
recommendation,ssp119,2096,aerosol-total-with_bc-snow,0.3809206278308962
recommendation,ssp119,2097,aerosol-total-with_bc-snow,0.38337478464292246
recommendation,ssp119,2098,aerosol-total-with_bc-snow,0.3858339892444744
recommendation,ssp119,2099,aerosol-total-with_bc-snow,0.38830322499448783
recommendation,ssp119,2100,aerosol-total-with_bc-snow,0.3907681238474756
recommendation,ssp460,2019,aerosol-total-with_bc-snow,0.0
recommendation,ssp460,2020,aerosol-total-with_bc-snow,0.007178734496106731
recommendation,ssp460,2021,aerosol-total-with_bc-snow,0.00791245059561363
recommendation,ssp460,2022,aerosol-total-with_bc-snow,0.008233559036577742
recommendation,ssp460,2023,aerosol-total-with_bc-snow,0.008245216947583178
recommendation,ssp460,2024,aerosol-total-with_bc-snow,0.008035707159261607
recommendation,ssp460,2025,aerosol-total-with_bc-snow,0.007679160660996387
recommendation,ssp460,2026,aerosol-total-with_bc-snow,0.007181778419627194
recommendation,ssp460,2027,aerosol-total-with_bc-snow,0.0066006595995455886
recommendation,ssp460,2028,aerosol-total-with_bc-snow,0.005950945195313806
recommendation,ssp460,2029,aerosol-total-with_bc-snow,0.005231372775324705
recommendation,ssp460,2030,aerosol-total-with_bc-snow,0.004472628818791402
recommendation,ssp460,2031,aerosol-total-with_bc-snow,0.0036788915054266624
recommendation,ssp460,2032,aerosol-total-with_bc-snow,0.0030464412674545693
recommendation,ssp460,2033,aerosol-total-with_bc-snow,0.0025619988055283205
recommendation,ssp460,2034,aerosol-total-with_bc-snow,0.00215936302675801
recommendation,ssp460,2035,aerosol-total-with_bc-snow,0.0018298933661488048
recommendation,ssp460,2036,aerosol-total-with_bc-snow,0.001575694647748871
recommendation,ssp460,2037,aerosol-total-with_bc-snow,0.0013698478995491925
recommendation,ssp460,2038,aerosol-total-with_bc-snow,0.0012047256203709944
recommendation,ssp460,2039,aerosol-total-with_bc-snow,0.001057497657432127
recommendation,ssp460,2040,aerosol-total-with_bc-snow,0.0009177786194756177
recommendation,ssp460,2041,aerosol-total-with_bc-snow,0.0008029919016924181
recommendation,ssp460,2042,aerosol-total-with_bc-snow,0.0009685669235208749
recommendation,ssp460,2043,aerosol-total-with_bc-snow,0.001347866127010433
recommendation,ssp460,2044,aerosol-total-with_bc-snow,0.0019018985886171125
recommendation,ssp460,2045,aerosol-total-with_bc-snow,0.002580336219118906
recommendation,ssp460,2046,aerosol-total-with_bc-snow,0.003351845854859037
recommendation,ssp460,2047,aerosol-total-with_bc-snow,0.0041877299716321925
recommendation,ssp460,2048,aerosol-total-with_bc-snow,0.005081729707635985
recommendation,ssp460,2049,aerosol-total-with_bc-snow,0.006058103135902049
recommendation,ssp460,2050,aerosol-total-with_bc-snow,0.0070655070669173314
recommendation,ssp460,2051,aerosol-total-with_bc-snow,0.008109266955413919
recommendation,ssp460,2052,aerosol-total-with_bc-snow,0.00931610001018468
recommendation,ssp460,2053,aerosol-total-with_bc-snow,0.010633290524293737
recommendation,ssp460,2054,aerosol-total-with_bc-snow,0.012058445171841292
recommendation,ssp460,2055,aerosol-total-with_bc-snow,0.013604828912373135
recommendation,ssp460,2056,aerosol-total-with_bc-snow,0.01520404588914459
recommendation,ssp460,2057,aerosol-total-with_bc-snow,0.016862485947128025
recommendation,ssp460,2058,aerosol-total-with_bc-snow,0.018577484933563704
recommendation,ssp460,2059,aerosol-total-with_bc-snow,0.02034579004011816
recommendation,ssp460,2060,aerosol-total-with_bc-snow,0.022138360126524814
recommendation,ssp460,2061,aerosol-total-with_bc-snow,0.02395612434828076
recommendation,ssp460,2062,aerosol-total-with_bc-snow,0.025945626070762118
recommendation,ssp460,2063,aerosol-total-with_bc-snow,0.02804268736575366
recommendation,ssp460,2064,aerosol-total-with_bc-snow,0.030224834268458345
recommendation,ssp460,2065,aerosol-total-with_bc-snow,0.03248567579639505
recommendation,ssp460,2066,aerosol-total-with_bc-snow,0.03484830672735384
recommendation,ssp460,2067,aerosol-total-with_bc-snow,0.0372607417255334
recommendation,ssp460,2068,aerosol-total-with_bc-snow,0.03974321345416132
recommendation,ssp460,2069,aerosol-total-with_bc-snow,0.04226792165956683
recommendation,ssp460,2070,aerosol-total-with_bc-snow,0.04481715082434945
recommendation,ssp460,2071,aerosol-total-with_bc-snow,0.047409690443578345
recommendation,ssp460,2072,aerosol-total-with_bc-snow,0.050491166999804715
recommendation,ssp460,2073,aerosol-total-with_bc-snow,0.053981965697597944
recommendation,ssp460,2074,aerosol-total-with_bc-snow,0.057793063798440736
recommendation,ssp460,2075,aerosol-total-with_bc-snow,0.061853406328031046
recommendation,ssp460,2076,aerosol-total-with_bc-snow,0.06613099666472366
recommendation,ssp460,2077,aerosol-total-with_bc-snow,0.0705710424434377
recommendation,ssp460,2078,aerosol-total-with_bc-snow,0.0751436288170707
recommendation,ssp460,2079,aerosol-total-with_bc-snow,0.07983915882534676
recommendation,ssp460,2080,aerosol-total-with_bc-snow,0.08464390241876374
recommendation,ssp460,2081,aerosol-total-with_bc-snow,0.08951707078322768
recommendation,ssp460,2082,aerosol-total-with_bc-snow,0.09413829763441939
recommendation,ssp460,2083,aerosol-total-with_bc-snow,0.09856057774950588
recommendation,ssp460,2084,aerosol-total-with_bc-snow,0.10283660488397262
recommendation,ssp460,2085,aerosol-total-with_bc-snow,0.1070207648157302
recommendation,ssp460,2086,aerosol-total-with_bc-snow,0.11112672151796432
recommendation,ssp460,2087,aerosol-total-with_bc-snow,0.11519624600987599
recommendation,ssp460,2088,aerosol-total-with_bc-snow,0.11924649145863297
recommendation,ssp460,2089,aerosol-total-with_bc-snow,0.12330002489153025
recommendation,ssp460,2090,aerosol-total-with_bc-snow,0.12737626940415048
recommendation,ssp460,2091,aerosol-total-with_bc-snow,0.1314810394562922
recommendation,ssp460,2092,aerosol-total-with_bc-snow,0.13513457777627103
recommendation,ssp460,2093,aerosol-total-with_bc-snow,0.13845949684211034
recommendation,ssp460,2094,aerosol-total-with_bc-snow,0.14155715209085712
recommendation,ssp460,2095,aerosol-total-with_bc-snow,0.14448120109571305
recommendation,ssp460,2096,aerosol-total-with_bc-snow,0.1472767375215669
recommendation,ssp460,2097,aerosol-total-with_bc-snow,0.1499910430784362
recommendation,ssp460,2098,aerosol-total-with_bc-snow,0.15263810529672245
recommendation,ssp460,2099,aerosol-total-with_bc-snow,0.15525015017978072
recommendation,ssp460,2100,aerosol-total-with_bc-snow,0.15784358978067914
recommendation,ssp585,2019,aerosol-total-with_bc-snow,0.0
recommendation,ssp585,2020,aerosol-total-with_bc-snow,0.007178734496106731
recommendation,ssp585,2021,aerosol-total-with_bc-snow,0.022706963556325843
recommendation,ssp585,2022,aerosol-total-with_bc-snow,0.03562899606004011
recommendation,ssp585,2023,aerosol-total-with_bc-snow,0.046596989051865045
recommendation,ssp585,2024,aerosol-total-with_bc-snow,0.056117127555706525
recommendation,ssp585,2025,aerosol-total-with_bc-snow,0.06460260558535968
recommendation,ssp585,2026,aerosol-total-with_bc-snow,0.07230282759526463
recommendation,ssp585,2027,aerosol-total-with_bc-snow,0.07942996960873683
recommendation,ssp585,2028,aerosol-total-with_bc-snow,0.08620965655743024
recommendation,ssp585,2029,aerosol-total-with_bc-snow,0.09270094324166633
recommendation,ssp585,2030,aerosol-total-with_bc-snow,0.09899435902176401
recommendation,ssp585,2031,aerosol-total-with_bc-snow,0.10517009789086701
recommendation,ssp585,2032,aerosol-total-with_bc-snow,0.1100319879423628
recommendation,ssp585,2033,aerosol-total-with_bc-snow,0.11390833275295892
recommendation,ssp585,2034,aerosol-total-with_bc-snow,0.11704608487491153
recommendation,ssp585,2035,aerosol-total-with_bc-snow,0.11965700014169617
recommendation,ssp585,2036,aerosol-total-with_bc-snow,0.1218893368718621
recommendation,ssp585,2037,aerosol-total-with_bc-snow,0.1238459507447332
recommendation,ssp585,2038,aerosol-total-with_bc-snow,0.125608905978511
recommendation,ssp585,2039,aerosol-total-with_bc-snow,0.1271830399722006
recommendation,ssp585,2040,aerosol-total-with_bc-snow,0.12867059576800421
recommendation,ssp585,2041,aerosol-total-with_bc-snow,0.1300706015782846
recommendation,ssp585,2042,aerosol-total-with_bc-snow,0.1317770665428567
recommendation,ssp585,2043,aerosol-total-with_bc-snow,0.13369684742930055
recommendation,ssp585,2044,aerosol-total-with_bc-snow,0.1357767701941457
recommendation,ssp585,2045,aerosol-total-with_bc-snow,0.13799204772450402
recommendation,ssp585,2046,aerosol-total-with_bc-snow,0.14031417353889608
recommendation,ssp585,2047,aerosol-total-with_bc-snow,0.1427245486666296
recommendation,ssp585,2048,aerosol-total-with_bc-snow,0.14521729204954503
recommendation,ssp585,2049,aerosol-total-with_bc-snow,0.14778753585773152
recommendation,ssp585,2050,aerosol-total-with_bc-snow,0.15040517987026814
recommendation,ssp585,2051,aerosol-total-with_bc-snow,0.15307015866590978
recommendation,ssp585,2052,aerosol-total-with_bc-snow,0.15449325951400705
recommendation,ssp585,2053,aerosol-total-with_bc-snow,0.1549807788676945
recommendation,ssp585,2054,aerosol-total-with_bc-snow,0.15479965217482455
recommendation,ssp585,2055,aerosol-total-with_bc-snow,0.15408628058379842
recommendation,ssp585,2056,aerosol-total-with_bc-snow,0.15299710693203727
recommendation,ssp585,2057,aerosol-total-with_bc-snow,0.15161414249685956
recommendation,ssp585,2058,aerosol-total-with_bc-snow,0.15002504980547976
recommendation,ssp585,2059,aerosol-total-with_bc-snow,0.14826652722863531
recommendation,ssp585,2060,aerosol-total-with_bc-snow,0.1463911758173747
recommendation,ssp585,2061,aerosol-total-with_bc-snow,0.14441686291674832
recommendation,ssp585,2062,aerosol-total-with_bc-snow,0.14290978221302314
recommendation,ssp585,2063,aerosol-total-with_bc-snow,0.14173499869283407
recommendation,ssp585,2064,aerosol-total-with_bc-snow,0.14082111459563296
recommendation,ssp585,2065,aerosol-total-with_bc-snow,0.14010581379056275
recommendation,ssp585,2066,aerosol-total-with_bc-snow,0.13953703103545906
recommendation,ssp585,2067,aerosol-total-with_bc-snow,0.13907957610799382
recommendation,ssp585,2068,aerosol-total-with_bc-snow,0.13871120144764798
recommendation,ssp585,2069,aerosol-total-with_bc-snow,0.13839938855756828
recommendation,ssp585,2070,aerosol-total-with_bc-snow,0.13813503091227375
recommendation,ssp585,2071,aerosol-total-with_bc-snow,0.1379090386872015
recommendation,ssp585,2072,aerosol-total-with_bc-snow,0.13830468015247177
recommendation,ssp585,2073,aerosol-total-with_bc-snow,0.13916573673092564
recommendation,ssp585,2074,aerosol-total-with_bc-snow,0.14037005197457153
recommendation,ssp585,2075,aerosol-total-with_bc-snow,0.1418472832343738
recommendation,ssp585,2076,aerosol-total-with_bc-snow,0.14354074370369863
recommendation,ssp585,2077,aerosol-total-with_bc-snow,0.14538480083769462
recommendation,ssp585,2078,aerosol-total-with_bc-snow,0.14734502908895097
recommendation,ssp585,2079,aerosol-total-with_bc-snow,0.149400144883779
recommendation,ssp585,2080,aerosol-total-with_bc-snow,0.15153220686582047
recommendation,ssp585,2081,aerosol-total-with_bc-snow,0.1537254638122834
recommendation,ssp585,2082,aerosol-total-with_bc-snow,0.1561892447652029
recommendation,ssp585,2083,aerosol-total-with_bc-snow,0.15886449521517487
recommendation,ssp585,2084,aerosol-total-with_bc-snow,0.1617125742847597
recommendation,ssp585,2085,aerosol-total-with_bc-snow,0.16469613861538113
recommendation,ssp585,2086,aerosol-total-with_bc-snow,0.16779265782929487
recommendation,ssp585,2087,aerosol-total-with_bc-snow,0.17098899653973126
recommendation,ssp585,2088,aerosol-total-with_bc-snow,0.17425155717055762
recommendation,ssp585,2089,aerosol-total-with_bc-snow,0.17756584330442549
recommendation,ssp585,2090,aerosol-total-with_bc-snow,0.18094552028470712
recommendation,ssp585,2091,aerosol-total-with_bc-snow,0.18438163891453507
recommendation,ssp585,2092,aerosol-total-with_bc-snow,0.18799589280744522
recommendation,ssp585,2093,aerosol-total-with_bc-snow,0.19174283441533335
recommendation,ssp585,2094,aerosol-total-with_bc-snow,0.19561198045405598
recommendation,ssp585,2095,aerosol-total-with_bc-snow,0.199570025158897
recommendation,ssp585,2096,aerosol-total-with_bc-snow,0.20360265925541093
recommendation,ssp585,2097,aerosol-total-with_bc-snow,0.20769896703166413
recommendation,ssp585,2098,aerosol-total-with_bc-snow,0.21186485264349236
recommendation,ssp585,2099,aerosol-total-with_bc-snow,0.2160774569018774
recommendation,ssp585,2100,aerosol-total-with_bc-snow,0.2203480994764594
recommendation,ssp370,2019,aerosol-total-with_bc-snow,0.0
recommendation,ssp370,2020,aerosol-total-with_bc-snow,0.007178734496106731
recommendation,ssp370,2021,aerosol-total-with_bc-snow,-0.0006008565039652414
recommendation,ssp370,2022,aerosol-total-with_bc-snow,-0.00684813080288349
recommendation,ssp370,2023,aerosol-total-with_bc-snow,-0.011939006265651253
recommendation,ssp370,2024,aerosol-total-with_bc-snow,-0.016165978751110477
recommendation,ssp370,2025,aerosol-total-with_bc-snow,-0.019755920384853742
recommendation,ssp370,2026,aerosol-total-with_bc-snow,-0.022860460868198706
recommendation,ssp370,2027,aerosol-total-with_bc-snow,-0.02562405983806204
recommendation,ssp370,2028,aerosol-total-with_bc-snow,-0.028117711523236166
recommendation,ssp370,2029,aerosol-total-with_bc-snow,-0.030410982707670287
recommendation,ssp370,2030,aerosol-total-with_bc-snow,-0.032559665315119
recommendation,ssp370,2031,aerosol-total-with_bc-snow,-0.03458039105268995
recommendation,ssp370,2032,aerosol-total-with_bc-snow,-0.036378012088022826
recommendation,ssp370,2033,aerosol-total-with_bc-snow,-0.03799895161150213
recommendation,ssp370,2034,aerosol-total-with_bc-snow,-0.03949805704392628
recommendation,ssp370,2035,aerosol-total-with_bc-snow,-0.04089515229238849
recommendation,ssp370,2036,aerosol-total-with_bc-snow,-0.042244897817610094
recommendation,ssp370,2037,aerosol-total-with_bc-snow,-0.04353107224954533
recommendation,ssp370,2038,aerosol-total-with_bc-snow,-0.044776613627347195
recommendation,ssp370,2039,aerosol-total-with_bc-snow,-0.045998596772595546
recommendation,ssp370,2040,aerosol-total-with_bc-snow,-0.047186850300617866
recommendation,ssp370,2041,aerosol-total-with_bc-snow,-0.04835760154669255
recommendation,ssp370,2042,aerosol-total-with_bc-snow,-0.04956876753103179
recommendation,ssp370,2043,aerosol-total-with_bc-snow,-0.05080827586036618
recommendation,ssp370,2044,aerosol-total-with_bc-snow,-0.05206877507932406
recommendation,ssp370,2045,aerosol-total-with_bc-snow,-0.053346335698111536
recommendation,ssp370,2046,aerosol-total-with_bc-snow,-0.05463707964385478
recommendation,ssp370,2047,aerosol-total-with_bc-snow,-0.055937694316703146
recommendation,ssp370,2048,aerosol-total-with_bc-snow,-0.057245439783936036
recommendation,ssp370,2049,aerosol-total-with_bc-snow,-0.05855427711297989
recommendation,ssp370,2050,aerosol-total-with_bc-snow,-0.05986214160184822
recommendation,ssp370,2051,aerosol-total-with_bc-snow,-0.06117626551093358
recommendation,ssp370,2052,aerosol-total-with_bc-snow,-0.06209914787135851
recommendation,ssp370,2053,aerosol-total-with_bc-snow,-0.06270650345249695
recommendation,ssp370,2054,aerosol-total-with_bc-snow,-0.06306413237203412
recommendation,ssp370,2055,aerosol-total-with_bc-snow,-0.0632604698897653
recommendation,ssp370,2056,aerosol-total-with_bc-snow,-0.06330806832927749
recommendation,ssp370,2057,aerosol-total-with_bc-snow,-0.06326852194687616
recommendation,ssp370,2058,aerosol-total-with_bc-snow,-0.06315810170101221
recommendation,ssp370,2059,aerosol-total-with_bc-snow,-0.06296489545754225
recommendation,ssp370,2060,aerosol-total-with_bc-snow,-0.06274604484114754
recommendation,ssp370,2061,aerosol-total-with_bc-snow,-0.06249302648463728
recommendation,ssp370,2062,aerosol-total-with_bc-snow,-0.062146516974690647
recommendation,ssp370,2063,aerosol-total-with_bc-snow,-0.06173613136518952
recommendation,ssp370,2064,aerosol-total-with_bc-snow,-0.061268017295080246
recommendation,ssp370,2065,aerosol-total-with_bc-snow,-0.060764342384186265
recommendation,ssp370,2066,aerosol-total-with_bc-snow,-0.06021347046423686
recommendation,ssp370,2067,aerosol-total-with_bc-snow,-0.059647605991909436
recommendation,ssp370,2068,aerosol-total-with_bc-snow,-0.059059070921474
recommendation,ssp370,2069,aerosol-total-with_bc-snow,-0.058449617317225644
recommendation,ssp370,2070,aerosol-total-with_bc-snow,-0.05782242196904408
recommendation,ssp370,2071,aerosol-total-with_bc-snow,-0.05719240990239827
recommendation,ssp370,2072,aerosol-total-with_bc-snow,-0.0565169461050109
recommendation,ssp370,2073,aerosol-total-with_bc-snow,-0.055816263590695026
recommendation,ssp370,2074,aerosol-total-with_bc-snow,-0.05511376961942227
recommendation,ssp370,2075,aerosol-total-with_bc-snow,-0.0543868644332417
recommendation,ssp370,2076,aerosol-total-with_bc-snow,-0.05364176403211596
recommendation,ssp370,2077,aerosol-total-with_bc-snow,-0.052882666734271555
recommendation,ssp370,2078,aerosol-total-with_bc-snow,-0.052109397370605604
recommendation,ssp370,2079,aerosol-total-with_bc-snow,-0.0513258811197157
recommendation,ssp370,2080,aerosol-total-with_bc-snow,-0.05053150449287436
recommendation,ssp370,2081,aerosol-total-with_bc-snow,-0.04971290225640035
recommendation,ssp370,2082,aerosol-total-with_bc-snow,-0.04895102481075575
recommendation,ssp370,2083,aerosol-total-with_bc-snow,-0.048232131607122475
recommendation,ssp370,2084,aerosol-total-with_bc-snow,-0.04754659271615336
recommendation,ssp370,2085,aerosol-total-with_bc-snow,-0.04689155918585697
recommendation,ssp370,2086,aerosol-total-with_bc-snow,-0.04624406693636107
recommendation,ssp370,2087,aerosol-total-with_bc-snow,-0.04561679078656178
recommendation,ssp370,2088,aerosol-total-with_bc-snow,-0.045009479831628285
recommendation,ssp370,2089,aerosol-total-with_bc-snow,-0.0443963975094529
recommendation,ssp370,2090,aerosol-total-with_bc-snow,-0.043784122131485304
recommendation,ssp370,2091,aerosol-total-with_bc-snow,-0.04315924615772959
recommendation,ssp370,2092,aerosol-total-with_bc-snow,-0.042346177015290754
recommendation,ssp370,2093,aerosol-total-with_bc-snow,-0.041383124489686396
recommendation,ssp370,2094,aerosol-total-with_bc-snow,-0.04032748491442839
recommendation,ssp370,2095,aerosol-total-with_bc-snow,-0.0391714336064074
recommendation,ssp370,2096,aerosol-total-with_bc-snow,-0.03795497531381542
recommendation,ssp370,2097,aerosol-total-with_bc-snow,-0.03666950658563983
recommendation,ssp370,2098,aerosol-total-with_bc-snow,-0.03534131084799341
recommendation,ssp370,2099,aerosol-total-with_bc-snow,-0.033983475091169724
recommendation,ssp370,2100,aerosol-total-with_bc-snow,-0.032590073021183996
recommendation,ssp370-lowNTCF-aerchemmip,2019,aerosol-total-with_bc-snow,0.0
recommendation,ssp370-lowNTCF-aerchemmip,2020,aerosol-total-with_bc-snow,0.007178734496106731
recommendation,ssp370-lowNTCF-aerchemmip,2021,aerosol-total-with_bc-snow,0.005186626191115651
recommendation,ssp370-lowNTCF-aerchemmip,2022,aerosol-total-with_bc-snow,0.004724349327400845
recommendation,ssp370-lowNTCF-aerchemmip,2023,aerosol-total-with_bc-snow,0.005375793339572055
recommendation,ssp370-lowNTCF-aerchemmip,2024,aerosol-total-with_bc-snow,0.0069045502208539
recommendation,ssp370-lowNTCF-aerchemmip,2025,aerosol-total-with_bc-snow,0.009070429889239895
recommendation,ssp370-lowNTCF-aerchemmip,2026,aerosol-total-with_bc-snow,0.011690407219556942
recommendation,ssp370-lowNTCF-aerchemmip,2027,aerosol-total-with_bc-snow,0.01469610327225046
recommendation,ssp370-lowNTCF-aerchemmip,2028,aerosol-total-with_bc-snow,0.018019374966320334
recommendation,ssp370-lowNTCF-aerchemmip,2029,aerosol-total-with_bc-snow,0.02159222371880043
recommendation,ssp370-lowNTCF-aerchemmip,2030,aerosol-total-with_bc-snow,0.025341768833671452
recommendation,ssp370-lowNTCF-aerchemmip,2031,aerosol-total-with_bc-snow,0.02922214061834516
recommendation,ssp370-lowNTCF-aerchemmip,2032,aerosol-total-with_bc-snow,0.03348274675756713
recommendation,ssp370-lowNTCF-aerchemmip,2033,aerosol-total-with_bc-snow,0.03804128038359089
recommendation,ssp370-lowNTCF-aerchemmip,2034,aerosol-total-with_bc-snow,0.042813423830722175
recommendation,ssp370-lowNTCF-aerchemmip,2035,aerosol-total-with_bc-snow,0.047805698327524127
recommendation,ssp370-lowNTCF-aerchemmip,2036,aerosol-total-with_bc-snow,0.05297905062875918
recommendation,ssp370-lowNTCF-aerchemmip,2037,aerosol-total-with_bc-snow,0.058274190252493474
recommendation,ssp370-lowNTCF-aerchemmip,2038,aerosol-total-with_bc-snow,0.06368688911050902
recommendation,ssp370-lowNTCF-aerchemmip,2039,aerosol-total-with_bc-snow,0.069202362661973
recommendation,ssp370-lowNTCF-aerchemmip,2040,aerosol-total-with_bc-snow,0.07481574362379706
recommendation,ssp370-lowNTCF-aerchemmip,2041,aerosol-total-with_bc-snow,0.08051439336530808
recommendation,ssp370-lowNTCF-aerchemmip,2042,aerosol-total-with_bc-snow,0.08678814622236541
recommendation,ssp370-lowNTCF-aerchemmip,2043,aerosol-total-with_bc-snow,0.09355926913164575
recommendation,ssp370-lowNTCF-aerchemmip,2044,aerosol-total-with_bc-snow,0.10070647393126769
recommendation,ssp370-lowNTCF-aerchemmip,2045,aerosol-total-with_bc-snow,0.10815137152237014
recommendation,ssp370-lowNTCF-aerchemmip,2046,aerosol-total-with_bc-snow,0.11591534407877141
recommendation,ssp370-lowNTCF-aerchemmip,2047,aerosol-total-with_bc-snow,0.12392678195951834
recommendation,ssp370-lowNTCF-aerchemmip,2048,aerosol-total-with_bc-snow,0.1321379518737159
recommendation,ssp370-lowNTCF-aerchemmip,2049,aerosol-total-with_bc-snow,0.14049987262692015
recommendation,ssp370-lowNTCF-aerchemmip,2050,aerosol-total-with_bc-snow,0.14902318533715891
recommendation,ssp370-lowNTCF-aerchemmip,2051,aerosol-total-with_bc-snow,0.1577189852595433
recommendation,ssp370-lowNTCF-aerchemmip,2052,aerosol-total-with_bc-snow,0.16454289051092164
recommendation,ssp370-lowNTCF-aerchemmip,2053,aerosol-total-with_bc-snow,0.1699739927272409
recommendation,ssp370-lowNTCF-aerchemmip,2054,aerosol-total-with_bc-snow,0.17437565511965003
recommendation,ssp370-lowNTCF-aerchemmip,2055,aerosol-total-with_bc-snow,0.17799551440075845
recommendation,ssp370-lowNTCF-aerchemmip,2056,aerosol-total-with_bc-snow,0.1810459493873055
recommendation,ssp370-lowNTCF-aerchemmip,2057,aerosol-total-with_bc-snow,0.1836708405860662
recommendation,ssp370-lowNTCF-aerchemmip,2058,aerosol-total-with_bc-snow,0.1859764321710088
recommendation,ssp370-lowNTCF-aerchemmip,2059,aerosol-total-with_bc-snow,0.18803544797153082
recommendation,ssp370-lowNTCF-aerchemmip,2060,aerosol-total-with_bc-snow,0.18991426785024662
recommendation,ssp370-lowNTCF-aerchemmip,2061,aerosol-total-with_bc-snow,0.19168013510945892
recommendation,ssp370-lowNTCF-aerchemmip,2062,aerosol-total-with_bc-snow,0.19336456675172142
recommendation,ssp370-lowNTCF-aerchemmip,2063,aerosol-total-with_bc-snow,0.19500491176640833
recommendation,ssp370-lowNTCF-aerchemmip,2064,aerosol-total-with_bc-snow,0.19659770025977708
recommendation,ssp370-lowNTCF-aerchemmip,2065,aerosol-total-with_bc-snow,0.19815175213036007
recommendation,ssp370-lowNTCF-aerchemmip,2066,aerosol-total-with_bc-snow,0.19968479777152426
recommendation,ssp370-lowNTCF-aerchemmip,2067,aerosol-total-with_bc-snow,0.20121110648451512
recommendation,ssp370-lowNTCF-aerchemmip,2068,aerosol-total-with_bc-snow,0.20273024138391665
recommendation,ssp370-lowNTCF-aerchemmip,2069,aerosol-total-with_bc-snow,0.2042464515181287
recommendation,ssp370-lowNTCF-aerchemmip,2070,aerosol-total-with_bc-snow,0.20577654894036657
recommendation,ssp370-lowNTCF-aerchemmip,2071,aerosol-total-with_bc-snow,0.20730473840531105
recommendation,ssp370-lowNTCF-aerchemmip,2072,aerosol-total-with_bc-snow,0.20883598568398953
recommendation,ssp370-lowNTCF-aerchemmip,2073,aerosol-total-with_bc-snow,0.21036483469237238
recommendation,ssp370-lowNTCF-aerchemmip,2074,aerosol-total-with_bc-snow,0.21189638436043368
recommendation,ssp370-lowNTCF-aerchemmip,2075,aerosol-total-with_bc-snow,0.21345007301462982
recommendation,ssp370-lowNTCF-aerchemmip,2076,aerosol-total-with_bc-snow,0.21501298524780554
recommendation,ssp370-lowNTCF-aerchemmip,2077,aerosol-total-with_bc-snow,0.21657641928854293
recommendation,ssp370-lowNTCF-aerchemmip,2078,aerosol-total-with_bc-snow,0.21815793519933202
recommendation,ssp370-lowNTCF-aerchemmip,2079,aerosol-total-with_bc-snow,0.21974877284925676
recommendation,ssp370-lowNTCF-aerchemmip,2080,aerosol-total-with_bc-snow,0.2213556314811016
recommendation,ssp370-lowNTCF-aerchemmip,2081,aerosol-total-with_bc-snow,0.22297361266068916
recommendation,ssp370-lowNTCF-aerchemmip,2082,aerosol-total-with_bc-snow,0.22455813616345754
recommendation,ssp370-lowNTCF-aerchemmip,2083,aerosol-total-with_bc-snow,0.22611199971836904
recommendation,ssp370-lowNTCF-aerchemmip,2084,aerosol-total-with_bc-snow,0.2276481492385652
recommendation,ssp370-lowNTCF-aerchemmip,2085,aerosol-total-with_bc-snow,0.22916458104456128
recommendation,ssp370-lowNTCF-aerchemmip,2086,aerosol-total-with_bc-snow,0.2306842711753988
recommendation,ssp370-lowNTCF-aerchemmip,2087,aerosol-total-with_bc-snow,0.23220260040979823
recommendation,ssp370-lowNTCF-aerchemmip,2088,aerosol-total-with_bc-snow,0.23370989652474833
recommendation,ssp370-lowNTCF-aerchemmip,2089,aerosol-total-with_bc-snow,0.235226360534605
recommendation,ssp370-lowNTCF-aerchemmip,2090,aerosol-total-with_bc-snow,0.236729282820212
recommendation,ssp370-lowNTCF-aerchemmip,2091,aerosol-total-with_bc-snow,0.23824693282059617
recommendation,ssp370-lowNTCF-aerchemmip,2092,aerosol-total-with_bc-snow,0.2397742664797755
recommendation,ssp370-lowNTCF-aerchemmip,2093,aerosol-total-with_bc-snow,0.2413117952894261
recommendation,ssp370-lowNTCF-aerchemmip,2094,aerosol-total-with_bc-snow,0.24284912985883078
recommendation,ssp370-lowNTCF-aerchemmip,2095,aerosol-total-with_bc-snow,0.24439944350805265
recommendation,ssp370-lowNTCF-aerchemmip,2096,aerosol-total-with_bc-snow,0.24596077006714467
recommendation,ssp370-lowNTCF-aerchemmip,2097,aerosol-total-with_bc-snow,0.247533757582158
recommendation,ssp370-lowNTCF-aerchemmip,2098,aerosol-total-with_bc-snow,0.24911611060284122
recommendation,ssp370-lowNTCF-aerchemmip,2099,aerosol-total-with_bc-snow,0.25070477790707124
recommendation,ssp370-lowNTCF-aerchemmip,2100,aerosol-total-with_bc-snow,0.25230296277019526
recommendation,ssp126,2019,aerosol-total-with_bc-snow,0.0
recommendation,ssp126,2020,aerosol-total-with_bc-snow,0.007178734496106731
recommendation,ssp126,2021,aerosol-total-with_bc-snow,0.017639684778055664
recommendation,ssp126,2022,aerosol-total-with_bc-snow,0.028246841628816965
recommendation,ssp126,2023,aerosol-total-with_bc-snow,0.039009561377680635
recommendation,ssp126,2024,aerosol-total-with_bc-snow,0.04992744380760106
recommendation,ssp126,2025,aerosol-total-with_bc-snow,0.06099027334878471
recommendation,ssp126,2026,aerosol-total-with_bc-snow,0.07224313548220207
recommendation,ssp126,2027,aerosol-total-with_bc-snow,0.08369456076997583
recommendation,ssp126,2028,aerosol-total-with_bc-snow,0.09538863524643826
recommendation,ssp126,2029,aerosol-total-with_bc-snow,0.10731979716917395
recommendation,ssp126,2030,aerosol-total-with_bc-snow,0.11947697228243603
recommendation,ssp126,2031,aerosol-total-with_bc-snow,0.13189637036108393
recommendation,ssp126,2032,aerosol-total-with_bc-snow,0.14294722733630005
recommendation,ssp126,2033,aerosol-total-with_bc-snow,0.15296141182197226
recommendation,ssp126,2034,aerosol-total-with_bc-snow,0.16222570238573358
recommendation,ssp126,2035,aerosol-total-with_bc-snow,0.17095584060466557
recommendation,ssp126,2036,aerosol-total-with_bc-snow,0.1793112263086729
recommendation,ssp126,2037,aerosol-total-with_bc-snow,0.18738595797605534
recommendation,ssp126,2038,aerosol-total-with_bc-snow,0.195278593415955
recommendation,ssp126,2039,aerosol-total-with_bc-snow,0.20305323553060067
recommendation,ssp126,2040,aerosol-total-with_bc-snow,0.21074298203867753
recommendation,ssp126,2041,aerosol-total-with_bc-snow,0.21837429634250693
recommendation,ssp126,2042,aerosol-total-with_bc-snow,0.22511595973596088
recommendation,ssp126,2043,aerosol-total-with_bc-snow,0.2312016266739505
recommendation,ssp126,2044,aerosol-total-with_bc-snow,0.23678809227165548
recommendation,ssp126,2045,aerosol-total-with_bc-snow,0.24201797117748047
recommendation,ssp126,2046,aerosol-total-with_bc-snow,0.24700157703955056
recommendation,ssp126,2047,aerosol-total-with_bc-snow,0.2518040636546231
recommendation,ssp126,2048,aerosol-total-with_bc-snow,0.25648339069435017
recommendation,ssp126,2049,aerosol-total-with_bc-snow,0.2610753534706858
recommendation,ssp126,2050,aerosol-total-with_bc-snow,0.2656120436586018
recommendation,ssp126,2051,aerosol-total-with_bc-snow,0.2701159797123243
recommendation,ssp126,2052,aerosol-total-with_bc-snow,0.27425737017048735
recommendation,ssp126,2053,aerosol-total-with_bc-snow,0.2781329884648296
recommendation,ssp126,2054,aerosol-total-with_bc-snow,0.2818098084024915
recommendation,ssp126,2055,aerosol-total-with_bc-snow,0.2853509249634162
recommendation,ssp126,2056,aerosol-total-with_bc-snow,0.28879607188491196
recommendation,ssp126,2057,aerosol-total-with_bc-snow,0.292168535803345
recommendation,ssp126,2058,aerosol-total-with_bc-snow,0.29548584711623505
recommendation,ssp126,2059,aerosol-total-with_bc-snow,0.2987815637408942
recommendation,ssp126,2060,aerosol-total-with_bc-snow,0.3020657242493291
recommendation,ssp126,2061,aerosol-total-with_bc-snow,0.3053445951765643
recommendation,ssp126,2062,aerosol-total-with_bc-snow,0.308326738648581
recommendation,ssp126,2063,aerosol-total-with_bc-snow,0.31108819016301387
recommendation,ssp126,2064,aerosol-total-with_bc-snow,0.31368774419116385
recommendation,ssp126,2065,aerosol-total-with_bc-snow,0.3161682107540006
recommendation,ssp126,2066,aerosol-total-with_bc-snow,0.3185611522548054
recommendation,ssp126,2067,aerosol-total-with_bc-snow,0.32089381533345746
recommendation,ssp126,2068,aerosol-total-with_bc-snow,0.3231790212508126
recommendation,ssp126,2069,aerosol-total-with_bc-snow,0.3254364638569419
recommendation,ssp126,2070,aerosol-total-with_bc-snow,0.3276741581379443
recommendation,ssp126,2071,aerosol-total-with_bc-snow,0.32989610364009214
recommendation,ssp126,2072,aerosol-total-with_bc-snow,0.3321535452770321
recommendation,ssp126,2073,aerosol-total-with_bc-snow,0.3344516111549246
recommendation,ssp126,2074,aerosol-total-with_bc-snow,0.33677947118469914
recommendation,ssp126,2075,aerosol-total-with_bc-snow,0.3391239865761759
recommendation,ssp126,2076,aerosol-total-with_bc-snow,0.34149128962412234
recommendation,ssp126,2077,aerosol-total-with_bc-snow,0.34388060277316823
recommendation,ssp126,2078,aerosol-total-with_bc-snow,0.3462838324657666
recommendation,ssp126,2079,aerosol-total-with_bc-snow,0.34870733482221916
recommendation,ssp126,2080,aerosol-total-with_bc-snow,0.35115485085431697
recommendation,ssp126,2081,aerosol-total-with_bc-snow,0.3536099768795421
recommendation,ssp126,2082,aerosol-total-with_bc-snow,0.3559723116270885
recommendation,ssp126,2083,aerosol-total-with_bc-snow,0.35826456747712715
recommendation,ssp126,2084,aerosol-total-with_bc-snow,0.36050721144733183
recommendation,ssp126,2085,aerosol-total-with_bc-snow,0.3627154592455902
recommendation,ssp126,2086,aerosol-total-with_bc-snow,0.364900206996413
recommendation,ssp126,2087,aerosol-total-with_bc-snow,0.36706486303204827
recommendation,ssp126,2088,aerosol-total-with_bc-snow,0.3692152992237482
recommendation,ssp126,2089,aerosol-total-with_bc-snow,0.3713582741619547
recommendation,ssp126,2090,aerosol-total-with_bc-snow,0.373493545707675
recommendation,ssp126,2091,aerosol-total-with_bc-snow,0.3756122835172362
recommendation,ssp126,2092,aerosol-total-with_bc-snow,0.37792642515847985
recommendation,ssp126,2093,aerosol-total-with_bc-snow,0.3803555332187019
recommendation,ssp126,2094,aerosol-total-with_bc-snow,0.38286086081825554
recommendation,ssp126,2095,aerosol-total-with_bc-snow,0.3854054335233845
recommendation,ssp126,2096,aerosol-total-with_bc-snow,0.3879668083236123
recommendation,ssp126,2097,aerosol-total-with_bc-snow,0.3905464204810415
recommendation,ssp126,2098,aerosol-total-with_bc-snow,0.39311726701123867
recommendation,ssp126,2099,aerosol-total-with_bc-snow,0.39567056293590963
recommendation,ssp126,2100,aerosol-total-with_bc-snow,0.39819466617017046
recommendation,ssp245,2019,aerosol-total-with_bc-snow,0.0
recommendation,ssp245,2020,aerosol-total-with_bc-snow,0.007178734496106731
recommendation,ssp245,2021,aerosol-total-with_bc-snow,0.014826981881680856
recommendation,ssp245,2022,aerosol-total-with_bc-snow,0.020202809362049434
recommendation,ssp245,2023,aerosol-total-with_bc-snow,0.02388251443881717
recommendation,ssp245,2024,aerosol-total-with_bc-snow,0.02629655037472778
recommendation,ssp245,2025,aerosol-total-with_bc-snow,0.027767569859966867
recommendation,ssp245,2026,aerosol-total-with_bc-snow,0.028542658273321697
recommendation,ssp245,2027,aerosol-total-with_bc-snow,0.02879968101256758
recommendation,ssp245,2028,aerosol-total-with_bc-snow,0.02862929662070257
recommendation,ssp245,2029,aerosol-total-with_bc-snow,0.02816098978163073
recommendation,ssp245,2030,aerosol-total-with_bc-snow,0.02749570661109446
recommendation,ssp245,2031,aerosol-total-with_bc-snow,0.026675702249771782
recommendation,ssp245,2032,aerosol-total-with_bc-snow,0.02710451812395631
recommendation,ssp245,2033,aerosol-total-with_bc-snow,0.028448203408737993
recommendation,ssp245,2034,aerosol-total-with_bc-snow,0.030491192348118146
recommendation,ssp245,2035,aerosol-total-with_bc-snow,0.03305373621446184
recommendation,ssp245,2036,aerosol-total-with_bc-snow,0.03603936489792614
recommendation,ssp245,2037,aerosol-total-with_bc-snow,0.03937076006945983
recommendation,ssp245,2038,aerosol-total-with_bc-snow,0.042924090945129945
recommendation,ssp245,2039,aerosol-total-with_bc-snow,0.04666244143444043
recommendation,ssp245,2040,aerosol-total-with_bc-snow,0.050570759248042885
recommendation,ssp245,2041,aerosol-total-with_bc-snow,0.05458427005900868
recommendation,ssp245,2042,aerosol-total-with_bc-snow,0.05888680963576276
recommendation,ssp245,2043,aerosol-total-with_bc-snow,0.06341748050691909
recommendation,ssp245,2044,aerosol-total-with_bc-snow,0.0681480185502018
recommendation,ssp245,2045,aerosol-total-with_bc-snow,0.07303118994071678
recommendation,ssp245,2046,aerosol-total-with_bc-snow,0.07803252811582273
recommendation,ssp245,2047,aerosol-total-with_bc-snow,0.08313183047222739
recommendation,ssp245,2048,aerosol-total-with_bc-snow,0.08833539562677484
recommendation,ssp245,2049,aerosol-total-with_bc-snow,0.09362024313340267
recommendation,ssp245,2050,aerosol-total-with_bc-snow,0.09899994504012044
recommendation,ssp245,2051,aerosol-total-with_bc-snow,0.10445752970259137
recommendation,ssp245,2052,aerosol-total-with_bc-snow,0.10941393719059395
recommendation,ssp245,2053,aerosol-total-with_bc-snow,0.11402769834357163
recommendation,ssp245,2054,aerosol-total-with_bc-snow,0.11836191136725083
recommendation,ssp245,2055,aerosol-total-with_bc-snow,0.12250544946686126
recommendation,ssp245,2056,aerosol-total-with_bc-snow,0.12652551937702738
recommendation,ssp245,2057,aerosol-total-with_bc-snow,0.13045849065266246
recommendation,ssp245,2058,aerosol-total-with_bc-snow,0.13434307843751564
recommendation,ssp245,2059,aerosol-total-with_bc-snow,0.1381742725564729
recommendation,ssp245,2060,aerosol-total-with_bc-snow,0.14199272150131292
recommendation,ssp245,2061,aerosol-total-with_bc-snow,0.14581699285569227
recommendation,ssp245,2062,aerosol-total-with_bc-snow,0.1493036500142264
recommendation,ssp245,2063,aerosol-total-with_bc-snow,0.15254370366293962
recommendation,ssp245,2064,aerosol-total-with_bc-snow,0.15560188473485415
recommendation,ssp245,2065,aerosol-total-with_bc-snow,0.15854680689385414
recommendation,ssp245,2066,aerosol-total-with_bc-snow,0.1614163933600975
recommendation,ssp245,2067,aerosol-total-with_bc-snow,0.16423280653376338
recommendation,ssp245,2068,aerosol-total-with_bc-snow,0.16702877441380304
recommendation,ssp245,2069,aerosol-total-with_bc-snow,0.1697978170278357
recommendation,ssp245,2070,aerosol-total-with_bc-snow,0.17256288151646948
recommendation,ssp245,2071,aerosol-total-with_bc-snow,0.17535721290152528
recommendation,ssp245,2072,aerosol-total-with_bc-snow,0.17810635321997004
recommendation,ssp245,2073,aerosol-total-with_bc-snow,0.18083451495015868
recommendation,ssp245,2074,aerosol-total-with_bc-snow,0.18355884915030696
recommendation,ssp245,2075,aerosol-total-with_bc-snow,0.18625683491766887
recommendation,ssp245,2076,aerosol-total-with_bc-snow,0.1889853909891741
recommendation,ssp245,2077,aerosol-total-with_bc-snow,0.19173703156117072
recommendation,ssp245,2078,aerosol-total-with_bc-snow,0.19451700792582494
recommendation,ssp245,2079,aerosol-total-with_bc-snow,0.1973168493128401
recommendation,ssp245,2080,aerosol-total-with_bc-snow,0.20015529808965504
recommendation,ssp245,2081,aerosol-total-with_bc-snow,0.2030378876442004
recommendation,ssp245,2082,aerosol-total-with_bc-snow,0.2060933845033559
recommendation,ssp245,2083,aerosol-total-with_bc-snow,0.2092663167022269
recommendation,ssp245,2084,aerosol-total-with_bc-snow,0.2125335370975533
recommendation,ssp245,2085,aerosol-total-with_bc-snow,0.21590014969831417
recommendation,ssp245,2086,aerosol-total-with_bc-snow,0.21934917913431173
recommendation,ssp245,2087,aerosol-total-with_bc-snow,0.22287201365706255
recommendation,ssp245,2088,aerosol-total-with_bc-snow,0.22645794750003045
recommendation,ssp245,2089,aerosol-total-with_bc-snow,0.2300794960122432
recommendation,ssp245,2090,aerosol-total-with_bc-snow,0.2337587373642645
recommendation,ssp245,2091,aerosol-total-with_bc-snow,0.23746789657836725
recommendation,ssp245,2092,aerosol-total-with_bc-snow,0.24067808060847906
recommendation,ssp245,2093,aerosol-total-with_bc-snow,0.24352243969913334
recommendation,ssp245,2094,aerosol-total-with_bc-snow,0.2460943357266226
recommendation,ssp245,2095,aerosol-total-with_bc-snow,0.24846863500012817
recommendation,ssp245,2096,aerosol-total-with_bc-snow,0.2506993379294925
recommendation,ssp245,2097,aerosol-total-with_bc-snow,0.25282220902279195
recommendation,ssp245,2098,aerosol-total-with_bc-snow,0.25487071967725905
recommendation,ssp245,2099,aerosol-total-with_bc-snow,0.2568540520402577
recommendation,ssp245,2100,aerosol-total-with_bc-snow,0.2587946342749746
recommendation,ssp434,2019,aerosol-total-with_bc-snow,0.0
recommendation,ssp434,2020,aerosol-total-with_bc-snow,0.007178734496106731
recommendation,ssp434,2021,aerosol-total-with_bc-snow,0.00791245059561363
recommendation,ssp434,2022,aerosol-total-with_bc-snow,0.009288107110338784
recommendation,ssp434,2023,aerosol-total-with_bc-snow,0.011183567291203955
recommendation,ssp434,2024,aerosol-total-with_bc-snow,0.013481778318305992
recommendation,ssp434,2025,aerosol-total-with_bc-snow,0.01604864841512621
recommendation,ssp434,2026,aerosol-total-with_bc-snow,0.018862534515116214
recommendation,ssp434,2027,aerosol-total-with_bc-snow,0.021837456676273126
recommendation,ssp434,2028,aerosol-total-with_bc-snow,0.024952515699389832
recommendation,ssp434,2029,aerosol-total-with_bc-snow,0.02821530203291689
recommendation,ssp434,2030,aerosol-total-with_bc-snow,0.03159427519367375
recommendation,ssp434,2031,aerosol-total-with_bc-snow,0.03504251084675736
recommendation,ssp434,2032,aerosol-total-with_bc-snow,0.038586556430901475
recommendation,ssp434,2033,aerosol-total-with_bc-snow,0.04221517148684095
recommendation,ssp434,2034,aerosol-total-with_bc-snow,0.045886867261737296
recommendation,ssp434,2035,aerosol-total-with_bc-snow,0.049637966854919724
recommendation,ssp434,2036,aerosol-total-with_bc-snow,0.05347086200323814
recommendation,ssp434,2037,aerosol-total-with_bc-snow,0.05733838178752482
recommendation,ssp434,2038,aerosol-total-with_bc-snow,0.06123709095926744
recommendation,ssp434,2039,aerosol-total-with_bc-snow,0.06518305125612855
recommendation,ssp434,2040,aerosol-total-with_bc-snow,0.06917106643974202
recommendation,ssp434,2041,aerosol-total-with_bc-snow,0.07322601158796682
recommendation,ssp434,2042,aerosol-total-with_bc-snow,0.07750298776485709
recommendation,ssp434,2043,aerosol-total-with_bc-snow,0.08190221585053015
recommendation,ssp434,2044,aerosol-total-with_bc-snow,0.08638755539324089
recommendation,ssp434,2045,aerosol-total-with_bc-snow,0.0909722516532574
recommendation,ssp434,2046,aerosol-total-with_bc-snow,0.09564203703654978
recommendation,ssp434,2047,aerosol-total-with_bc-snow,0.10037035006376016
recommendation,ssp434,2048,aerosol-total-with_bc-snow,0.1052165389232429
recommendation,ssp434,2049,aerosol-total-with_bc-snow,0.11013877286457435
recommendation,ssp434,2050,aerosol-total-with_bc-snow,0.11512821177365384
recommendation,ssp434,2051,aerosol-total-with_bc-snow,0.12022684697857944
recommendation,ssp434,2052,aerosol-total-with_bc-snow,0.12469479564174646
recommendation,ssp434,2053,aerosol-total-with_bc-snow,0.12871620186391441
recommendation,ssp434,2054,aerosol-total-with_bc-snow,0.13238078727784403
recommendation,ssp434,2055,aerosol-total-with_bc-snow,0.1358001327645718
recommendation,ssp434,2056,aerosol-total-with_bc-snow,0.13906267023651758
recommendation,ssp434,2057,aerosol-total-with_bc-snow,0.14220873835917647
recommendation,ssp434,2058,aerosol-total-with_bc-snow,0.14526303017342335
recommendation,ssp434,2059,aerosol-total-with_bc-snow,0.14825348132292426
recommendation,ssp434,2060,aerosol-total-with_bc-snow,0.15121055794099414
recommendation,ssp434,2061,aerosol-total-with_bc-snow,0.1541632666442343
recommendation,ssp434,2062,aerosol-total-with_bc-snow,0.15647494973349063
recommendation,ssp434,2063,aerosol-total-with_bc-snow,0.15831662335355695
recommendation,ssp434,2064,aerosol-total-with_bc-snow,0.159823501223897
recommendation,ssp434,2065,aerosol-total-with_bc-snow,0.1610698300140705
recommendation,ssp434,2066,aerosol-total-with_bc-snow,0.1621414008838482
recommendation,ssp434,2067,aerosol-total-with_bc-snow,0.16305917199736564
recommendation,ssp434,2068,aerosol-total-with_bc-snow,0.16387034790854382
recommendation,ssp434,2069,aerosol-total-with_bc-snow,0.16462373045789042
recommendation,ssp434,2070,aerosol-total-with_bc-snow,0.16531484010695024
recommendation,ssp434,2071,aerosol-total-with_bc-snow,0.16596439789619738
recommendation,ssp434,2072,aerosol-total-with_bc-snow,0.166689136384929
recommendation,ssp434,2073,aerosol-total-with_bc-snow,0.1674740895310281
recommendation,ssp434,2074,aerosol-total-with_bc-snow,0.1682994128482096
recommendation,ssp434,2075,aerosol-total-with_bc-snow,0.16916067849382121
recommendation,ssp434,2076,aerosol-total-with_bc-snow,0.17005165846227654
recommendation,ssp434,2077,aerosol-total-with_bc-snow,0.17096322472778014
recommendation,ssp434,2078,aerosol-total-with_bc-snow,0.1718978959679116
recommendation,ssp434,2079,aerosol-total-with_bc-snow,0.1728541414383401
recommendation,ssp434,2080,aerosol-total-with_bc-snow,0.17381607255205933
recommendation,ssp434,2081,aerosol-total-with_bc-snow,0.1747914434740675
recommendation,ssp434,2082,aerosol-total-with_bc-snow,0.1763661515588793
recommendation,ssp434,2083,aerosol-total-with_bc-snow,0.17840409968200988
recommendation,ssp434,2084,aerosol-total-with_bc-snow,0.1807935403780393
recommendation,ssp434,2085,aerosol-total-with_bc-snow,0.18345137822389757
recommendation,ssp434,2086,aerosol-total-with_bc-snow,0.1863047223811909
recommendation,ssp434,2087,aerosol-total-with_bc-snow,0.18933403254543824
recommendation,ssp434,2088,aerosol-total-with_bc-snow,0.1925285350480223
recommendation,ssp434,2089,aerosol-total-with_bc-snow,0.19582158226920282
recommendation,ssp434,2090,aerosol-total-with_bc-snow,0.1992107042540754
recommendation,ssp434,2091,aerosol-total-with_bc-snow,0.20268784030446624
recommendation,ssp434,2092,aerosol-total-with_bc-snow,0.20604310926509517
recommendation,ssp434,2093,aerosol-total-with_bc-snow,0.20929326789143066
recommendation,ssp434,2094,aerosol-total-with_bc-snow,0.2124871901982317
recommendation,ssp434,2095,aerosol-total-with_bc-snow,0.21564808417524028
recommendation,ssp434,2096,aerosol-total-with_bc-snow,0.21879712513405802
recommendation,ssp434,2097,aerosol-total-with_bc-snow,0.22193572288732016
recommendation,ssp434,2098,aerosol-total-with_bc-snow,0.22507677056786868
recommendation,ssp434,2099,aerosol-total-with_bc-snow,0.22824423288221796
recommendation,ssp434,2100,aerosol-total-with_bc-snow,0.23143421715690327
recommendation,ssp370-lowNTCF-gidden,2019,aerosol-total-with_bc-snow,0.0
recommendation,ssp370-lowNTCF-gidden,2020,aerosol-total-with_bc-snow,0.007178734496106731
recommendation,ssp370-lowNTCF-gidden,2021,aerosol-total-with_bc-snow,0.005186626191115651
recommendation,ssp370-lowNTCF-gidden,2022,aerosol-total-with_bc-snow,0.004724349327400845
recommendation,ssp370-lowNTCF-gidden,2023,aerosol-total-with_bc-snow,0.005375793339572055
recommendation,ssp370-lowNTCF-gidden,2024,aerosol-total-with_bc-snow,0.0069045502208539
recommendation,ssp370-lowNTCF-gidden,2025,aerosol-total-with_bc-snow,0.009070429889239895
recommendation,ssp370-lowNTCF-gidden,2026,aerosol-total-with_bc-snow,0.011690407219556942
recommendation,ssp370-lowNTCF-gidden,2027,aerosol-total-with_bc-snow,0.01469610327225046
recommendation,ssp370-lowNTCF-gidden,2028,aerosol-total-with_bc-snow,0.018019374966320334
recommendation,ssp370-lowNTCF-gidden,2029,aerosol-total-with_bc-snow,0.02159222371880043
recommendation,ssp370-lowNTCF-gidden,2030,aerosol-total-with_bc-snow,0.025341768833671452
recommendation,ssp370-lowNTCF-gidden,2031,aerosol-total-with_bc-snow,0.02922214061834516
recommendation,ssp370-lowNTCF-gidden,2032,aerosol-total-with_bc-snow,0.03348274675756713
recommendation,ssp370-lowNTCF-gidden,2033,aerosol-total-with_bc-snow,0.03804128038359089
recommendation,ssp370-lowNTCF-gidden,2034,aerosol-total-with_bc-snow,0.042813423830722175
recommendation,ssp370-lowNTCF-gidden,2035,aerosol-total-with_bc-snow,0.047805698327524127
recommendation,ssp370-lowNTCF-gidden,2036,aerosol-total-with_bc-snow,0.05297905062875918
recommendation,ssp370-lowNTCF-gidden,2037,aerosol-total-with_bc-snow,0.058274190252493474
recommendation,ssp370-lowNTCF-gidden,2038,aerosol-total-with_bc-snow,0.06368688911050902
recommendation,ssp370-lowNTCF-gidden,2039,aerosol-total-with_bc-snow,0.069202362661973
recommendation,ssp370-lowNTCF-gidden,2040,aerosol-total-with_bc-snow,0.07481574362379706
recommendation,ssp370-lowNTCF-gidden,2041,aerosol-total-with_bc-snow,0.08051439336530808
recommendation,ssp370-lowNTCF-gidden,2042,aerosol-total-with_bc-snow,0.08678814622236541
recommendation,ssp370-lowNTCF-gidden,2043,aerosol-total-with_bc-snow,0.09355926913164575
recommendation,ssp370-lowNTCF-gidden,2044,aerosol-total-with_bc-snow,0.10070647393126769
recommendation,ssp370-lowNTCF-gidden,2045,aerosol-total-with_bc-snow,0.10815137152237014
recommendation,ssp370-lowNTCF-gidden,2046,aerosol-total-with_bc-snow,0.11591534407877141
recommendation,ssp370-lowNTCF-gidden,2047,aerosol-total-with_bc-snow,0.12392678195951834
recommendation,ssp370-lowNTCF-gidden,2048,aerosol-total-with_bc-snow,0.1321379518737159
recommendation,ssp370-lowNTCF-gidden,2049,aerosol-total-with_bc-snow,0.14049987262692015
recommendation,ssp370-lowNTCF-gidden,2050,aerosol-total-with_bc-snow,0.14902318533715891
recommendation,ssp370-lowNTCF-gidden,2051,aerosol-total-with_bc-snow,0.1577189852595433
recommendation,ssp370-lowNTCF-gidden,2052,aerosol-total-with_bc-snow,0.16454289051092164
recommendation,ssp370-lowNTCF-gidden,2053,aerosol-total-with_bc-snow,0.1699739927272409
recommendation,ssp370-lowNTCF-gidden,2054,aerosol-total-with_bc-snow,0.17437565511965003
recommendation,ssp370-lowNTCF-gidden,2055,aerosol-total-with_bc-snow,0.17799551440075845
recommendation,ssp370-lowNTCF-gidden,2056,aerosol-total-with_bc-snow,0.1810459493873055
recommendation,ssp370-lowNTCF-gidden,2057,aerosol-total-with_bc-snow,0.1836708405860662
recommendation,ssp370-lowNTCF-gidden,2058,aerosol-total-with_bc-snow,0.1859764321710088
recommendation,ssp370-lowNTCF-gidden,2059,aerosol-total-with_bc-snow,0.18803544797153082
recommendation,ssp370-lowNTCF-gidden,2060,aerosol-total-with_bc-snow,0.18991426785024662
recommendation,ssp370-lowNTCF-gidden,2061,aerosol-total-with_bc-snow,0.19168013510945892
recommendation,ssp370-lowNTCF-gidden,2062,aerosol-total-with_bc-snow,0.19336456675172142
recommendation,ssp370-lowNTCF-gidden,2063,aerosol-total-with_bc-snow,0.19500491176640833
recommendation,ssp370-lowNTCF-gidden,2064,aerosol-total-with_bc-snow,0.19659770025977708
recommendation,ssp370-lowNTCF-gidden,2065,aerosol-total-with_bc-snow,0.19815175213036007
recommendation,ssp370-lowNTCF-gidden,2066,aerosol-total-with_bc-snow,0.19968479777152426
recommendation,ssp370-lowNTCF-gidden,2067,aerosol-total-with_bc-snow,0.20121110648451512
recommendation,ssp370-lowNTCF-gidden,2068,aerosol-total-with_bc-snow,0.20273024138391665
recommendation,ssp370-lowNTCF-gidden,2069,aerosol-total-with_bc-snow,0.2042464515181287
recommendation,ssp370-lowNTCF-gidden,2070,aerosol-total-with_bc-snow,0.20577654894036657
recommendation,ssp370-lowNTCF-gidden,2071,aerosol-total-with_bc-snow,0.20730473840531105
recommendation,ssp370-lowNTCF-gidden,2072,aerosol-total-with_bc-snow,0.20883598568398953
recommendation,ssp370-lowNTCF-gidden,2073,aerosol-total-with_bc-snow,0.21036483469237238
recommendation,ssp370-lowNTCF-gidden,2074,aerosol-total-with_bc-snow,0.21189638436043368
recommendation,ssp370-lowNTCF-gidden,2075,aerosol-total-with_bc-snow,0.21345007301462982
recommendation,ssp370-lowNTCF-gidden,2076,aerosol-total-with_bc-snow,0.21501298524780554
recommendation,ssp370-lowNTCF-gidden,2077,aerosol-total-with_bc-snow,0.21657641928854293
recommendation,ssp370-lowNTCF-gidden,2078,aerosol-total-with_bc-snow,0.21815793519933202
recommendation,ssp370-lowNTCF-gidden,2079,aerosol-total-with_bc-snow,0.21974877284925676
recommendation,ssp370-lowNTCF-gidden,2080,aerosol-total-with_bc-snow,0.2213556314811016
recommendation,ssp370-lowNTCF-gidden,2081,aerosol-total-with_bc-snow,0.22297361266068916
recommendation,ssp370-lowNTCF-gidden,2082,aerosol-total-with_bc-snow,0.22455813616345754
recommendation,ssp370-lowNTCF-gidden,2083,aerosol-total-with_bc-snow,0.22611199971836904
recommendation,ssp370-lowNTCF-gidden,2084,aerosol-total-with_bc-snow,0.2276481492385652
recommendation,ssp370-lowNTCF-gidden,2085,aerosol-total-with_bc-snow,0.22916458104456128
recommendation,ssp370-lowNTCF-gidden,2086,aerosol-total-with_bc-snow,0.2306842711753988
recommendation,ssp370-lowNTCF-gidden,2087,aerosol-total-with_bc-snow,0.23220260040979823
recommendation,ssp370-lowNTCF-gidden,2088,aerosol-total-with_bc-snow,0.23370989652474833
recommendation,ssp370-lowNTCF-gidden,2089,aerosol-total-with_bc-snow,0.235226360534605
recommendation,ssp370-lowNTCF-gidden,2090,aerosol-total-with_bc-snow,0.236729282820212
recommendation,ssp370-lowNTCF-gidden,2091,aerosol-total-with_bc-snow,0.23824693282059617
recommendation,ssp370-lowNTCF-gidden,2092,aerosol-total-with_bc-snow,0.2397742664797755
recommendation,ssp370-lowNTCF-gidden,2093,aerosol-total-with_bc-snow,0.2413117952894261
recommendation,ssp370-lowNTCF-gidden,2094,aerosol-total-with_bc-snow,0.24284912985883078
recommendation,ssp370-lowNTCF-gidden,2095,aerosol-total-with_bc-snow,0.24439944350805265
recommendation,ssp370-lowNTCF-gidden,2096,aerosol-total-with_bc-snow,0.24596077006714467
recommendation,ssp370-lowNTCF-gidden,2097,aerosol-total-with_bc-snow,0.247533757582158
recommendation,ssp370-lowNTCF-gidden,2098,aerosol-total-with_bc-snow,0.24911611060284122
recommendation,ssp370-lowNTCF-gidden,2099,aerosol-total-with_bc-snow,0.25070477790707124
recommendation,ssp370-lowNTCF-gidden,2100,aerosol-total-with_bc-snow,0.25230296277019526
