percentile,scenario,year,variable,Delta T
recommendation,ssp534-over,2019,o3,0.0
recommendation,ssp534-over,2020,o3,0.0013421912555279247
recommendation,ssp534-over,2021,o3,0.0026004373271268366
recommendation,ssp534-over,2022,o3,0.0038094690493447603
recommendation,ssp534-over,2023,o3,0.005025502655613301
recommendation,ssp534-over,2024,o3,0.006283897845100306
recommendation,ssp534-over,2025,o3,0.007610273995537209
recommendation,ssp534-over,2026,o3,0.009027690210782147
recommendation,ssp534-over,2027,o3,0.010547091794518959
recommendation,ssp534-over,2028,o3,0.012169682428130046
recommendation,ssp534-over,2029,o3,0.013880479197335593
recommendation,ssp534-over,2030,o3,0.015671948653700363
recommendation,ssp534-over,2031,o3,0.017765436417652325
recommendation,ssp534-over,2032,o3,0.020111064311295168
recommendation,ssp534-over,2033,o3,0.02267320687672658
recommendation,ssp534-over,2034,o3,0.025411855402373895
recommendation,ssp534-over,2035,o3,0.028288104684182636
recommendation,ssp534-over,2036,o3,0.03130050590807615
recommendation,ssp534-over,2037,o3,0.0344342177449381
recommendation,ssp534-over,2038,o3,0.03770057331631971
recommendation,ssp534-over,2039,o3,0.041088130446010396
recommendation,ssp534-over,2040,o3,0.04460117058347318
recommendation,ssp534-over,2041,o3,0.04735179077514218
recommendation,ssp534-over,2042,o3,0.04936675554989395
recommendation,ssp534-over,2043,o3,0.050497564728239075
recommendation,ssp534-over,2044,o3,0.05066238630421366
recommendation,ssp534-over,2045,o3,0.049822537328066574
recommendation,ssp534-over,2046,o3,0.04795869623753257
recommendation,ssp534-over,2047,o3,0.045092602155599015
recommendation,ssp534-over,2048,o3,0.041258059117735835
recommendation,ssp534-over,2049,o3,0.0365164028621201
recommendation,ssp534-over,2050,o3,0.030940781052550048
recommendation,ssp534-over,2051,o3,0.024920170683272957
recommendation,ssp534-over,2052,o3,0.01852409277955913
recommendation,ssp534-over,2053,o3,0.011899165746970086
recommendation,ssp534-over,2054,o3,0.005146633188863048
recommendation,ssp534-over,2055,o3,-0.0016728843956941852
recommendation,ssp534-over,2056,o3,-0.008525275907235175
recommendation,ssp534-over,2057,o3,-0.015384252196639525
recommendation,ssp534-over,2058,o3,-0.02220994679984628
recommendation,ssp534-over,2059,o3,-0.02897881457199622
recommendation,ssp534-over,2060,o3,-0.03567451535259927
recommendation,ssp534-over,2061,o3,-0.04221057146128082
recommendation,ssp534-over,2062,o3,-0.04855863837791771
recommendation,ssp534-over,2063,o3,-0.05467767112110947
recommendation,ssp534-over,2064,o3,-0.06054906578295882
recommendation,ssp534-over,2065,o3,-0.0661662525597114
recommendation,ssp534-over,2066,o3,-0.07153525239431324
recommendation,ssp534-over,2067,o3,-0.07667916409901504
recommendation,ssp534-over,2068,o3,-0.08161092496276318
recommendation,ssp534-over,2069,o3,-0.08633280101168525
recommendation,ssp534-over,2070,o3,-0.09083657721323585
recommendation,ssp534-over,2071,o3,-0.09492183189805076
recommendation,ssp534-over,2072,o3,-0.09863205281224416
recommendation,ssp534-over,2073,o3,-0.10201332892822274
recommendation,ssp534-over,2074,o3,-0.10510825374633673
recommendation,ssp534-over,2075,o3,-0.10795010665075316
recommendation,ssp534-over,2076,o3,-0.11057262655602865
recommendation,ssp534-over,2077,o3,-0.11300383244944773
recommendation,ssp534-over,2078,o3,-0.11527375436969967
recommendation,ssp534-over,2079,o3,-0.11741293580317957
recommendation,ssp534-over,2080,o3,-0.11944258728552798
recommendation,ssp534-over,2081,o3,-0.1212097442241544
recommendation,ssp534-over,2082,o3,-0.12275767749259558
recommendation,ssp534-over,2083,o3,-0.12412177924410789
recommendation,ssp534-over,2084,o3,-0.1253228486429844
recommendation,ssp534-over,2085,o3,-0.12638733476204936
recommendation,ssp534-over,2086,o3,-0.1273275011591304
recommendation,ssp534-over,2087,o3,-0.12816358479720932
recommendation,ssp534-over,2088,o3,-0.12892014289345471
recommendation,ssp534-over,2089,o3,-0.12961694623556996
recommendation,ssp534-over,2090,o3,-0.13027513970733473
recommendation,ssp534-over,2091,o3,-0.13087481441399054
recommendation,ssp534-over,2092,o3,-0.1314279243707723
recommendation,ssp534-over,2093,o3,-0.13194538760782148
recommendation,ssp534-over,2094,o3,-0.13240804587829208
recommendation,ssp534-over,2095,o3,-0.1328010162467167
recommendation,ssp534-over,2096,o3,-0.1331241705354948
recommendation,ssp534-over,2097,o3,-0.13338024452986452
recommendation,ssp534-over,2098,o3,-0.13358438197493733
recommendation,ssp534-over,2099,o3,-0.13374803276795097
recommendation,ssp534-over,2100,o3,-0.13389151946352687
recommendation,ssp334,2019,o3,0.0
recommendation,ssp334,2020,o3,-0.004996593031568686
recommendation,ssp334,2021,o3,-0.008121452961061704
recommendation,ssp334,2022,o3,-0.009880045411113425
recommendation,ssp334,2023,o3,-0.010636579271888935
recommendation,ssp334,2024,o3,-0.010648036749835832
recommendation,ssp334,2025,o3,-0.010096566736256196
recommendation,ssp334,2026,o3,-0.009114329588167103
recommendation,ssp334,2027,o3,-0.007799553373761814
recommendation,ssp334,2028,o3,-0.006230231775876116
recommendation,ssp334,2029,o3,-0.004468090992771567
recommendation,ssp334,2030,o3,-0.0025605768146876318
recommendation,ssp334,2031,o3,-0.0019933052198821133
recommendation,ssp334,2032,o3,-0.002443473631225379
recommendation,ssp334,2033,o3,-0.003679656980675461
recommendation,ssp334,2034,o3,-0.00552887578203648
recommendation,ssp334,2035,o3,-0.007850985601217775
recommendation,ssp334,2036,o3,-0.010534386513473992
recommendation,ssp334,2037,o3,-0.013489385896637784
recommendation,ssp334,2038,o3,-0.016646674255416827
recommendation,ssp334,2039,o3,-0.01995436355235053
recommendation,ssp334,2040,o3,-0.0233704306389749
recommendation,ssp334,2041,o3,-0.02638754416021183
recommendation,ssp334,2042,o3,-0.02909207474312603
recommendation,ssp334,2043,o3,-0.03155911658047286
recommendation,ssp334,2044,o3,-0.03385191895568829
recommendation,ssp334,2045,o3,-0.03602718830205401
recommendation,ssp334,2046,o3,-0.03812848581011616
recommendation,ssp334,2047,o3,-0.04018437743769421
recommendation,ssp334,2048,o3,-0.04220927073604036
recommendation,ssp334,2049,o3,-0.04420165816362798
recommendation,ssp334,2050,o3,-0.04615455858783993
recommendation,ssp334,2051,o3,-0.04786962723234617
recommendation,ssp334,2052,o3,-0.04940032073774667
recommendation,ssp334,2053,o3,-0.0507895695321427
recommendation,ssp334,2054,o3,-0.05207797059378588
recommendation,ssp334,2055,o3,-0.05330458856999398
recommendation,ssp334,2056,o3,-0.05450187656029051
recommendation,ssp334,2057,o3,-0.055685513251911734
recommendation,ssp334,2058,o3,-0.05686099586612031
recommendation,ssp334,2059,o3,-0.058033487849966175
recommendation,ssp334,2060,o3,-0.059200044636045224
recommendation,ssp334,2061,o3,-0.06023161264723681
recommendation,ssp334,2062,o3,-0.06115795925361994
recommendation,ssp334,2063,o3,-0.0620068259586731
recommendation,ssp334,2064,o3,-0.062802539495037
recommendation,ssp334,2065,o3,-0.06356599047578607
recommendation,ssp334,2066,o3,-0.0643199693092778
recommendation,ssp334,2067,o3,-0.06508334642021693
recommendation,ssp334,2068,o3,-0.06586321761136182
recommendation,ssp334,2069,o3,-0.06665516988648496
recommendation,ssp334,2070,o3,-0.06744915775047286
recommendation,ssp334,2071,o3,-0.0681251125522015
recommendation,ssp334,2072,o3,-0.06870560553657826
recommendation,ssp334,2073,o3,-0.06921336802684669
recommendation,ssp334,2074,o3,-0.06966609747582447
recommendation,ssp334,2075,o3,-0.07007877478424035
recommendation,ssp334,2076,o3,-0.07046466468113069
recommendation,ssp334,2077,o3,-0.0708365385139299
recommendation,ssp334,2078,o3,-0.07120895319903958
recommendation,ssp334,2079,o3,-0.07159397463120612
recommendation,ssp334,2080,o3,-0.07199704219990335
recommendation,ssp334,2081,o3,-0.07233189945501009
recommendation,ssp334,2082,o3,-0.07261279021160086
recommendation,ssp334,2083,o3,-0.07284715567084465
recommendation,ssp334,2084,o3,-0.07304121156379798
recommendation,ssp334,2085,o3,-0.07319920274493663
recommendation,ssp334,2086,o3,-0.07332507587635989
recommendation,ssp334,2087,o3,-0.07342884969649
recommendation,ssp334,2088,o3,-0.07352141126572401
recommendation,ssp334,2089,o3,-0.07361471632641053
recommendation,ssp334,2090,o3,-0.07372257283491354
recommendation,ssp334,2091,o3,-0.07377995814955005
recommendation,ssp334,2092,o3,-0.07380876724136198
recommendation,ssp334,2093,o3,-0.0738154211112276
recommendation,ssp334,2094,o3,-0.07379238393552229
recommendation,ssp334,2095,o3,-0.07373580384881298
recommendation,ssp334,2096,o3,-0.07364614577056217
recommendation,ssp334,2097,o3,-0.07352893430976712
recommendation,ssp334,2098,o3,-0.07339274405505941
recommendation,ssp334,2099,o3,-0.07324839188359239
recommendation,ssp334,2100,o3,-0.07311016678278673
recommendation,ssp119,2019,o3,0.0
recommendation,ssp119,2020,o3,-0.003051192806897529
recommendation,ssp119,2021,o3,-0.006391022662058099
recommendation,ssp119,2022,o3,-0.010032181891868996
recommendation,ssp119,2023,o3,-0.013976596442680234
recommendation,ssp119,2024,o3,-0.018224648050629955
recommendation,ssp119,2025,o3,-0.022767046335675334
recommendation,ssp119,2026,o3,-0.02758499659125685
recommendation,ssp119,2027,o3,-0.03266227516601025
recommendation,ssp119,2028,o3,-0.03798641341243769
recommendation,ssp119,2029,o3,-0.04355907129372008
recommendation,ssp119,2030,o3,-0.049372422576444086
recommendation,ssp119,2031,o3,-0.054488679823665065
recommendation,ssp119,2032,o3,-0.05909935144155187
recommendation,ssp119,2033,o3,-0.06333165726107925
recommendation,ssp119,2034,o3,-0.06728228225050878
recommendation,ssp119,2035,o3,-0.07102782155316884
recommendation,ssp119,2036,o3,-0.07459702328306833
recommendation,ssp119,2037,o3,-0.07802398091790336
recommendation,ssp119,2038,o3,-0.08131114446673054
recommendation,ssp119,2039,o3,-0.08448032693177043
recommendation,ssp119,2040,o3,-0.08753357179602181
recommendation,ssp119,2041,o3,-0.09046373726612017
recommendation,ssp119,2042,o3,-0.09328280933141214
recommendation,ssp119,2043,o3,-0.0960115718900752
recommendation,ssp119,2044,o3,-0.09867172901903004
recommendation,ssp119,2045,o3,-0.10128468965137558
recommendation,ssp119,2046,o3,-0.10388078051682384
recommendation,ssp119,2047,o3,-0.1064669628272602
recommendation,ssp119,2048,o3,-0.10904868917593102
recommendation,ssp119,2049,o3,-0.11160992888762855
recommendation,ssp119,2050,o3,-0.11412629546321276
recommendation,ssp119,2051,o3,-0.11635923028199383
recommendation,ssp119,2052,o3,-0.1183630138186186
recommendation,ssp119,2053,o3,-0.12017527804512815
recommendation,ssp119,2054,o3,-0.12182993278090623
recommendation,ssp119,2055,o3,-0.12336450988691292
recommendation,ssp119,2056,o3,-0.12481704262633292
recommendation,ssp119,2057,o3,-0.12621367409480966
recommendation,ssp119,2058,o3,-0.12755220506638942
recommendation,ssp119,2059,o3,-0.12883657013221755
recommendation,ssp119,2060,o3,-0.13007020232436065
recommendation,ssp119,2061,o3,-0.1311814664792496
recommendation,ssp119,2062,o3,-0.13218432220953746
recommendation,ssp119,2063,o3,-0.13309536760673327
recommendation,ssp119,2064,o3,-0.1339354395671514
recommendation,ssp119,2065,o3,-0.13472100368890846
recommendation,ssp119,2066,o3,-0.13546985679700646
recommendation,ssp119,2067,o3,-0.13620822331360907
recommendation,ssp119,2068,o3,-0.13694700109773017
recommendation,ssp119,2069,o3,-0.1376824962010141
recommendation,ssp119,2070,o3,-0.13839828698630732
recommendation,ssp119,2071,o3,-0.139089779315157
recommendation,ssp119,2072,o3,-0.13974681928327393
recommendation,ssp119,2073,o3,-0.1403770606974206
recommendation,ssp119,2074,o3,-0.140987747982061
recommendation,ssp119,2075,o3,-0.14158224545574757
recommendation,ssp119,2076,o3,-0.14216766153064223
recommendation,ssp119,2077,o3,-0.14274923825013652
recommendation,ssp119,2078,o3,-0.14333699090210353
recommendation,ssp119,2079,o3,-0.14394430803880287
recommendation,ssp119,2080,o3,-0.14457745298266522
recommendation,ssp119,2081,o3,-0.14521083857029427
recommendation,ssp119,2082,o3,-0.14583590154634318
recommendation,ssp119,2083,o3,-0.14644544471952092
recommendation,ssp119,2084,o3,-0.14702619885839102
recommendation,ssp119,2085,o3,-0.1475787315935111
recommendation,ssp119,2086,o3,-0.14809422922700416
recommendation,ssp119,2087,o3,-0.14857722307776997
recommendation,ssp119,2088,o3,-0.14903992274380212
recommendation,ssp119,2089,o3,-0.1494914359372415
recommendation,ssp119,2090,o3,-0.1499467979114919
recommendation,ssp119,2091,o3,-0.15041786161396586
recommendation,ssp119,2092,o3,-0.15090560070192896
recommendation,ssp119,2093,o3,-0.15141238360879988
recommendation,ssp119,2094,o3,-0.15190998627274538
recommendation,ssp119,2095,o3,-0.1523764923958567
recommendation,ssp119,2096,o3,-0.15280560786471117
recommendation,ssp119,2097,o3,-0.1531932665524612
recommendation,ssp119,2098,o3,-0.15354697419461283
recommendation,ssp119,2099,o3,-0.15387229861959134
recommendation,ssp119,2100,o3,-0.15418343017883512
recommendation,ssp460,2019,o3,0.0
recommendation,ssp460,2020,o3,0.0018738755866671841
recommendation,ssp460,2021,o3,0.004089712912630938
recommendation,ssp460,2022,o3,0.006557299216067847
recommendation,ssp460,2023,o3,0.009183979765569616
recommendation,ssp460,2024,o3,0.01192377128073091
recommendation,ssp460,2025,o3,0.014753126852992515
recommendation,ssp460,2026,o3,0.017663086255320704
recommendation,ssp460,2027,o3,0.020644366704864525
recommendation,ssp460,2028,o3,0.023686262242232303
recommendation,ssp460,2029,o3,0.026766402032905923
recommendation,ssp460,2030,o3,0.02987367633002075
recommendation,ssp460,2031,o3,0.03297029754322078
recommendation,ssp460,2032,o3,0.03604691208065608
recommendation,ssp460,2033,o3,0.03908502750379683
recommendation,ssp460,2034,o3,0.04206155046635701
recommendation,ssp460,2035,o3,0.04495484467686095
recommendation,ssp460,2036,o3,0.04778153111248412
recommendation,ssp460,2037,o3,0.05054361199652507
recommendation,ssp460,2038,o3,0.05326812911825235
recommendation,ssp460,2039,o3,0.05595787429701299
recommendation,ssp460,2040,o3,0.05863183614484496
recommendation,ssp460,2041,o3,0.0612095221065011
recommendation,ssp460,2042,o3,0.06370525252564735
recommendation,ssp460,2043,o3,0.06611294456996542
recommendation,ssp460,2044,o3,0.06842483994028731
recommendation,ssp460,2045,o3,0.07063317946807873
recommendation,ssp460,2046,o3,0.07272142492675748
recommendation,ssp460,2047,o3,0.07469413193110352
recommendation,ssp460,2048,o3,0.07655745966096084
recommendation,ssp460,2049,o3,0.0783366750808413
recommendation,ssp460,2050,o3,0.08006551464141609
recommendation,ssp460,2051,o3,0.08175820251381255
recommendation,ssp460,2052,o3,0.08341492533045569
recommendation,ssp460,2053,o3,0.08503162610129078
recommendation,ssp460,2054,o3,0.08660173774739527
recommendation,ssp460,2055,o3,0.08810965473488669
recommendation,ssp460,2056,o3,0.08953745823796722
recommendation,ssp460,2057,o3,0.09087532968057715
recommendation,ssp460,2058,o3,0.09213955960559345
recommendation,ssp460,2059,o3,0.09333925776439367
recommendation,ssp460,2060,o3,0.09448187634983751
recommendation,ssp460,2061,o3,0.09561096976486422
recommendation,ssp460,2062,o3,0.09672579276706927
recommendation,ssp460,2063,o3,0.09781629068136383
recommendation,ssp460,2064,o3,0.09886753990758684
recommendation,ssp460,2065,o3,0.09986844172496123
recommendation,ssp460,2066,o3,0.10080701662023389
recommendation,ssp460,2067,o3,0.10166313633789803
recommendation,ssp460,2068,o3,0.1024315622695236
recommendation,ssp460,2069,o3,0.10312146297807606
recommendation,ssp460,2070,o3,0.10375487930485983
recommendation,ssp460,2071,o3,0.10424311782210105
recommendation,ssp460,2072,o3,0.10462226520656154
recommendation,ssp460,2073,o3,0.10490274373893443
recommendation,ssp460,2074,o3,0.10509167335794528
recommendation,ssp460,2075,o3,0.10519849270828285
recommendation,ssp460,2076,o3,0.10522547946413285
recommendation,ssp460,2077,o3,0.10517750058360181
recommendation,ssp460,2078,o3,0.10505122785155624
recommendation,ssp460,2079,o3,0.10484051137650013
recommendation,ssp460,2080,o3,0.10454495945899694
recommendation,ssp460,2081,o3,0.10424687386520398
recommendation,ssp460,2082,o3,0.10394248617548518
recommendation,ssp460,2083,o3,0.10362768370140335
recommendation,ssp460,2084,o3,0.10330781237981529
recommendation,ssp460,2085,o3,0.10297802909963644
recommendation,ssp460,2086,o3,0.10264529200119421
recommendation,ssp460,2087,o3,0.10230375951786802
recommendation,ssp460,2088,o3,0.1019415137185537
recommendation,ssp460,2089,o3,0.10155055677200636
recommendation,ssp460,2090,o3,0.10111646936941282
recommendation,ssp460,2091,o3,0.10067688713793704
recommendation,ssp460,2092,o3,0.10022511265523865
recommendation,ssp460,2093,o3,0.09975411231779407
recommendation,ssp460,2094,o3,0.09928797410301887
recommendation,ssp460,2095,o3,0.09884605251061279
recommendation,ssp460,2096,o3,0.0984325607850366
recommendation,ssp460,2097,o3,0.09804900617819429
recommendation,ssp460,2098,o3,0.09768372793175828
recommendation,ssp460,2099,o3,0.0973293209736506
recommendation,ssp460,2100,o3,0.09696896908599056
recommendation,ssp585,2019,o3,0.0
recommendation,ssp585,2020,o3,0.0012623305661436657
recommendation,ssp585,2021,o3,0.002420374863108976
recommendation,ssp585,2022,o3,0.003510644868113366
recommendation,ssp585,2023,o3,0.004595759871525773
recommendation,ssp585,2024,o3,0.005715865966565481
recommendation,ssp585,2025,o3,0.006899562040519502
recommendation,ssp585,2026,o3,0.008172048071594107
recommendation,ssp585,2027,o3,0.00954597721368905
recommendation,ssp585,2028,o3,0.01102337607397158
recommendation,ssp585,2029,o3,0.012589805091019757
recommendation,ssp585,2030,o3,0.01423830369967527
recommendation,ssp585,2031,o3,0.016190491367330972
recommendation,ssp585,2032,o3,0.018397014207881146
recommendation,ssp585,2033,o3,0.020823854808448505
recommendation,ssp585,2034,o3,0.023431809700813433
recommendation,ssp585,2035,o3,0.026182013367638313
recommendation,ssp585,2036,o3,0.029073686445922897
recommendation,ssp585,2037,o3,0.032091853022506556
recommendation,ssp585,2038,o3,0.03524819399491763
recommendation,ssp585,2039,o3,0.038530654777361284
recommendation,ssp585,2040,o3,0.04194364129397682
recommendation,ssp585,2041,o3,0.04526743230793362
recommendation,ssp585,2042,o3,0.048527119517195405
recommendation,ssp585,2043,o3,0.05171725474821115
recommendation,ssp585,2044,o3,0.054834579708026354
recommendation,ssp585,2045,o3,0.05787402998750041
recommendation,ssp585,2046,o3,0.060820148251204575
recommendation,ssp585,2047,o3,0.06367771830269608
recommendation,ssp585,2048,o3,0.06645198166654975
recommendation,ssp585,2049,o3,0.06916685216708252
recommendation,ssp585,2050,o3,0.07185395372290054
recommendation,ssp585,2051,o3,0.07477813462059946
recommendation,ssp585,2052,o3,0.07785590291669547
recommendation,ssp585,2053,o3,0.08099514546746994
recommendation,ssp585,2054,o3,0.08412637562295316
recommendation,ssp585,2055,o3,0.08718936049975184
recommendation,ssp585,2056,o3,0.0901339159908412
recommendation,ssp585,2057,o3,0.09292847840903745
recommendation,ssp585,2058,o3,0.0955746857990159
recommendation,ssp585,2059,o3,0.09807212478727362
recommendation,ssp585,2060,o3,0.10042248152264915
recommendation,ssp585,2061,o3,0.10245577413366269
recommendation,ssp585,2062,o3,0.10422617773913617
recommendation,ssp585,2063,o3,0.10577075153706672
recommendation,ssp585,2064,o3,0.107112108319182
recommendation,ssp585,2065,o3,0.10826932240663872
recommendation,ssp585,2066,o3,0.10925327659446127
recommendation,ssp585,2067,o3,0.11006149243719121
recommendation,ssp585,2068,o3,0.11070269987461195
recommendation,ssp585,2069,o3,0.11119662054183604
recommendation,ssp585,2070,o3,0.11157307838383806
recommendation,ssp585,2071,o3,0.1117892968802392
recommendation,ssp585,2072,o3,0.11186707493493653
recommendation,ssp585,2073,o3,0.11180145738756597
recommendation,ssp585,2074,o3,0.11159078164077024
recommendation,ssp585,2075,o3,0.11124007679952957
recommendation,ssp585,2076,o3,0.11075048935577575
recommendation,ssp585,2077,o3,0.11012605088332295
recommendation,ssp585,2078,o3,0.1093648884948894
recommendation,ssp585,2079,o3,0.10846275950643264
recommendation,ssp585,2080,o3,0.10742147318454165
recommendation,ssp585,2081,o3,0.10606594677148107
recommendation,ssp585,2082,o3,0.10445210937075067
recommendation,ssp585,2083,o3,0.10261366087540186
recommendation,ssp585,2084,o3,0.10058665459830746
recommendation,ssp585,2085,o3,0.09839174268769207
recommendation,ssp585,2086,o3,0.09605582795507162
recommendation,ssp585,2087,o3,0.09359083538198154
recommendation,ssp585,2088,o3,0.09099948171261851
recommendation,ssp585,2089,o3,0.08828573803183687
recommendation,ssp585,2090,o3,0.08544551107614379
recommendation,ssp585,2091,o3,0.08242508817996413
recommendation,ssp585,2092,o3,0.07925600867830346
recommendation,ssp585,2093,o3,0.07597236621377101
recommendation,ssp585,2094,o3,0.07262935625294781
recommendation,ssp585,2095,o3,0.06926999259516048
recommendation,ssp585,2096,o3,0.06591531653051963
recommendation,ssp585,2097,o3,0.06257989417738447
recommendation,ssp585,2098,o3,0.059260816629195134
recommendation,ssp585,2099,o3,0.05595608160971055
recommendation,ssp585,2100,o3,0.05265309429531995
recommendation,ssp370,2019,o3,0.0
recommendation,ssp370,2020,o3,0.003597706804346845
recommendation,ssp370,2021,o3,0.007101387713687568
recommendation,ssp370,2022,o3,0.010538321154451524
recommendation,ssp370,2023,o3,0.013943161836454443
recommendation,ssp370,2024,o3,0.017342292997884368
recommendation,ssp370,2025,o3,0.020759330457042646
recommendation,ssp370,2026,o3,0.02421910690594964
recommendation,ssp370,2027,o3,0.02773574092008485
recommendation,ssp370,2028,o3,0.0313158674268324
recommendation,ssp370,2029,o3,0.03494927486498328
recommendation,ssp370,2030,o3,0.03863291700504934
recommendation,ssp370,2031,o3,0.0423212287475454
recommendation,ssp370,2032,o3,0.04600980574297858
recommendation,ssp370,2033,o3,0.04968386699430122
recommendation,ssp370,2034,o3,0.053324201483437195
recommendation,ssp370,2035,o3,0.05691246273646072
recommendation,ssp370,2036,o3,0.06046644959585562
recommendation,ssp370,2037,o3,0.06398864438018509
recommendation,ssp370,2038,o3,0.06750606058275704
recommendation,ssp370,2039,o3,0.07102043344164188
recommendation,ssp370,2040,o3,0.07454857435383705
recommendation,ssp370,2041,o3,0.07802651884162132
recommendation,ssp370,2042,o3,0.08146920043181638
recommendation,ssp370,2043,o3,0.08487480951466386
recommendation,ssp370,2044,o3,0.08824037934987794
recommendation,ssp370,2045,o3,0.09156001701560051
recommendation,ssp370,2046,o3,0.0948173134620292
recommendation,ssp370,2047,o3,0.09801608777436549
recommendation,ssp370,2048,o3,0.10116042606043818
recommendation,ssp370,2049,o3,0.10427339683215575
recommendation,ssp370,2050,o3,0.10738573676173185
recommendation,ssp370,2051,o3,0.11041180245141663
recommendation,ssp370,2052,o3,0.113375046946805
recommendation,ssp370,2053,o3,0.1162911800657857
recommendation,ssp370,2054,o3,0.11916956779763282
recommendation,ssp370,2055,o3,0.12200793264254356
recommendation,ssp370,2056,o3,0.12479634307741111
recommendation,ssp370,2057,o3,0.12753036308021426
recommendation,ssp370,2058,o3,0.130229684505009
recommendation,ssp370,2059,o3,0.1329038328533223
recommendation,ssp370,2060,o3,0.13556115377244715
recommendation,ssp370,2061,o3,0.13823288526820243
recommendation,ssp370,2062,o3,0.14092503344787272
recommendation,ssp370,2063,o3,0.1436360183712851
recommendation,ssp370,2064,o3,0.14635755544323797
recommendation,ssp370,2065,o3,0.1490818390180197
recommendation,ssp370,2066,o3,0.1517988242617474
recommendation,ssp370,2067,o3,0.15448854721239846
recommendation,ssp370,2068,o3,0.15714435109057062
recommendation,ssp370,2069,o3,0.15977412484182874
recommendation,ssp370,2070,o3,0.16239678700207716
recommendation,ssp370,2071,o3,0.16503189644671284
recommendation,ssp370,2072,o3,0.16769143827616306
recommendation,ssp370,2073,o3,0.17037193110019005
recommendation,ssp370,2074,o3,0.1730683295833173
recommendation,ssp370,2075,o3,0.17577895330681093
recommendation,ssp370,2076,o3,0.1784973940693324
recommendation,ssp370,2077,o3,0.1812193877950638
recommendation,ssp370,2078,o3,0.18393472759223728
recommendation,ssp370,2079,o3,0.18663020341716952
recommendation,ssp370,2080,o3,0.18929957324133528
recommendation,ssp370,2081,o3,0.19201161035702313
recommendation,ssp370,2082,o3,0.1947583862173522
recommendation,ssp370,2083,o3,0.1975313473011578
recommendation,ssp370,2084,o3,0.20033066904669372
recommendation,ssp370,2085,o3,0.20314714861892208
recommendation,ssp370,2086,o3,0.20598304650458193
recommendation,ssp370,2087,o3,0.2088293352675324
recommendation,ssp370,2088,o3,0.2116718022299824
recommendation,ssp370,2089,o3,0.21449963607776212
recommendation,ssp370,2090,o3,0.21729668888744158
recommendation,ssp370,2091,o3,0.2200452827658348
recommendation,ssp370,2092,o3,0.2227433228449074
recommendation,ssp370,2093,o3,0.22538781682680942
recommendation,ssp370,2094,o3,0.22800786743628987
recommendation,ssp370,2095,o3,0.2306266614263816
recommendation,ssp370,2096,o3,0.2332530397715027
recommendation,ssp370,2097,o3,0.23589078618724646
recommendation,ssp370,2098,o3,0.23853141505413722
recommendation,ssp370,2099,o3,0.24116889719052514
recommendation,ssp370,2100,o3,0.24378775176150547
recommendation,ssp370-lowNTCF-aerchemmip,2019,o3,0.0
recommendation,ssp370-lowNTCF-aerchemmip,2020,o3,0.0012946188079223098
recommendation,ssp370-lowNTCF-aerchemmip,2021,o3,0.002452367194190619
recommendation,ssp370-lowNTCF-aerchemmip,2022,o3,0.0035092748679992902
recommendation,ssp370-lowNTCF-aerchemmip,2023,o3,0.004507048784073264
recommendation,ssp370-lowNTCF-aerchemmip,2024,o3,0.005477157425753054
recommendation,ssp370-lowNTCF-aerchemmip,2025,o3,0.006447234570758187
recommendation,ssp370-lowNTCF-aerchemmip,2026,o3,0.007445397986535596
recommendation,ssp370-lowNTCF-aerchemmip,2027,o3,0.00848779679409889
recommendation,ssp370-lowNTCF-aerchemmip,2028,o3,0.009582630580717566
recommendation,ssp370-lowNTCF-aerchemmip,2029,o3,0.010720893800496512
recommendation,ssp370-lowNTCF-aerchemmip,2030,o3,0.011900581004804067
recommendation,ssp370-lowNTCF-aerchemmip,2031,o3,0.013210959403823552
recommendation,ssp370-lowNTCF-aerchemmip,2032,o3,0.014613062301453594
recommendation,ssp370-lowNTCF-aerchemmip,2033,o3,0.016066813805606595
recommendation,ssp370-lowNTCF-aerchemmip,2034,o3,0.017534481429535842
recommendation,ssp370-lowNTCF-aerchemmip,2035,o3,0.01898383853903224
recommendation,ssp370-lowNTCF-aerchemmip,2036,o3,0.020422311247619007
recommendation,ssp370-lowNTCF-aerchemmip,2037,o3,0.021845172532992174
recommendation,ssp370-lowNTCF-aerchemmip,2038,o3,0.023273952380909735
recommendation,ssp370-lowNTCF-aerchemmip,2039,o3,0.0247062964970301
recommendation,ssp370-lowNTCF-aerchemmip,2040,o3,0.026156070819033428
recommendation,ssp370-lowNTCF-aerchemmip,2041,o3,0.02748085263352784
recommendation,ssp370-lowNTCF-aerchemmip,2042,o3,0.02871008175206663
recommendation,ssp370-lowNTCF-aerchemmip,2043,o3,0.02985343506911825
recommendation,ssp370-lowNTCF-aerchemmip,2044,o3,0.0309173507458137
recommendation,ssp370-lowNTCF-aerchemmip,2045,o3,0.03190343731980222
recommendation,ssp370-lowNTCF-aerchemmip,2046,o3,0.03280072337072726
recommendation,ssp370-lowNTCF-aerchemmip,2047,o3,0.03361752339379731
recommendation,ssp370-lowNTCF-aerchemmip,2048,o3,0.03436154323241414
recommendation,ssp370-lowNTCF-aerchemmip,2049,o3,0.03505884175487467
recommendation,ssp370-lowNTCF-aerchemmip,2050,o3,0.03574227695549759
recommendation,ssp370-lowNTCF-aerchemmip,2051,o3,0.036923252807816664
recommendation,ssp370-lowNTCF-aerchemmip,2052,o3,0.038488906082525254
recommendation,ssp370-lowNTCF-aerchemmip,2053,o3,0.040349644929334405
recommendation,ssp370-lowNTCF-aerchemmip,2054,o3,0.042433724587975175
recommendation,ssp370-lowNTCF-aerchemmip,2055,o3,0.044676517380521585
recommendation,ssp370-lowNTCF-aerchemmip,2056,o3,0.04702048246037044
recommendation,ssp370-lowNTCF-aerchemmip,2057,o3,0.049424685263863566
recommendation,ssp370-lowNTCF-aerchemmip,2058,o3,0.05188111053575262
recommendation,ssp370-lowNTCF-aerchemmip,2059,o3,0.05437847664996359
recommendation,ssp370-lowNTCF-aerchemmip,2060,o3,0.05690902736663289
recommendation,ssp370-lowNTCF-aerchemmip,2061,o3,0.059480233394332616
recommendation,ssp370-lowNTCF-aerchemmip,2062,o3,0.06209231438362112
recommendation,ssp370-lowNTCF-aerchemmip,2063,o3,0.0647390162528958
recommendation,ssp370-lowNTCF-aerchemmip,2064,o3,0.06740861728646785
recommendation,ssp370-lowNTCF-aerchemmip,2065,o3,0.07009060150270119
recommendation,ssp370-lowNTCF-aerchemmip,2066,o3,0.072772908013916
recommendation,ssp370-lowNTCF-aerchemmip,2067,o3,0.07543381238546393
recommendation,ssp370-lowNTCF-aerchemmip,2068,o3,0.07806543513795788
recommendation,ssp370-lowNTCF-aerchemmip,2069,o3,0.08067473973018713
recommendation,ssp370-lowNTCF-aerchemmip,2070,o3,0.08327984865956384
recommendation,ssp370-lowNTCF-aerchemmip,2071,o3,0.08590201298405187
recommendation,ssp370-lowNTCF-aerchemmip,2072,o3,0.08855249506470614
recommendation,ssp370-lowNTCF-aerchemmip,2073,o3,0.09122716916669571
recommendation,ssp370-lowNTCF-aerchemmip,2074,o3,0.09392032891094815
recommendation,ssp370-lowNTCF-aerchemmip,2075,o3,0.0966298292705749
recommendation,ssp370-lowNTCF-aerchemmip,2076,o3,0.09934896158540163
recommendation,ssp370-lowNTCF-aerchemmip,2077,o3,0.10207326578522163
recommendation,ssp370-lowNTCF-aerchemmip,2078,o3,0.10479227895799192
recommendation,ssp370-lowNTCF-aerchemmip,2079,o3,0.10749263556140887
recommendation,ssp370-lowNTCF-aerchemmip,2080,o3,0.11016794133920749
recommendation,ssp370-lowNTCF-aerchemmip,2081,o3,0.11283700954433845
recommendation,ssp370-lowNTCF-aerchemmip,2082,o3,0.11550454034120422
recommendation,ssp370-lowNTCF-aerchemmip,2083,o3,0.11817139163104634
recommendation,ssp370-lowNTCF-aerchemmip,2084,o3,0.12084468249827951
recommendation,ssp370-lowNTCF-aerchemmip,2085,o3,0.1235203832618107
recommendation,ssp370-lowNTCF-aerchemmip,2086,o3,0.12620458662947143
recommendation,ssp370-lowNTCF-aerchemmip,2087,o3,0.12889105582453642
recommendation,ssp370-lowNTCF-aerchemmip,2088,o3,0.13156771252018606
recommendation,ssp370-lowNTCF-aerchemmip,2089,o3,0.13422536183694633
recommendation,ssp370-lowNTCF-aerchemmip,2090,o3,0.13684915272517684
recommendation,ssp370-lowNTCF-aerchemmip,2091,o3,0.13941676761241178
recommendation,ssp370-lowNTCF-aerchemmip,2092,o3,0.14192931441135748
recommendation,ssp370-lowNTCF-aerchemmip,2093,o3,0.14438585827461153
recommendation,ssp370-lowNTCF-aerchemmip,2094,o3,0.1468166987658287
recommendation,ssp370-lowNTCF-aerchemmip,2095,o3,0.14924587002774076
recommendation,ssp370-lowNTCF-aerchemmip,2096,o3,0.1516826030701976
recommendation,ssp370-lowNTCF-aerchemmip,2097,o3,0.15413103330404798
recommendation,ssp370-lowNTCF-aerchemmip,2098,o3,0.15658279316575474
recommendation,ssp370-lowNTCF-aerchemmip,2099,o3,0.15903189205143792
recommendation,ssp370-lowNTCF-aerchemmip,2100,o3,0.16146290755568643
recommendation,ssp126,2019,o3,0.0
recommendation,ssp126,2020,o3,-0.003456030835657542
recommendation,ssp126,2021,o3,-0.006772029301704785
recommendation,ssp126,2022,o3,-0.010053463374227023
recommendation,ssp126,2023,o3,-0.013343320943974668
recommendation,ssp126,2024,o3,-0.016674468031328882
recommendation,ssp126,2025,o3,-0.02006562325348163
recommendation,ssp126,2026,o3,-0.023521115826495964
recommendation,ssp126,2027,o3,-0.027045501204723627
recommendation,ssp126,2028,o3,-0.03064448330112393
recommendation,ssp126,2029,o3,-0.03433422552779744
recommendation,ssp126,2030,o3,-0.038119837318938726
recommendation,ssp126,2031,o3,-0.041441468366368195
recommendation,ssp126,2032,o3,-0.044433159845416736
recommendation,ssp126,2033,o3,-0.04719436921714942
recommendation,ssp126,2034,o3,-0.04980791397848455
recommendation,ssp126,2035,o3,-0.052341530196890085
recommendation,ssp126,2036,o3,-0.054813365602753295
recommendation,ssp126,2037,o3,-0.05724898612924634
recommendation,ssp126,2038,o3,-0.0596419654406371
recommendation,ssp126,2039,o3,-0.06200566568492241
recommendation,ssp126,2040,o3,-0.06433417648560777
recommendation,ssp126,2041,o3,-0.06665511129118712
recommendation,ssp126,2042,o3,-0.0689658234067837
recommendation,ssp126,2043,o3,-0.07127415379808058
recommendation,ssp126,2044,o3,-0.07358428019260693
recommendation,ssp126,2045,o3,-0.07590237173174993
recommendation,ssp126,2046,o3,-0.07824650148330481
recommendation,ssp126,2047,o3,-0.08061390468791027
recommendation,ssp126,2048,o3,-0.0830026486477829
recommendation,ssp126,2049,o3,-0.0853919552567442
recommendation,ssp126,2050,o3,-0.08775302499557469
recommendation,ssp126,2051,o3,-0.08989645905833674
recommendation,ssp126,2052,o3,-0.0918652693266345
recommendation,ssp126,2053,o3,-0.09369317717225298
recommendation,ssp126,2054,o3,-0.09540976474376547
recommendation,ssp126,2055,o3,-0.09704859502418595
recommendation,ssp126,2056,o3,-0.09864372650962672
recommendation,ssp126,2057,o3,-0.10021800182657503
recommendation,ssp126,2058,o3,-0.10176617074390806
recommendation,ssp126,2059,o3,-0.10328912052596301
recommendation,ssp126,2060,o3,-0.10478772938213907
recommendation,ssp126,2061,o3,-0.1062430552622638
recommendation,ssp126,2062,o3,-0.10765321749510323
recommendation,ssp126,2063,o3,-0.1090248485842131
recommendation,ssp126,2064,o3,-0.11037120839875994
recommendation,ssp126,2065,o3,-0.11170301059044549
recommendation,ssp126,2066,o3,-0.11303351210354134
recommendation,ssp126,2067,o3,-0.11438508333957456
recommendation,ssp126,2068,o3,-0.1157653421263094
recommendation,ssp126,2069,o3,-0.11716801920561346
recommendation,ssp126,2070,o3,-0.11857447899297055
recommendation,ssp126,2071,o3,-0.12000869562672903
recommendation,ssp126,2072,o3,-0.12144917430761279
recommendation,ssp126,2073,o3,-0.12289422983224585
recommendation,ssp126,2074,o3,-0.12434490375870183
recommendation,ssp126,2075,o3,-0.12579867368310596
recommendation,ssp126,2076,o3,-0.12725870212566373
recommendation,ssp126,2077,o3,-0.1287271813835569
recommendation,ssp126,2078,o3,-0.1302118792541468
recommendation,ssp126,2079,o3,-0.13172393370587634
recommendation,ssp126,2080,o3,-0.1332679267933624
recommendation,ssp126,2081,o3,-0.13476378343249998
recommendation,ssp126,2082,o3,-0.13620859147896086
recommendation,ssp126,2083,o3,-0.13759194235135572
recommendation,ssp126,2084,o3,-0.13890063450659232
recommendation,ssp126,2085,o3,-0.1401360399873228
recommendation,ssp126,2086,o3,-0.14129107761063806
recommendation,ssp126,2087,o3,-0.1423723669845423
recommendation,ssp126,2088,o3,-0.14339400248786827
recommendation,ssp126,2089,o3,-0.14436745397295558
recommendation,ssp126,2090,o3,-0.14531042818606255
recommendation,ssp126,2091,o3,-0.14623327170461595
recommendation,ssp126,2092,o3,-0.14714188390081318
recommendation,ssp126,2093,o3,-0.14804414875653366
recommendation,ssp126,2094,o3,-0.14891729206752374
recommendation,ssp126,2095,o3,-0.14974320760342985
recommendation,ssp126,2096,o3,-0.15051922960581382
recommendation,ssp126,2097,o3,-0.1512449439132283
recommendation,ssp126,2098,o3,-0.1519335389983703
recommendation,ssp126,2099,o3,-0.1525939472633727
recommendation,ssp126,2100,o3,-0.15324471890643288
recommendation,ssp245,2019,o3,0.0
recommendation,ssp245,2020,o3,-0.000714075376679002
recommendation,ssp245,2021,o3,-0.0008505598404724979
recommendation,ssp245,2022,o3,-0.0005801441296465759
recommendation,ssp245,2023,o3,-2.3607972571337843e-05
recommendation,ssp245,2024,o3,0.000744452675595475
recommendation,ssp245,2025,o3,0.0016765888563227693
recommendation,ssp245,2026,o3,0.0027453088294397965
recommendation,ssp245,2027,o3,0.0039266384929627085
recommendation,ssp245,2028,o3,0.005198949721357871
recommendation,ssp245,2029,o3,0.006531846662542418
recommendation,ssp245,2030,o3,0.007907650514203335
recommendation,ssp245,2031,o3,0.009155915810272974
recommendation,ssp245,2032,o3,0.010282564793692106
recommendation,ssp245,2033,o3,0.011277831392191406
recommendation,ssp245,2034,o3,0.012125832979678952
recommendation,ssp245,2035,o3,0.012811805665857379
recommendation,ssp245,2036,o3,0.013359039451140808
recommendation,ssp245,2037,o3,0.01377509481441258
recommendation,ssp245,2038,o3,0.01409302225461373
recommendation,ssp245,2039,o3,0.014320280603372704
recommendation,ssp245,2040,o3,0.014479238010481732
recommendation,ssp245,2041,o3,0.01460355620889564
recommendation,ssp245,2042,o3,0.014683886310952354
recommendation,ssp245,2043,o3,0.014696238076782553
recommendation,ssp245,2044,o3,0.014620760491646678
recommendation,ssp245,2045,o3,0.014440549243444678
recommendation,ssp245,2046,o3,0.014132174331882852
recommendation,ssp245,2047,o3,0.013696061303342277
recommendation,ssp245,2048,o3,0.013134820742712716
recommendation,ssp245,2049,o3,0.012472014419706023
recommendation,ssp245,2050,o3,0.011740128583754728
recommendation,ssp245,2051,o3,0.010966338420964616
recommendation,ssp245,2052,o3,0.010154644457305906
recommendation,ssp245,2053,o3,0.009303970941090867
recommendation,ssp245,2054,o3,0.008407373863693168
recommendation,ssp245,2055,o3,0.007448922014713033
recommendation,ssp245,2056,o3,0.006409168807070764
recommendation,ssp245,2057,o3,0.005277076368016109
recommendation,ssp245,2058,o3,0.0040678436394255835
recommendation,ssp245,2059,o3,0.002789818657729537
recommendation,ssp245,2060,o3,0.0014497858245459683
recommendation,ssp245,2061,o3,6.44619313850403e-05
recommendation,ssp245,2062,o3,-0.001347393589087753
recommendation,ssp245,2063,o3,-0.0027703803393392956
recommendation,ssp245,2064,o3,-0.004201207778589122
recommendation,ssp245,2065,o3,-0.005638553313086325
recommendation,ssp245,2066,o3,-0.007086714926486604
recommendation,ssp245,2067,o3,-0.00856192275133405
recommendation,ssp245,2068,o3,-0.010067751887518517
recommendation,ssp245,2069,o3,-0.011594558114881637
recommendation,ssp245,2070,o3,-0.013122049971744487
recommendation,ssp245,2071,o3,-0.014567715871327491
recommendation,ssp245,2072,o3,-0.01593483385358535
recommendation,ssp245,2073,o3,-0.017240589869301215
recommendation,ssp245,2074,o3,-0.01850329810564144
recommendation,ssp245,2075,o3,-0.019734186613963672
recommendation,ssp245,2076,o3,-0.020948115119433286
recommendation,ssp245,2077,o3,-0.02215420020161868
recommendation,ssp245,2078,o3,-0.023366728397081343
recommendation,ssp245,2079,o3,-0.024601095426781516
recommendation,ssp245,2080,o3,-0.025865658947111736
recommendation,ssp245,2081,o3,-0.027165204068428733
recommendation,ssp245,2082,o3,-0.02848681515710441
recommendation,ssp245,2083,o3,-0.029816684726806486
recommendation,ssp245,2084,o3,-0.031132734411163127
recommendation,ssp245,2085,o3,-0.03242787089128746
recommendation,ssp245,2086,o3,-0.033687747053223166
recommendation,ssp245,2087,o3,-0.034912589118546195
recommendation,ssp245,2088,o3,-0.03611223347019532
recommendation,ssp245,2089,o3,-0.0372932423603963
recommendation,ssp245,2090,o3,-0.03847047917881016
recommendation,ssp245,2091,o3,-0.039589472793549296
recommendation,ssp245,2092,o3,-0.04066502468630373
recommendation,ssp245,2093,o3,-0.041712052665081406
recommendation,ssp245,2094,o3,-0.042712281972215854
recommendation,ssp245,2095,o3,-0.0436519502117908
recommendation,ssp245,2096,o3,-0.0445311435426875
recommendation,ssp245,2097,o3,-0.045352245215856624
recommendation,ssp245,2098,o3,-0.04612974002726891
recommendation,ssp245,2099,o3,-0.04687466561537498
recommendation,ssp245,2100,o3,-0.047606232947897176
recommendation,ssp434,2019,o3,0.0
recommendation,ssp434,2020,o3,0.001873877847438199
recommendation,ssp434,2021,o3,0.003956349592128039
recommendation,ssp434,2022,o3,0.006151370209079243
recommendation,ssp434,2023,o3,0.008330605312406869
recommendation,ssp434,2024,o3,0.010425953365675422
recommendation,ssp434,2025,o3,0.01240243580318462
recommendation,ssp434,2026,o3,0.014248274913726322
recommendation,ssp434,2027,o3,0.01595688407090262
recommendation,ssp434,2028,o3,0.01752310289864234
recommendation,ssp434,2029,o3,0.018932789454739474
recommendation,ssp434,2030,o3,0.020183954833420115
recommendation,ssp434,2031,o3,0.021254413221080126
recommendation,ssp434,2032,o3,0.022176008069608177
recommendation,ssp434,2033,o3,0.022995948189239945
recommendation,ssp434,2034,o3,0.02374021285801764
recommendation,ssp434,2035,o3,0.02442170750853162
recommendation,ssp434,2036,o3,0.025080415232650755
recommendation,ssp434,2037,o3,0.025734279620160228
recommendation,ssp434,2038,o3,0.02642070622348125
recommendation,ssp434,2039,o3,0.027148196105247158
recommendation,ssp434,2040,o3,0.027937149995268584
recommendation,ssp434,2041,o3,0.028740898272065718
recommendation,ssp434,2042,o3,0.029564098381888004
recommendation,ssp434,2043,o3,0.030390393284044026
recommendation,ssp434,2044,o3,0.031204565256062855
recommendation,ssp434,2045,o3,0.031991938407080645
recommendation,ssp434,2046,o3,0.03272919534886132
recommendation,ssp434,2047,o3,0.03341628776469019
recommendation,ssp434,2048,o3,0.03405353797000077
recommendation,ssp434,2049,o3,0.03466212562109128
recommendation,ssp434,2050,o3,0.035271917545902365
recommendation,ssp434,2051,o3,0.03599623274483221
recommendation,ssp434,2052,o3,0.036811394979492984
recommendation,ssp434,2053,o3,0.03769404637036988
recommendation,ssp434,2054,o3,0.038620975469426944
recommendation,ssp434,2055,o3,0.03956382009248077
recommendation,ssp434,2056,o3,0.04049388186897129
recommendation,ssp434,2057,o3,0.04139193040791195
recommendation,ssp434,2058,o3,0.04226716332519609
recommendation,ssp434,2059,o3,0.04312234915845714
recommendation,ssp434,2060,o3,0.04396000566170655
recommendation,ssp434,2061,o3,0.04491898481115508
recommendation,ssp434,2062,o3,0.045976449565706345
recommendation,ssp434,2063,o3,0.04710753530339179
recommendation,ssp434,2064,o3,0.04828514113003263
recommendation,ssp434,2065,o3,0.04948747421624583
recommendation,ssp434,2066,o3,0.050694519485000034
recommendation,ssp434,2067,o3,0.051878769609976505
recommendation,ssp434,2068,o3,0.05302896691973641
recommendation,ssp434,2069,o3,0.054148984546600276
recommendation,ssp434,2070,o3,0.055256326752954055
recommendation,ssp434,2071,o3,0.056245762469030736
recommendation,ssp434,2072,o3,0.05715478748567704
recommendation,ssp434,2073,o3,0.05799408855169136
recommendation,ssp434,2074,o3,0.058770149263787486
recommendation,ssp434,2075,o3,0.059491235491894834
recommendation,ssp434,2076,o3,0.060158926820360614
recommendation,ssp434,2077,o3,0.060776105467087116
recommendation,ssp434,2078,o3,0.06133848333093245
recommendation,ssp434,2079,o3,0.06183830731135109
recommendation,ssp434,2080,o3,0.06227400656217669
recommendation,ssp434,2081,o3,0.0624527293934809
recommendation,ssp434,2082,o3,0.062430781595235185
recommendation,ssp434,2083,o3,0.06224524127811043
recommendation,ssp434,2084,o3,0.061933211072065786
recommendation,ssp434,2085,o3,0.06151488620140849
recommendation,ssp434,2086,o3,0.06101540255784238
recommendation,ssp434,2087,o3,0.06044476073309846
recommendation,ssp434,2088,o3,0.059802125570091846
recommendation,ssp434,2089,o3,0.05908873691013378
recommendation,ssp434,2090,o3,0.05829771563896696
recommendation,ssp434,2091,o3,0.057478607152392225
recommendation,ssp434,2092,o3,0.05662369298626796
recommendation,ssp434,2093,o3,0.05572604089977157
recommendation,ssp434,2094,o3,0.054810043431600564
recommendation,ssp434,2095,o3,0.05389604476632687
recommendation,ssp434,2096,o3,0.05298945513154946
recommendation,ssp434,2097,o3,0.05209305942960801
recommendation,ssp434,2098,o3,0.051197217542886087
recommendation,ssp434,2099,o3,0.05029463099310888
recommendation,ssp434,2100,o3,0.04936989390610236
recommendation,ssp370-lowNTCF-gidden,2019,o3,0.0
recommendation,ssp370-lowNTCF-gidden,2020,o3,0.0011407447765485745
recommendation,ssp370-lowNTCF-gidden,2021,o3,0.00210730828777006
recommendation,ssp370-lowNTCF-gidden,2022,o3,0.0028389142785890664
recommendation,ssp370-lowNTCF-gidden,2023,o3,0.003219505424642055
recommendation,ssp370-lowNTCF-gidden,2024,o3,0.0031803394118583572
recommendation,ssp370-lowNTCF-gidden,2025,o3,0.0026878787450781982
recommendation,ssp370-lowNTCF-gidden,2026,o3,0.001736772723742508
recommendation,ssp370-lowNTCF-gidden,2027,o3,0.00032970954240557626
recommendation,ssp370-lowNTCF-gidden,2028,o3,-0.0015263401876563498
recommendation,ssp370-lowNTCF-gidden,2029,o3,-0.003832156551640431
recommendation,ssp370-lowNTCF-gidden,2030,o3,-0.006574416579093023
recommendation,ssp370-lowNTCF-gidden,2031,o3,-0.00964511208297486
recommendation,ssp370-lowNTCF-gidden,2032,o3,-0.013000597774156741
recommendation,ssp370-lowNTCF-gidden,2033,o3,-0.016557821118734273
recommendation,ssp370-lowNTCF-gidden,2034,o3,-0.020267314970629946
recommendation,ssp370-lowNTCF-gidden,2035,o3,-0.024099877636967942
recommendation,ssp370-lowNTCF-gidden,2036,o3,-0.028003366281089376
recommendation,ssp370-lowNTCF-gidden,2037,o3,-0.031951304404199854
recommendation,ssp370-lowNTCF-gidden,2038,o3,-0.03589961090669547
recommendation,ssp370-lowNTCF-gidden,2039,o3,-0.03983504885302505
recommendation,ssp370-lowNTCF-gidden,2040,o3,-0.043732827679095226
recommendation,ssp370-lowNTCF-gidden,2041,o3,-0.04772847939321348
recommendation,ssp370-lowNTCF-gidden,2042,o3,-0.05176833736784628
recommendation,ssp370-lowNTCF-gidden,2043,o3,-0.05580644354468306
recommendation,ssp370-lowNTCF-gidden,2044,o3,-0.05981436444419602
recommendation,ssp370-lowNTCF-gidden,2045,o3,-0.06377665416494502
recommendation,ssp370-lowNTCF-gidden,2046,o3,-0.06769781383271062
recommendation,ssp370-lowNTCF-gidden,2047,o3,-0.07156741808889266
recommendation,ssp370-lowNTCF-gidden,2048,o3,-0.07537913225842247
recommendation,ssp370-lowNTCF-gidden,2049,o3,-0.07911043615143146
recommendation,ssp370-lowNTCF-gidden,2050,o3,-0.08273273304889761
recommendation,ssp370-lowNTCF-gidden,2051,o3,-0.08574044026502262
recommendation,ssp370-lowNTCF-gidden,2052,o3,-0.088248068745576
recommendation,ssp370-lowNTCF-gidden,2053,o3,-0.09034433086286697
recommendation,ssp370-lowNTCF-gidden,2054,o3,-0.09210470088340514
recommendation,ssp370-lowNTCF-gidden,2055,o3,-0.09359963558617851
recommendation,ssp370-lowNTCF-gidden,2056,o3,-0.09489262478932656
recommendation,ssp370-lowNTCF-gidden,2057,o3,-0.09603082098316565
recommendation,ssp370-lowNTCF-gidden,2058,o3,-0.09702799662144324
recommendation,ssp370-lowNTCF-gidden,2059,o3,-0.09790106849680508
recommendation,ssp370-lowNTCF-gidden,2060,o3,-0.09866377856780406
recommendation,ssp370-lowNTCF-gidden,2061,o3,-0.09931354519490498
recommendation,ssp370-lowNTCF-gidden,2062,o3,-0.099860970050659
recommendation,ssp370-lowNTCF-gidden,2063,o3,-0.1003253939682274
recommendation,ssp370-lowNTCF-gidden,2064,o3,-0.10072860651018603
recommendation,ssp370-lowNTCF-gidden,2065,o3,-0.10108859172524842
recommendation,ssp370-lowNTCF-gidden,2066,o3,-0.10142337369596488
recommendation,ssp370-lowNTCF-gidden,2067,o3,-0.10175866657662333
recommendation,ssp370-lowNTCF-gidden,2068,o3,-0.10210500512598081
recommendation,ssp370-lowNTCF-gidden,2069,o3,-0.10245888901602859
recommendation,ssp370-lowNTCF-gidden,2070,o3,-0.10280364424618643
recommendation,ssp370-lowNTCF-gidden,2071,o3,-0.10311953582180461
recommendation,ssp370-lowNTCF-gidden,2072,o3,-0.10338946598791615
recommendation,ssp370-lowNTCF-gidden,2073,o3,-0.10360758026381953
recommendation,ssp370-lowNTCF-gidden,2074,o3,-0.10377299139025517
recommendation,ssp370-lowNTCF-gidden,2075,o3,-0.10388366585510297
recommendation,ssp370-lowNTCF-gidden,2076,o3,-0.1039454825539928
recommendation,ssp370-lowNTCF-gidden,2077,o3,-0.10396212642875774
recommendation,ssp370-lowNTCF-gidden,2078,o3,-0.10394481028889102
recommendation,ssp370-lowNTCF-gidden,2079,o3,-0.1039079679992981
recommendation,ssp370-lowNTCF-gidden,2080,o3,-0.10385972315971498
recommendation,ssp370-lowNTCF-gidden,2081,o3,-0.1037828974302118
recommendation,ssp370-lowNTCF-gidden,2082,o3,-0.10367446551259155
recommendation,ssp370-lowNTCF-gidden,2083,o3,-0.1035356156669053
recommendation,ssp370-lowNTCF-gidden,2084,o3,-0.10336002684051673
recommendation,ssp370-lowNTCF-gidden,2085,o3,-0.1031534148609953
recommendation,ssp370-lowNTCF-gidden,2086,o3,-0.10291063773668685
recommendation,ssp370-lowNTCF-gidden,2087,o3,-0.10263856103813762
recommendation,ssp370-lowNTCF-gidden,2088,o3,-0.1023514068187874
recommendation,ssp370-lowNTCF-gidden,2089,o3,-0.10205924282326945
recommendation,ssp370-lowNTCF-gidden,2090,o3,-0.1017780499412019
recommendation,ssp370-lowNTCF-gidden,2091,o3,-0.10153139393191604
recommendation,ssp370-lowNTCF-gidden,2092,o3,-0.10131678870597494
recommendation,ssp370-lowNTCF-gidden,2093,o3,-0.10113299898098235
recommendation,ssp370-lowNTCF-gidden,2094,o3,-0.10094813426139307
recommendation,ssp370-lowNTCF-gidden,2095,o3,-0.10073763044005518
recommendation,ssp370-lowNTCF-gidden,2096,o3,-0.10049329076698726
recommendation,ssp370-lowNTCF-gidden,2097,o3,-0.10021111218991965
recommendation,ssp370-lowNTCF-gidden,2098,o3,-0.09990061043514664
recommendation,ssp370-lowNTCF-gidden,2099,o3,-0.09956894870862609
recommendation,ssp370-lowNTCF-gidden,2100,o3,-0.09923232596774581
