scenario,year,p95-p50,p05-p50,base_period,variable
ssp119,2020,0.0,0.0,2020,"Sum SLCF (Aerosols, Methane, Ozone, HFCs)"
ssp119,2021,0.007728536750416003,-0.0062440175709129984,2020,"Sum SLCF (Aerosols, Methane, Ozone, HFCs)"
ssp119,2022,0.016442476450081005,-0.013410326646016001,2020,"Sum SLCF (Aerosols, Methane, Ozone, HFCs)"
ssp119,2023,0.026483131160932,-0.021413786280082996,2020,"Sum SLCF (Aerosols, Methane, Ozone, HFCs)"
ssp119,2024,0.037631301686253005,-0.029592310909436002,2020,"Sum SLCF (Aerosols, Methane, Ozone, HFCs)"
ssp119,2025,0.04986187559253099,-0.038192474744981,2020,"Sum SLCF (Aerosols, Methane, Ozone, HFCs)"
ssp119,2026,0.06179911389347399,-0.04728092714374,2020,"Sum SLCF (Aerosols, Methane, Ozone, HFCs)"
ssp119,2027,0.07427479411149099,-0.056692215066573,2020,"Sum SLCF (Aerosols, Methane, Ozone, HFCs)"
ssp119,2028,0.08757073058186503,-0.06614006467964899,2020,"Sum SLCF (Aerosols, Methane, Ozone, HFCs)"
ssp119,2029,0.10093665027803399,-0.07578173017236901,2020,"Sum SLCF (Aerosols, Methane, Ozone, HFCs)"
ssp119,2030,0.116168078356393,-0.085725036306721,2020,"Sum SLCF (Aerosols, Methane, Ozone, HFCs)"
ssp119,2031,0.12900869793055,-0.094717421986412,2020,"Sum SLCF (Aerosols, Methane, Ozone, HFCs)"
ssp119,2032,0.14048458131290198,-0.101975545642146,2020,"Sum SLCF (Aerosols, Methane, Ozone, HFCs)"
ssp119,2033,0.151010504852085,-0.10769850233528298,2020,"Sum SLCF (Aerosols, Methane, Ozone, HFCs)"
ssp119,2034,0.15899465449984898,-0.111583244988094,2020,"Sum SLCF (Aerosols, Methane, Ozone, HFCs)"
ssp119,2035,0.166365464301088,-0.11502727575548599,2020,"Sum SLCF (Aerosols, Methane, Ozone, HFCs)"
ssp119,2036,0.17289350924690802,-0.118382598882716,2020,"Sum SLCF (Aerosols, Methane, Ozone, HFCs)"
ssp119,2037,0.17797023545940802,-0.12090121696181699,2020,"Sum SLCF (Aerosols, Methane, Ozone, HFCs)"
ssp119,2038,0.18254385420571803,-0.123865231969015,2020,"Sum SLCF (Aerosols, Methane, Ozone, HFCs)"
ssp119,2039,0.18705521812958104,-0.125512763052705,2020,"Sum SLCF (Aerosols, Methane, Ozone, HFCs)"
ssp119,2040,0.19152207359470497,-0.12674821116593302,2020,"Sum SLCF (Aerosols, Methane, Ozone, HFCs)"
ssp119,2041,0.19515673750572804,-0.128825887703304,2020,"Sum SLCF (Aerosols, Methane, Ozone, HFCs)"
ssp119,2042,0.19885898925566303,-0.130483734216204,2020,"Sum SLCF (Aerosols, Methane, Ozone, HFCs)"
ssp119,2043,0.20197082858301002,-0.132965334844031,2020,"Sum SLCF (Aerosols, Methane, Ozone, HFCs)"
ssp119,2044,0.204745272463357,-0.13535244974894,2020,"Sum SLCF (Aerosols, Methane, Ozone, HFCs)"
ssp119,2045,0.20805461994083002,-0.138008872440809,2020,"Sum SLCF (Aerosols, Methane, Ozone, HFCs)"
ssp119,2046,0.211974356748663,-0.14017324817415,2020,"Sum SLCF (Aerosols, Methane, Ozone, HFCs)"
ssp119,2047,0.214635403391891,-0.142075175912836,2020,"Sum SLCF (Aerosols, Methane, Ozone, HFCs)"
ssp119,2048,0.21772249450555503,-0.144439583826204,2020,"Sum SLCF (Aerosols, Methane, Ozone, HFCs)"
ssp119,2049,0.22191056266153697,-0.146206215327702,2020,"Sum SLCF (Aerosols, Methane, Ozone, HFCs)"
ssp119,2050,0.22633684179713606,-0.148159957474265,2020,"Sum SLCF (Aerosols, Methane, Ozone, HFCs)"
ssp119,2051,0.23071602602692998,-0.150054579291106,2020,"Sum SLCF (Aerosols, Methane, Ozone, HFCs)"
ssp119,2052,0.23582301107820403,-0.151130351023106,2020,"Sum SLCF (Aerosols, Methane, Ozone, HFCs)"
ssp119,2053,0.23740471524369708,-0.15258795165927097,2020,"Sum SLCF (Aerosols, Methane, Ozone, HFCs)"
ssp119,2054,0.240688721177291,-0.153711006842925,2020,"Sum SLCF (Aerosols, Methane, Ozone, HFCs)"
ssp119,2055,0.24469205962507604,-0.154319463952706,2020,"Sum SLCF (Aerosols, Methane, Ozone, HFCs)"
ssp119,2056,0.247192902115665,-0.155290909264298,2020,"Sum SLCF (Aerosols, Methane, Ozone, HFCs)"
ssp119,2057,0.24919519857766997,-0.156463469443419,2020,"Sum SLCF (Aerosols, Methane, Ozone, HFCs)"
ssp119,2058,0.251519775404121,-0.157347996666744,2020,"Sum SLCF (Aerosols, Methane, Ozone, HFCs)"
ssp119,2059,0.252375740408751,-0.158649249817683,2020,"Sum SLCF (Aerosols, Methane, Ozone, HFCs)"
ssp119,2060,0.25323981842323096,-0.159211083674336,2020,"Sum SLCF (Aerosols, Methane, Ozone, HFCs)"
ssp119,2061,0.254591374294634,-0.159941435772765,2020,"Sum SLCF (Aerosols, Methane, Ozone, HFCs)"
ssp119,2062,0.25604154730851497,-0.16066067220405303,2020,"Sum SLCF (Aerosols, Methane, Ozone, HFCs)"
ssp119,2063,0.25689950650111204,-0.16102242395924302,2020,"Sum SLCF (Aerosols, Methane, Ozone, HFCs)"
ssp119,2064,0.257340838226634,-0.161692294778155,2020,"Sum SLCF (Aerosols, Methane, Ozone, HFCs)"
ssp119,2065,0.25789729393137195,-0.16245574205437102,2020,"Sum SLCF (Aerosols, Methane, Ozone, HFCs)"
ssp119,2066,0.258827081274276,-0.162449612911579,2020,"Sum SLCF (Aerosols, Methane, Ozone, HFCs)"
ssp119,2067,0.260175411593213,-0.16326893025189299,2020,"Sum SLCF (Aerosols, Methane, Ozone, HFCs)"
ssp119,2068,0.26135776696596696,-0.164150954339703,2020,"Sum SLCF (Aerosols, Methane, Ozone, HFCs)"
ssp119,2069,0.262043807233335,-0.16495848394117,2020,"Sum SLCF (Aerosols, Methane, Ozone, HFCs)"
ssp119,2070,0.26260379968150604,-0.16559710192403101,2020,"Sum SLCF (Aerosols, Methane, Ozone, HFCs)"
ssp119,2071,0.26344967750407805,-0.16625449703149303,2020,"Sum SLCF (Aerosols, Methane, Ozone, HFCs)"
ssp119,2072,0.26527575363676,-0.166580593565434,2020,"Sum SLCF (Aerosols, Methane, Ozone, HFCs)"
ssp119,2073,0.266763004329352,-0.16730613593446098,2020,"Sum SLCF (Aerosols, Methane, Ozone, HFCs)"
ssp119,2074,0.267752047723128,-0.168385693600854,2020,"Sum SLCF (Aerosols, Methane, Ozone, HFCs)"
ssp119,2075,0.2697764195249,-0.169400616724048,2020,"Sum SLCF (Aerosols, Methane, Ozone, HFCs)"
ssp119,2076,0.27093728885124996,-0.170344570276897,2020,"Sum SLCF (Aerosols, Methane, Ozone, HFCs)"
ssp119,2077,0.271999420637312,-0.171944056413341,2020,"Sum SLCF (Aerosols, Methane, Ozone, HFCs)"
ssp119,2078,0.27321026751652705,-0.17369035138375,2020,"Sum SLCF (Aerosols, Methane, Ozone, HFCs)"
ssp119,2079,0.27454674523735006,-0.174959576176679,2020,"Sum SLCF (Aerosols, Methane, Ozone, HFCs)"
ssp119,2080,0.276855621346491,-0.17586522826473697,2020,"Sum SLCF (Aerosols, Methane, Ozone, HFCs)"
ssp119,2081,0.279011975738417,-0.176649894635814,2020,"Sum SLCF (Aerosols, Methane, Ozone, HFCs)"
ssp119,2082,0.28085973385270596,-0.177554192275742,2020,"Sum SLCF (Aerosols, Methane, Ozone, HFCs)"
ssp119,2083,0.282203302824358,-0.1782854101283,2020,"Sum SLCF (Aerosols, Methane, Ozone, HFCs)"
ssp119,2084,0.283803801885037,-0.17865418182656503,2020,"Sum SLCF (Aerosols, Methane, Ozone, HFCs)"
ssp119,2085,0.285324367899025,-0.17905575684883998,2020,"Sum SLCF (Aerosols, Methane, Ozone, HFCs)"
ssp119,2086,0.286620620504273,-0.179752086652965,2020,"Sum SLCF (Aerosols, Methane, Ozone, HFCs)"
ssp119,2087,0.287880474688816,-0.180363617485217,2020,"Sum SLCF (Aerosols, Methane, Ozone, HFCs)"
ssp119,2088,0.288875114201857,-0.18102339191668199,2020,"Sum SLCF (Aerosols, Methane, Ozone, HFCs)"
ssp119,2089,0.289829976111949,-0.18205639019217898,2020,"Sum SLCF (Aerosols, Methane, Ozone, HFCs)"
ssp119,2090,0.29160610203737297,-0.18281959099981102,2020,"Sum SLCF (Aerosols, Methane, Ozone, HFCs)"
ssp119,2091,0.292866556069164,-0.183441100016121,2020,"Sum SLCF (Aerosols, Methane, Ozone, HFCs)"
ssp119,2092,0.293925281387735,-0.18418977146360002,2020,"Sum SLCF (Aerosols, Methane, Ozone, HFCs)"
ssp119,2093,0.294825969957469,-0.18528509841241497,2020,"Sum SLCF (Aerosols, Methane, Ozone, HFCs)"
ssp119,2094,0.296180030643477,-0.186210592977675,2020,"Sum SLCF (Aerosols, Methane, Ozone, HFCs)"
ssp119,2095,0.297522016277901,-0.186593262670982,2020,"Sum SLCF (Aerosols, Methane, Ozone, HFCs)"
ssp119,2096,0.29868348095951897,-0.187171558326406,2020,"Sum SLCF (Aerosols, Methane, Ozone, HFCs)"
ssp119,2097,0.30033950658311703,-0.18817306921684995,2020,"Sum SLCF (Aerosols, Methane, Ozone, HFCs)"
ssp119,2098,0.30336802204386504,-0.189267716383477,2020,"Sum SLCF (Aerosols, Methane, Ozone, HFCs)"
ssp119,2099,0.30525267930468397,-0.190422845583823,2020,"Sum SLCF (Aerosols, Methane, Ozone, HFCs)"
ssp119,2100,0.306740955910251,-0.19125944158655303,2020,"Sum SLCF (Aerosols, Methane, Ozone, HFCs)"
ssp126,2020,0.0,0.0,2020,"Sum SLCF (Aerosols, Methane, Ozone, HFCs)"
ssp126,2021,0.007426814179776,-0.005866777809465,2020,"Sum SLCF (Aerosols, Methane, Ozone, HFCs)"
ssp126,2022,0.015453221994885993,-0.012283237357315,2020,"Sum SLCF (Aerosols, Methane, Ozone, HFCs)"
ssp126,2023,0.024798387615822995,-0.018872847072814003,2020,"Sum SLCF (Aerosols, Methane, Ozone, HFCs)"
ssp126,2024,0.034549766306043,-0.025840355735250994,2020,"Sum SLCF (Aerosols, Methane, Ozone, HFCs)"
ssp126,2025,0.044438621484189006,-0.033084327171207996,2020,"Sum SLCF (Aerosols, Methane, Ozone, HFCs)"
ssp126,2026,0.05584285994359099,-0.040520118659038006,2020,"Sum SLCF (Aerosols, Methane, Ozone, HFCs)"
ssp126,2027,0.066637624647721,-0.047944680826891,2020,"Sum SLCF (Aerosols, Methane, Ozone, HFCs)"
ssp126,2028,0.077412037510387,-0.055812272966647,2020,"Sum SLCF (Aerosols, Methane, Ozone, HFCs)"
ssp126,2029,0.08856198064689298,-0.06379787694986444,2020,"Sum SLCF (Aerosols, Methane, Ozone, HFCs)"
ssp126,2030,0.09984711830794603,-0.071954143488906,2020,"Sum SLCF (Aerosols, Methane, Ozone, HFCs)"
ssp126,2031,0.110850561639286,-0.079269398047025,2020,"Sum SLCF (Aerosols, Methane, Ozone, HFCs)"
ssp126,2032,0.12110066352439003,-0.08489413346010499,2020,"Sum SLCF (Aerosols, Methane, Ozone, HFCs)"
ssp126,2033,0.12988133561193202,-0.09031955362746699,2020,"Sum SLCF (Aerosols, Methane, Ozone, HFCs)"
ssp126,2034,0.138225394568433,-0.095412809507934,2020,"Sum SLCF (Aerosols, Methane, Ozone, HFCs)"
ssp126,2035,0.14631280028147903,-0.09948686543179801,2020,"Sum SLCF (Aerosols, Methane, Ozone, HFCs)"
ssp126,2036,0.15372755379840597,-0.10290616110305101,2020,"Sum SLCF (Aerosols, Methane, Ozone, HFCs)"
ssp126,2037,0.16012852864521296,-0.10608488597747899,2020,"Sum SLCF (Aerosols, Methane, Ozone, HFCs)"
ssp126,2038,0.16623147009778502,-0.108998248314419,2020,"Sum SLCF (Aerosols, Methane, Ozone, HFCs)"
ssp126,2039,0.172213764409945,-0.111817302708382,2020,"Sum SLCF (Aerosols, Methane, Ozone, HFCs)"
ssp126,2040,0.177719123600514,-0.114972158439682,2020,"Sum SLCF (Aerosols, Methane, Ozone, HFCs)"
ssp126,2041,0.18226267352313902,-0.11802301546937599,2020,"Sum SLCF (Aerosols, Methane, Ozone, HFCs)"
ssp126,2042,0.186128754828096,-0.12057354283896601,2020,"Sum SLCF (Aerosols, Methane, Ozone, HFCs)"
ssp126,2043,0.18976204835455698,-0.12340543006581299,2020,"Sum SLCF (Aerosols, Methane, Ozone, HFCs)"
ssp126,2044,0.19370914522569005,-0.126161139850581,2020,"Sum SLCF (Aerosols, Methane, Ozone, HFCs)"
ssp126,2045,0.19678677410624099,-0.128436829376679,2020,"Sum SLCF (Aerosols, Methane, Ozone, HFCs)"
ssp126,2046,0.20004672021007502,-0.13071522371352098,2020,"Sum SLCF (Aerosols, Methane, Ozone, HFCs)"
ssp126,2047,0.203912144864866,-0.132454890152118,2020,"Sum SLCF (Aerosols, Methane, Ozone, HFCs)"
ssp126,2048,0.20712868232088297,-0.134561753909887,2020,"Sum SLCF (Aerosols, Methane, Ozone, HFCs)"
ssp126,2049,0.21011834351028896,-0.13652402896091903,2020,"Sum SLCF (Aerosols, Methane, Ozone, HFCs)"
ssp126,2050,0.21313906354231704,-0.138225910995182,2020,"Sum SLCF (Aerosols, Methane, Ozone, HFCs)"
ssp126,2051,0.21546785409052105,-0.140135902180288,2020,"Sum SLCF (Aerosols, Methane, Ozone, HFCs)"
ssp126,2052,0.21850334072962097,-0.14124469907668902,2020,"Sum SLCF (Aerosols, Methane, Ozone, HFCs)"
ssp126,2053,0.22096364818315595,-0.14269261194823799,2020,"Sum SLCF (Aerosols, Methane, Ozone, HFCs)"
ssp126,2054,0.223507929466136,-0.143916662439463,2020,"Sum SLCF (Aerosols, Methane, Ozone, HFCs)"
ssp126,2055,0.22552334343792504,-0.14527981495445,2020,"Sum SLCF (Aerosols, Methane, Ozone, HFCs)"
ssp126,2056,0.228070971149257,-0.145787968751646,2020,"Sum SLCF (Aerosols, Methane, Ozone, HFCs)"
ssp126,2057,0.23049512994718602,-0.146495189804643,2020,"Sum SLCF (Aerosols, Methane, Ozone, HFCs)"
ssp126,2058,0.23349019300552404,-0.147066374609939,2020,"Sum SLCF (Aerosols, Methane, Ozone, HFCs)"
ssp126,2059,0.23610837270068097,-0.14788785094776502,2020,"Sum SLCF (Aerosols, Methane, Ozone, HFCs)"
ssp126,2060,0.238270813310124,-0.149686269298448,2020,"Sum SLCF (Aerosols, Methane, Ozone, HFCs)"
ssp126,2061,0.24068989287002804,-0.150625470091881,2020,"Sum SLCF (Aerosols, Methane, Ozone, HFCs)"
ssp126,2062,0.24245942708456802,-0.15170113007956,2020,"Sum SLCF (Aerosols, Methane, Ozone, HFCs)"
ssp126,2063,0.24391625069345807,-0.152545286961774,2020,"Sum SLCF (Aerosols, Methane, Ozone, HFCs)"
ssp126,2064,0.24533856871509502,-0.15353773411031102,2020,"Sum SLCF (Aerosols, Methane, Ozone, HFCs)"
ssp126,2065,0.24718083427444695,-0.154263977006551,2020,"Sum SLCF (Aerosols, Methane, Ozone, HFCs)"
ssp126,2066,0.24845423863604102,-0.15478302740684097,2020,"Sum SLCF (Aerosols, Methane, Ozone, HFCs)"
ssp126,2067,0.25006606764250305,-0.155268986430796,2020,"Sum SLCF (Aerosols, Methane, Ozone, HFCs)"
ssp126,2068,0.250258467584603,-0.155935399248664,2020,"Sum SLCF (Aerosols, Methane, Ozone, HFCs)"
ssp126,2069,0.251282758757217,-0.156945028342802,2020,"Sum SLCF (Aerosols, Methane, Ozone, HFCs)"
ssp126,2070,0.25228508336533206,-0.15800741163841,2020,"Sum SLCF (Aerosols, Methane, Ozone, HFCs)"
ssp126,2071,0.25293537851266,-0.159051342526523,2020,"Sum SLCF (Aerosols, Methane, Ozone, HFCs)"
ssp126,2072,0.252979624511039,-0.159295364319692,2020,"Sum SLCF (Aerosols, Methane, Ozone, HFCs)"
ssp126,2073,0.25407261143324905,-0.16019684862038702,2020,"Sum SLCF (Aerosols, Methane, Ozone, HFCs)"
ssp126,2074,0.254963246763726,-0.16069886479559897,2020,"Sum SLCF (Aerosols, Methane, Ozone, HFCs)"
ssp126,2075,0.257162966675272,-0.161614661163826,2020,"Sum SLCF (Aerosols, Methane, Ozone, HFCs)"
ssp126,2076,0.25834528437705506,-0.162333841175972,2020,"Sum SLCF (Aerosols, Methane, Ozone, HFCs)"
ssp126,2077,0.26008307804472497,-0.16321429586089398,2020,"Sum SLCF (Aerosols, Methane, Ozone, HFCs)"
ssp126,2078,0.261309725991938,-0.164637299839534,2020,"Sum SLCF (Aerosols, Methane, Ozone, HFCs)"
ssp126,2079,0.263097608598722,-0.16591636326259301,2020,"Sum SLCF (Aerosols, Methane, Ozone, HFCs)"
ssp126,2080,0.26468239361324997,-0.167204054534822,2020,"Sum SLCF (Aerosols, Methane, Ozone, HFCs)"
ssp126,2081,0.26589690933000404,-0.168344905608559,2020,"Sum SLCF (Aerosols, Methane, Ozone, HFCs)"
ssp126,2082,0.266931209540847,-0.16936891924179098,2020,"Sum SLCF (Aerosols, Methane, Ozone, HFCs)"
ssp126,2083,0.267696808452255,-0.1703340904734,2020,"Sum SLCF (Aerosols, Methane, Ozone, HFCs)"
ssp126,2084,0.26827278794092096,-0.17113799283880998,2020,"Sum SLCF (Aerosols, Methane, Ozone, HFCs)"
ssp126,2085,0.26969838399435797,-0.17246855949308998,2020,"Sum SLCF (Aerosols, Methane, Ozone, HFCs)"
ssp126,2086,0.27145080557586604,-0.17328218744740498,2020,"Sum SLCF (Aerosols, Methane, Ozone, HFCs)"
ssp126,2087,0.273397890168995,-0.17393847988143696,2020,"Sum SLCF (Aerosols, Methane, Ozone, HFCs)"
ssp126,2088,0.27579406068510404,-0.17465994619514302,2020,"Sum SLCF (Aerosols, Methane, Ozone, HFCs)"
ssp126,2089,0.27821270537172094,-0.175456433752055,2020,"Sum SLCF (Aerosols, Methane, Ozone, HFCs)"
ssp126,2090,0.280030948796117,-0.17671015496153702,2020,"Sum SLCF (Aerosols, Methane, Ozone, HFCs)"
ssp126,2091,0.282250677517445,-0.176733079696682,2020,"Sum SLCF (Aerosols, Methane, Ozone, HFCs)"
ssp126,2092,0.284617442601958,-0.177640974137846,2020,"Sum SLCF (Aerosols, Methane, Ozone, HFCs)"
ssp126,2093,0.286441114977284,-0.17899266535697497,2020,"Sum SLCF (Aerosols, Methane, Ozone, HFCs)"
ssp126,2094,0.288233654857619,-0.18054001221773397,2020,"Sum SLCF (Aerosols, Methane, Ozone, HFCs)"
ssp126,2095,0.291427617166031,-0.181925173813227,2020,"Sum SLCF (Aerosols, Methane, Ozone, HFCs)"
ssp126,2096,0.294816819841279,-0.18341155042318197,2020,"Sum SLCF (Aerosols, Methane, Ozone, HFCs)"
ssp126,2097,0.29703617079228795,-0.184803973839514,2020,"Sum SLCF (Aerosols, Methane, Ozone, HFCs)"
ssp126,2098,0.29911468250870593,-0.186835765419228,2020,"Sum SLCF (Aerosols, Methane, Ozone, HFCs)"
ssp126,2099,0.301714155144107,-0.18841247752023,2020,"Sum SLCF (Aerosols, Methane, Ozone, HFCs)"
ssp126,2100,0.304917738741807,-0.18928843159965902,2020,"Sum SLCF (Aerosols, Methane, Ozone, HFCs)"
ssp245,2020,0.0,0.0,2020,"Sum SLCF (Aerosols, Methane, Ozone, HFCs)"
ssp245,2021,0.0066647787600869965,-0.005330358255054001,2020,"Sum SLCF (Aerosols, Methane, Ozone, HFCs)"
ssp245,2022,0.012140004962503004,-0.009220563782381001,2020,"Sum SLCF (Aerosols, Methane, Ozone, HFCs)"
ssp245,2023,0.017084935943067002,-0.01213291543149,2020,"Sum SLCF (Aerosols, Methane, Ozone, HFCs)"
ssp245,2024,0.021523848969136,-0.014069352148872998,2020,"Sum SLCF (Aerosols, Methane, Ozone, HFCs)"
ssp245,2025,0.025235553278322997,-0.015643237228591,2020,"Sum SLCF (Aerosols, Methane, Ozone, HFCs)"
ssp245,2026,0.029114089910650003,-0.017019503542316,2020,"Sum SLCF (Aerosols, Methane, Ozone, HFCs)"
ssp245,2027,0.031888240365040996,-0.018658864269880004,2020,"Sum SLCF (Aerosols, Methane, Ozone, HFCs)"
ssp245,2028,0.034516607279471,-0.019967634905767008,2020,"Sum SLCF (Aerosols, Methane, Ozone, HFCs)"
ssp245,2029,0.03723916293121501,-0.02149100496553499,2020,"Sum SLCF (Aerosols, Methane, Ozone, HFCs)"
ssp245,2030,0.03923257068693099,-0.023061154250305006,2020,"Sum SLCF (Aerosols, Methane, Ozone, HFCs)"
ssp245,2031,0.041788170887177005,-0.024549277446424003,2020,"Sum SLCF (Aerosols, Methane, Ozone, HFCs)"
ssp245,2032,0.04408374493107799,-0.026691075337034,2020,"Sum SLCF (Aerosols, Methane, Ozone, HFCs)"
ssp245,2033,0.047211466083854,-0.028646446165491002,2020,"Sum SLCF (Aerosols, Methane, Ozone, HFCs)"
ssp245,2034,0.049742457937104995,-0.030760502842730013,2020,"Sum SLCF (Aerosols, Methane, Ozone, HFCs)"
ssp245,2035,0.052901303728338,-0.03302048670636701,2020,"Sum SLCF (Aerosols, Methane, Ozone, HFCs)"
ssp245,2036,0.055405266689040986,-0.03571645598839001,2020,"Sum SLCF (Aerosols, Methane, Ozone, HFCs)"
ssp245,2037,0.05763735109961399,-0.03853277113606901,2020,"Sum SLCF (Aerosols, Methane, Ozone, HFCs)"
ssp245,2038,0.060096175326852005,-0.04080559427305399,2020,"Sum SLCF (Aerosols, Methane, Ozone, HFCs)"
ssp245,2039,0.063608266690759,-0.043414647871913015,2020,"Sum SLCF (Aerosols, Methane, Ozone, HFCs)"
ssp245,2040,0.066858633022967,-0.046369121443156,2020,"Sum SLCF (Aerosols, Methane, Ozone, HFCs)"
ssp245,2041,0.07053702703753001,-0.048959292643713,2020,"Sum SLCF (Aerosols, Methane, Ozone, HFCs)"
ssp245,2042,0.07491456325054303,-0.051930616740093,2020,"Sum SLCF (Aerosols, Methane, Ozone, HFCs)"
ssp245,2043,0.07880897741194001,-0.054399862020232004,2020,"Sum SLCF (Aerosols, Methane, Ozone, HFCs)"
ssp245,2044,0.08337310995159403,-0.05724278953276299,2020,"Sum SLCF (Aerosols, Methane, Ozone, HFCs)"
ssp245,2045,0.08751808716353301,-0.06051802033430499,2020,"Sum SLCF (Aerosols, Methane, Ozone, HFCs)"
ssp245,2046,0.09184840990920701,-0.06389050583948302,2020,"Sum SLCF (Aerosols, Methane, Ozone, HFCs)"
ssp245,2047,0.09637678212594497,-0.06729383455483402,2020,"Sum SLCF (Aerosols, Methane, Ozone, HFCs)"
ssp245,2048,0.09986711673779602,-0.070637428770316,2020,"Sum SLCF (Aerosols, Methane, Ozone, HFCs)"
ssp245,2049,0.103767581564021,-0.07388393613569,2020,"Sum SLCF (Aerosols, Methane, Ozone, HFCs)"
ssp245,2050,0.108368375303773,-0.07631550363599202,2020,"Sum SLCF (Aerosols, Methane, Ozone, HFCs)"
ssp245,2051,0.11284883122562603,-0.079060515540707,2020,"Sum SLCF (Aerosols, Methane, Ozone, HFCs)"
ssp245,2052,0.11725503287513203,-0.08168085956842996,2020,"Sum SLCF (Aerosols, Methane, Ozone, HFCs)"
ssp245,2053,0.121741308457893,-0.08424890903278201,2020,"Sum SLCF (Aerosols, Methane, Ozone, HFCs)"
ssp245,2054,0.12508617514861697,-0.08689393951133001,2020,"Sum SLCF (Aerosols, Methane, Ozone, HFCs)"
ssp245,2055,0.12904270230417803,-0.089354892932641,2020,"Sum SLCF (Aerosols, Methane, Ozone, HFCs)"
ssp245,2056,0.133739111959203,-0.09137990767088998,2020,"Sum SLCF (Aerosols, Methane, Ozone, HFCs)"
ssp245,2057,0.13800839144799398,-0.09337366242797202,2020,"Sum SLCF (Aerosols, Methane, Ozone, HFCs)"
ssp245,2058,0.14103544843395205,-0.09501527939799197,2020,"Sum SLCF (Aerosols, Methane, Ozone, HFCs)"
ssp245,2059,0.14602211042487495,-0.097559604659773,2020,"Sum SLCF (Aerosols, Methane, Ozone, HFCs)"
ssp245,2060,0.14998990081879499,-0.09945256890067602,2020,"Sum SLCF (Aerosols, Methane, Ozone, HFCs)"
ssp245,2061,0.153216814007461,-0.100650255748042,2020,"Sum SLCF (Aerosols, Methane, Ozone, HFCs)"
ssp245,2062,0.157997675118992,-0.10311304039110203,2020,"Sum SLCF (Aerosols, Methane, Ozone, HFCs)"
ssp245,2063,0.161379444185493,-0.10525699772319698,2020,"Sum SLCF (Aerosols, Methane, Ozone, HFCs)"
ssp245,2064,0.165930135737301,-0.108036538632844,2020,"Sum SLCF (Aerosols, Methane, Ozone, HFCs)"
ssp245,2065,0.169242352647991,-0.11036510648116504,2020,"Sum SLCF (Aerosols, Methane, Ozone, HFCs)"
ssp245,2066,0.17277578915763295,-0.11219186629807401,2020,"Sum SLCF (Aerosols, Methane, Ozone, HFCs)"
ssp245,2067,0.17497511030379703,-0.11372931515349499,2020,"Sum SLCF (Aerosols, Methane, Ozone, HFCs)"
ssp245,2068,0.17864209339860004,-0.11538018337371699,2020,"Sum SLCF (Aerosols, Methane, Ozone, HFCs)"
ssp245,2069,0.18315953232888302,-0.11723287986375397,2020,"Sum SLCF (Aerosols, Methane, Ozone, HFCs)"
ssp245,2070,0.187753378511859,-0.119477378579026,2020,"Sum SLCF (Aerosols, Methane, Ozone, HFCs)"
ssp245,2071,0.190601718004892,-0.12236532572170297,2020,"Sum SLCF (Aerosols, Methane, Ozone, HFCs)"
ssp245,2072,0.195385969459275,-0.12482732886508201,2020,"Sum SLCF (Aerosols, Methane, Ozone, HFCs)"
ssp245,2073,0.19729499170462703,-0.127474688549693,2020,"Sum SLCF (Aerosols, Methane, Ozone, HFCs)"
ssp245,2074,0.20119110489162897,-0.129652272813448,2020,"Sum SLCF (Aerosols, Methane, Ozone, HFCs)"
ssp245,2075,0.20636648275451797,-0.13198555977630205,2020,"Sum SLCF (Aerosols, Methane, Ozone, HFCs)"
ssp245,2076,0.21223391486618604,-0.133664903806712,2020,"Sum SLCF (Aerosols, Methane, Ozone, HFCs)"
ssp245,2077,0.21672588666265807,-0.135528028756093,2020,"Sum SLCF (Aerosols, Methane, Ozone, HFCs)"
ssp245,2078,0.22147305918527094,-0.137201954551468,2020,"Sum SLCF (Aerosols, Methane, Ozone, HFCs)"
ssp245,2079,0.22539251791555096,-0.138862841106696,2020,"Sum SLCF (Aerosols, Methane, Ozone, HFCs)"
ssp245,2080,0.229735415036793,-0.14086086714507198,2020,"Sum SLCF (Aerosols, Methane, Ozone, HFCs)"
ssp245,2081,0.23342858862868499,-0.143155573883513,2020,"Sum SLCF (Aerosols, Methane, Ozone, HFCs)"
ssp245,2082,0.237860451020786,-0.145533016772599,2020,"Sum SLCF (Aerosols, Methane, Ozone, HFCs)"
ssp245,2083,0.24262952828231296,-0.14783279395832302,2020,"Sum SLCF (Aerosols, Methane, Ozone, HFCs)"
ssp245,2084,0.24711268941679104,-0.150845533571763,2020,"Sum SLCF (Aerosols, Methane, Ozone, HFCs)"
ssp245,2085,0.2524719364364,-0.15309668954378697,2020,"Sum SLCF (Aerosols, Methane, Ozone, HFCs)"
ssp245,2086,0.258619677317026,-0.15462831618331302,2020,"Sum SLCF (Aerosols, Methane, Ozone, HFCs)"
ssp245,2087,0.26363507525778596,-0.157106713842174,2020,"Sum SLCF (Aerosols, Methane, Ozone, HFCs)"
ssp245,2088,0.26994769610094094,-0.16022597698166702,2020,"Sum SLCF (Aerosols, Methane, Ozone, HFCs)"
ssp245,2089,0.2757002974761019,-0.16288077916494603,2020,"Sum SLCF (Aerosols, Methane, Ozone, HFCs)"
ssp245,2090,0.28118365428234493,-0.165256661009051,2020,"Sum SLCF (Aerosols, Methane, Ozone, HFCs)"
ssp245,2091,0.28529173478940995,-0.16729227822097004,2020,"Sum SLCF (Aerosols, Methane, Ozone, HFCs)"
ssp245,2092,0.290176903639249,-0.16938754872562303,2020,"Sum SLCF (Aerosols, Methane, Ozone, HFCs)"
ssp245,2093,0.2938464553945589,-0.171285912445085,2020,"Sum SLCF (Aerosols, Methane, Ozone, HFCs)"
ssp245,2094,0.2976538845354941,-0.173182555013062,2020,"Sum SLCF (Aerosols, Methane, Ozone, HFCs)"
ssp245,2095,0.30211482466106604,-0.174760687865509,2020,"Sum SLCF (Aerosols, Methane, Ozone, HFCs)"
ssp245,2096,0.30494525207206696,-0.17646913395987202,2020,"Sum SLCF (Aerosols, Methane, Ozone, HFCs)"
ssp245,2097,0.30736788025963613,-0.17788580165329498,2020,"Sum SLCF (Aerosols, Methane, Ozone, HFCs)"
ssp245,2098,0.3102684938029471,-0.17903368764052802,2020,"Sum SLCF (Aerosols, Methane, Ozone, HFCs)"
ssp245,2099,0.31225382451979994,-0.18072752326234104,2020,"Sum SLCF (Aerosols, Methane, Ozone, HFCs)"
ssp245,2100,0.31446124837434797,-0.18171242230795903,2020,"Sum SLCF (Aerosols, Methane, Ozone, HFCs)"
ssp334,2020,0.0,0.0,2020,"Sum SLCF (Aerosols, Methane, Ozone, HFCs)"
ssp334,2021,0.004968295266925,-0.008630296113933,2020,"Sum SLCF (Aerosols, Methane, Ozone, HFCs)"
ssp334,2022,0.008491992159704,-0.015522564643597005,2020,"Sum SLCF (Aerosols, Methane, Ozone, HFCs)"
ssp334,2023,0.011194419157601,-0.020775067175626,2020,"Sum SLCF (Aerosols, Methane, Ozone, HFCs)"
ssp334,2024,0.013192470812226999,-0.025002617644469,2020,"Sum SLCF (Aerosols, Methane, Ozone, HFCs)"
ssp334,2025,0.014653717662945294,-0.028293245103348706,2020,"Sum SLCF (Aerosols, Methane, Ozone, HFCs)"
ssp334,2026,0.015698552475624,-0.030715140161931002,2020,"Sum SLCF (Aerosols, Methane, Ozone, HFCs)"
ssp334,2027,0.016888058809367,-0.032497506624119,2020,"Sum SLCF (Aerosols, Methane, Ozone, HFCs)"
ssp334,2028,0.017566231647024998,-0.033940247572311004,2020,"Sum SLCF (Aerosols, Methane, Ozone, HFCs)"
ssp334,2029,0.018618748391307994,-0.035259458330257995,2020,"Sum SLCF (Aerosols, Methane, Ozone, HFCs)"
ssp334,2030,0.019817752869764997,-0.036048290256334,2020,"Sum SLCF (Aerosols, Methane, Ozone, HFCs)"
ssp334,2031,0.020608948332651998,-0.035279070028703,2020,"Sum SLCF (Aerosols, Methane, Ozone, HFCs)"
ssp334,2032,0.02164123120571,-0.033908760414763005,2020,"Sum SLCF (Aerosols, Methane, Ozone, HFCs)"
ssp334,2033,0.02357881094976501,-0.031343861638936,2020,"Sum SLCF (Aerosols, Methane, Ozone, HFCs)"
ssp334,2034,0.026346833645929997,-0.028718781291161004,2020,"Sum SLCF (Aerosols, Methane, Ozone, HFCs)"
ssp334,2035,0.029720839747178,-0.026521527639791008,2020,"Sum SLCF (Aerosols, Methane, Ozone, HFCs)"
ssp334,2036,0.034425285999613,-0.024692671351801997,2020,"Sum SLCF (Aerosols, Methane, Ozone, HFCs)"
ssp334,2037,0.03855758210026401,-0.027360895904932,2020,"Sum SLCF (Aerosols, Methane, Ozone, HFCs)"
ssp334,2038,0.04406820133978201,-0.031095409763483982,2020,"Sum SLCF (Aerosols, Methane, Ozone, HFCs)"
ssp334,2039,0.050281078687405015,-0.03546555837572501,2020,"Sum SLCF (Aerosols, Methane, Ozone, HFCs)"
ssp334,2040,0.05712832228758001,-0.04056531915103501,2020,"Sum SLCF (Aerosols, Methane, Ozone, HFCs)"
ssp334,2041,0.065058178705034,-0.046221992680804,2020,"Sum SLCF (Aerosols, Methane, Ozone, HFCs)"
ssp334,2042,0.07172487506748498,-0.05132626794408999,2020,"Sum SLCF (Aerosols, Methane, Ozone, HFCs)"
ssp334,2043,0.07745604247513699,-0.055674996945639016,2020,"Sum SLCF (Aerosols, Methane, Ozone, HFCs)"
ssp334,2044,0.08226188993176896,-0.058951990628676995,2020,"Sum SLCF (Aerosols, Methane, Ozone, HFCs)"
ssp334,2045,0.08604837482668201,-0.06199520781442801,2020,"Sum SLCF (Aerosols, Methane, Ozone, HFCs)"
ssp334,2046,0.09063797762507599,-0.06491406856780099,2020,"Sum SLCF (Aerosols, Methane, Ozone, HFCs)"
ssp334,2047,0.094519497517502,-0.06748407787282001,2020,"Sum SLCF (Aerosols, Methane, Ozone, HFCs)"
ssp334,2048,0.098942332678674,-0.07034056517787998,2020,"Sum SLCF (Aerosols, Methane, Ozone, HFCs)"
ssp334,2049,0.10260501232049205,-0.07215867564842199,2020,"Sum SLCF (Aerosols, Methane, Ozone, HFCs)"
ssp334,2050,0.10553433596197699,-0.07431523538225701,2020,"Sum SLCF (Aerosols, Methane, Ozone, HFCs)"
ssp334,2051,0.108594913377482,-0.07617035431573102,2020,"Sum SLCF (Aerosols, Methane, Ozone, HFCs)"
ssp334,2052,0.11163709287521599,-0.07776374034570901,2020,"Sum SLCF (Aerosols, Methane, Ozone, HFCs)"
ssp334,2053,0.11437030033133999,-0.07929767044384001,2020,"Sum SLCF (Aerosols, Methane, Ozone, HFCs)"
ssp334,2054,0.11663618567347701,-0.08006122610662199,2020,"Sum SLCF (Aerosols, Methane, Ozone, HFCs)"
ssp334,2055,0.11889861970635097,-0.081813464731437,2020,"Sum SLCF (Aerosols, Methane, Ozone, HFCs)"
ssp334,2056,0.12024518503363199,-0.08363543655797,2020,"Sum SLCF (Aerosols, Methane, Ozone, HFCs)"
ssp334,2057,0.12171228681131402,-0.085401031505106,2020,"Sum SLCF (Aerosols, Methane, Ozone, HFCs)"
ssp334,2058,0.12378000127365998,-0.086937182657108,2020,"Sum SLCF (Aerosols, Methane, Ozone, HFCs)"
ssp334,2059,0.12557852238406297,-0.08817321117041102,2020,"Sum SLCF (Aerosols, Methane, Ozone, HFCs)"
ssp334,2060,0.127056768188766,-0.089499789435386,2020,"Sum SLCF (Aerosols, Methane, Ozone, HFCs)"
ssp334,2061,0.12940495623911696,-0.090497626271641,2020,"Sum SLCF (Aerosols, Methane, Ozone, HFCs)"
ssp334,2062,0.13081189113422198,-0.09182298644451398,2020,"Sum SLCF (Aerosols, Methane, Ozone, HFCs)"
ssp334,2063,0.13306148797576298,-0.092901655324864,2020,"Sum SLCF (Aerosols, Methane, Ozone, HFCs)"
ssp334,2064,0.133905839865511,-0.09459923579641102,2020,"Sum SLCF (Aerosols, Methane, Ozone, HFCs)"
ssp334,2065,0.135013175377164,-0.09672428577001699,2020,"Sum SLCF (Aerosols, Methane, Ozone, HFCs)"
ssp334,2066,0.137003740432747,-0.09842348805291701,2020,"Sum SLCF (Aerosols, Methane, Ozone, HFCs)"
ssp334,2067,0.13854585422652999,-0.098971041960003,2020,"Sum SLCF (Aerosols, Methane, Ozone, HFCs)"
ssp334,2068,0.140774956410251,-0.10040300297173399,2020,"Sum SLCF (Aerosols, Methane, Ozone, HFCs)"
ssp334,2069,0.141692587102772,-0.10223056088702101,2020,"Sum SLCF (Aerosols, Methane, Ozone, HFCs)"
ssp334,2070,0.143624264886807,-0.10341525484634798,2020,"Sum SLCF (Aerosols, Methane, Ozone, HFCs)"
ssp334,2071,0.14541404715138598,-0.10476712585192399,2020,"Sum SLCF (Aerosols, Methane, Ozone, HFCs)"
ssp334,2072,0.14706517228491403,-0.105915860787556,2020,"Sum SLCF (Aerosols, Methane, Ozone, HFCs)"
ssp334,2073,0.14897018627266495,-0.106951420838134,2020,"Sum SLCF (Aerosols, Methane, Ozone, HFCs)"
ssp334,2074,0.150666163821406,-0.10831191210223101,2020,"Sum SLCF (Aerosols, Methane, Ozone, HFCs)"
ssp334,2075,0.152660176812897,-0.10951637456579201,2020,"Sum SLCF (Aerosols, Methane, Ozone, HFCs)"
ssp334,2076,0.155221151762415,-0.110416222776917,2020,"Sum SLCF (Aerosols, Methane, Ozone, HFCs)"
ssp334,2077,0.157097155115648,-0.111533760127962,2020,"Sum SLCF (Aerosols, Methane, Ozone, HFCs)"
ssp334,2078,0.15830556643367696,-0.11313518956455801,2020,"Sum SLCF (Aerosols, Methane, Ozone, HFCs)"
ssp334,2079,0.15987891903536106,-0.11400641187638999,2020,"Sum SLCF (Aerosols, Methane, Ozone, HFCs)"
ssp334,2080,0.16100768355510403,-0.11557391172035399,2020,"Sum SLCF (Aerosols, Methane, Ozone, HFCs)"
ssp334,2081,0.16220491064516196,-0.116679882318422,2020,"Sum SLCF (Aerosols, Methane, Ozone, HFCs)"
ssp334,2082,0.16411718145954302,-0.11754919083147797,2020,"Sum SLCF (Aerosols, Methane, Ozone, HFCs)"
ssp334,2083,0.165803164663153,-0.118160171897251,2020,"Sum SLCF (Aerosols, Methane, Ozone, HFCs)"
ssp334,2084,0.167039621041049,-0.11900077067167202,2020,"Sum SLCF (Aerosols, Methane, Ozone, HFCs)"
ssp334,2085,0.168439422811267,-0.119832998524594,2020,"Sum SLCF (Aerosols, Methane, Ozone, HFCs)"
ssp334,2086,0.17052654262485203,-0.12055928904797998,2020,"Sum SLCF (Aerosols, Methane, Ozone, HFCs)"
ssp334,2087,0.172521328573629,-0.12123579344683699,2020,"Sum SLCF (Aerosols, Methane, Ozone, HFCs)"
ssp334,2088,0.174393127693174,-0.12209076829101799,2020,"Sum SLCF (Aerosols, Methane, Ozone, HFCs)"
ssp334,2089,0.175798821003744,-0.12305756187178699,2020,"Sum SLCF (Aerosols, Methane, Ozone, HFCs)"
ssp334,2090,0.17698601884944404,-0.12377699100678499,2020,"Sum SLCF (Aerosols, Methane, Ozone, HFCs)"
ssp334,2091,0.17774150532242494,-0.12506688310880001,2020,"Sum SLCF (Aerosols, Methane, Ozone, HFCs)"
ssp334,2092,0.178593317735318,-0.125788470481639,2020,"Sum SLCF (Aerosols, Methane, Ozone, HFCs)"
ssp334,2093,0.18045724750551193,-0.126500614882749,2020,"Sum SLCF (Aerosols, Methane, Ozone, HFCs)"
ssp334,2094,0.18116480012580197,-0.127411573945142,2020,"Sum SLCF (Aerosols, Methane, Ozone, HFCs)"
ssp334,2095,0.18141770661044201,-0.128540719329611,2020,"Sum SLCF (Aerosols, Methane, Ozone, HFCs)"
ssp334,2096,0.18212212727350402,-0.12952971032919197,2020,"Sum SLCF (Aerosols, Methane, Ozone, HFCs)"
ssp334,2097,0.18325452841566695,-0.13068713795967002,2020,"Sum SLCF (Aerosols, Methane, Ozone, HFCs)"
ssp334,2098,0.18425665161771607,-0.131829720530378,2020,"Sum SLCF (Aerosols, Methane, Ozone, HFCs)"
ssp334,2099,0.18546463828815307,-0.132836901393747,2020,"Sum SLCF (Aerosols, Methane, Ozone, HFCs)"
ssp334,2100,0.187273145451919,-0.13362069516166902,2020,"Sum SLCF (Aerosols, Methane, Ozone, HFCs)"
ssp370,2020,0.0,0.0,2020,"Sum SLCF (Aerosols, Methane, Ozone, HFCs)"
ssp370,2021,0.0074987146251680025,-0.010731140323758,2020,"Sum SLCF (Aerosols, Methane, Ozone, HFCs)"
ssp370,2022,0.013612370974831001,-0.019613933522625998,2020,"Sum SLCF (Aerosols, Methane, Ozone, HFCs)"
ssp370,2023,0.018879660895248,-0.027111386970573,2020,"Sum SLCF (Aerosols, Methane, Ozone, HFCs)"
ssp370,2024,0.023933452202490994,-0.033375478392487,2020,"Sum SLCF (Aerosols, Methane, Ozone, HFCs)"
ssp370,2025,0.028090393510166997,-0.038851039480292,2020,"Sum SLCF (Aerosols, Methane, Ozone, HFCs)"
ssp370,2026,0.031952452143281004,-0.04373515386606,2020,"Sum SLCF (Aerosols, Methane, Ozone, HFCs)"
ssp370,2027,0.035496963694298,-0.047919267422729,2020,"Sum SLCF (Aerosols, Methane, Ozone, HFCs)"
ssp370,2028,0.038817702779116996,-0.051905722477921995,2020,"Sum SLCF (Aerosols, Methane, Ozone, HFCs)"
ssp370,2029,0.04242693767722198,-0.055644717655783,2020,"Sum SLCF (Aerosols, Methane, Ozone, HFCs)"
ssp370,2030,0.045612619577045,-0.05887235011357599,2020,"Sum SLCF (Aerosols, Methane, Ozone, HFCs)"
ssp370,2031,0.04824356013412101,-0.06200681351667399,2020,"Sum SLCF (Aerosols, Methane, Ozone, HFCs)"
ssp370,2032,0.051099486869044,-0.06455719994681901,2020,"Sum SLCF (Aerosols, Methane, Ozone, HFCs)"
ssp370,2033,0.05385507953236099,-0.06690972298927302,2020,"Sum SLCF (Aerosols, Methane, Ozone, HFCs)"
ssp370,2034,0.05651102687338801,-0.069227090265418,2020,"Sum SLCF (Aerosols, Methane, Ozone, HFCs)"
ssp370,2035,0.058817053001905,-0.071070157714288,2020,"Sum SLCF (Aerosols, Methane, Ozone, HFCs)"
ssp370,2036,0.06139380852687702,-0.072572397511037,2020,"Sum SLCF (Aerosols, Methane, Ozone, HFCs)"
ssp370,2037,0.06383912868011903,-0.07479701374561898,2020,"Sum SLCF (Aerosols, Methane, Ozone, HFCs)"
ssp370,2038,0.066659466085977,-0.076577816038365,2020,"Sum SLCF (Aerosols, Methane, Ozone, HFCs)"
ssp370,2039,0.069240032535852,-0.078037697877717,2020,"Sum SLCF (Aerosols, Methane, Ozone, HFCs)"
ssp370,2040,0.07180107359270299,-0.07946944725337898,2020,"Sum SLCF (Aerosols, Methane, Ozone, HFCs)"
ssp370,2041,0.07439467096709101,-0.080636868133099,2020,"Sum SLCF (Aerosols, Methane, Ozone, HFCs)"
ssp370,2042,0.07651945193609297,-0.08223008831389501,2020,"Sum SLCF (Aerosols, Methane, Ozone, HFCs)"
ssp370,2043,0.07888850194778402,-0.08376094862708,2020,"Sum SLCF (Aerosols, Methane, Ozone, HFCs)"
ssp370,2044,0.080948844394052,-0.08478083485686498,2020,"Sum SLCF (Aerosols, Methane, Ozone, HFCs)"
ssp370,2045,0.08249608451422402,-0.08581212159562897,2020,"Sum SLCF (Aerosols, Methane, Ozone, HFCs)"
ssp370,2046,0.08412593173701,-0.08660441289072598,2020,"Sum SLCF (Aerosols, Methane, Ozone, HFCs)"
ssp370,2047,0.086060409649614,-0.087153359296896,2020,"Sum SLCF (Aerosols, Methane, Ozone, HFCs)"
ssp370,2048,0.08803688163543799,-0.08725564677747699,2020,"Sum SLCF (Aerosols, Methane, Ozone, HFCs)"
ssp370,2049,0.089691081346368,-0.08707562126727401,2020,"Sum SLCF (Aerosols, Methane, Ozone, HFCs)"
ssp370,2050,0.09209314724671,-0.08796697648124098,2020,"Sum SLCF (Aerosols, Methane, Ozone, HFCs)"
ssp370,2051,0.09351747272135502,-0.08898812534690302,2020,"Sum SLCF (Aerosols, Methane, Ozone, HFCs)"
ssp370,2052,0.09571013377869092,-0.09024532913728503,2020,"Sum SLCF (Aerosols, Methane, Ozone, HFCs)"
ssp370,2053,0.09849140397957803,-0.08917194562960298,2020,"Sum SLCF (Aerosols, Methane, Ozone, HFCs)"
ssp370,2054,0.10035311232317698,-0.09009246594577502,2020,"Sum SLCF (Aerosols, Methane, Ozone, HFCs)"
ssp370,2055,0.10214649879323798,-0.09073446941794601,2020,"Sum SLCF (Aerosols, Methane, Ozone, HFCs)"
ssp370,2056,0.10411974756061301,-0.09219529008916702,2020,"Sum SLCF (Aerosols, Methane, Ozone, HFCs)"
ssp370,2057,0.10607402556957504,-0.091724598716172,2020,"Sum SLCF (Aerosols, Methane, Ozone, HFCs)"
ssp370,2058,0.10881253748123598,-0.092096289636494,2020,"Sum SLCF (Aerosols, Methane, Ozone, HFCs)"
ssp370,2059,0.11163091232609204,-0.09174244741985399,2020,"Sum SLCF (Aerosols, Methane, Ozone, HFCs)"
ssp370,2060,0.11330285413804497,-0.09228519219074,2020,"Sum SLCF (Aerosols, Methane, Ozone, HFCs)"
ssp370,2061,0.11438946428749999,-0.09347634904677402,2020,"Sum SLCF (Aerosols, Methane, Ozone, HFCs)"
ssp370,2062,0.11616112124299396,-0.094338970480951,2020,"Sum SLCF (Aerosols, Methane, Ozone, HFCs)"
ssp370,2063,0.11753117768582905,-0.09486004017779703,2020,"Sum SLCF (Aerosols, Methane, Ozone, HFCs)"
ssp370,2064,0.11989026419474896,-0.09606642387637698,2020,"Sum SLCF (Aerosols, Methane, Ozone, HFCs)"
ssp370,2065,0.12204832846840108,-0.09765824360448402,2020,"Sum SLCF (Aerosols, Methane, Ozone, HFCs)"
ssp370,2066,0.12438783874321813,-0.09855432257529995,2020,"Sum SLCF (Aerosols, Methane, Ozone, HFCs)"
ssp370,2067,0.12473116138910195,-0.10054463401523303,2020,"Sum SLCF (Aerosols, Methane, Ozone, HFCs)"
ssp370,2068,0.12653323968440405,-0.10208942029560694,2020,"Sum SLCF (Aerosols, Methane, Ozone, HFCs)"
ssp370,2069,0.12847985019202496,-0.10391273691099798,2020,"Sum SLCF (Aerosols, Methane, Ozone, HFCs)"
ssp370,2070,0.13121790817445195,-0.10455115085838704,2020,"Sum SLCF (Aerosols, Methane, Ozone, HFCs)"
ssp370,2071,0.13458587281976103,-0.10486305959115397,2020,"Sum SLCF (Aerosols, Methane, Ozone, HFCs)"
ssp370,2072,0.136668342671938,-0.10523803781353297,2020,"Sum SLCF (Aerosols, Methane, Ozone, HFCs)"
ssp370,2073,0.13810301341360404,-0.10600774865425702,2020,"Sum SLCF (Aerosols, Methane, Ozone, HFCs)"
ssp370,2074,0.139012991657519,-0.10714342598623003,2020,"Sum SLCF (Aerosols, Methane, Ozone, HFCs)"
ssp370,2075,0.14105542226483803,-0.10826587920941899,2020,"Sum SLCF (Aerosols, Methane, Ozone, HFCs)"
ssp370,2076,0.14328749118439404,-0.10919247762787196,2020,"Sum SLCF (Aerosols, Methane, Ozone, HFCs)"
ssp370,2077,0.14529840478441086,-0.11055995200625401,2020,"Sum SLCF (Aerosols, Methane, Ozone, HFCs)"
ssp370,2078,0.14751966756464602,-0.11132750560832905,2020,"Sum SLCF (Aerosols, Methane, Ozone, HFCs)"
ssp370,2079,0.14971211795111306,-0.11272222870552401,2020,"Sum SLCF (Aerosols, Methane, Ozone, HFCs)"
ssp370,2080,0.15254782461349492,-0.11438844594883502,2020,"Sum SLCF (Aerosols, Methane, Ozone, HFCs)"
ssp370,2081,0.155194775664091,-0.11635759970324,2020,"Sum SLCF (Aerosols, Methane, Ozone, HFCs)"
ssp370,2082,0.1573442815260379,-0.11782570003868803,2020,"Sum SLCF (Aerosols, Methane, Ozone, HFCs)"
ssp370,2083,0.15847693572128702,-0.12000770629581697,2020,"Sum SLCF (Aerosols, Methane, Ozone, HFCs)"
ssp370,2084,0.16004485445962702,-0.122082205268087,2020,"Sum SLCF (Aerosols, Methane, Ozone, HFCs)"
ssp370,2085,0.16085987113322203,-0.124532730940697,2020,"Sum SLCF (Aerosols, Methane, Ozone, HFCs)"
ssp370,2086,0.16279216465699697,-0.12644194360398897,2020,"Sum SLCF (Aerosols, Methane, Ozone, HFCs)"
ssp370,2087,0.16568009189835198,-0.127978981140084,2020,"Sum SLCF (Aerosols, Methane, Ozone, HFCs)"
ssp370,2088,0.16859048796913206,-0.12986042682551296,2020,"Sum SLCF (Aerosols, Methane, Ozone, HFCs)"
ssp370,2089,0.1708846092378381,-0.131237624799856,2020,"Sum SLCF (Aerosols, Methane, Ozone, HFCs)"
ssp370,2090,0.1731037753781331,-0.13294568432472198,2020,"Sum SLCF (Aerosols, Methane, Ozone, HFCs)"
ssp370,2091,0.175986463676916,-0.135108002282957,2020,"Sum SLCF (Aerosols, Methane, Ozone, HFCs)"
ssp370,2092,0.178733275954378,-0.136340711203923,2020,"Sum SLCF (Aerosols, Methane, Ozone, HFCs)"
ssp370,2093,0.18024335977394396,-0.13857127357801902,2020,"Sum SLCF (Aerosols, Methane, Ozone, HFCs)"
ssp370,2094,0.182628942544602,-0.13963309789345596,2020,"Sum SLCF (Aerosols, Methane, Ozone, HFCs)"
ssp370,2095,0.18492176834996304,-0.14141404326120394,2020,"Sum SLCF (Aerosols, Methane, Ozone, HFCs)"
ssp370,2096,0.18839634150066198,-0.14313518766901506,2020,"Sum SLCF (Aerosols, Methane, Ozone, HFCs)"
ssp370,2097,0.19182330027284006,-0.14414495687141887,2020,"Sum SLCF (Aerosols, Methane, Ozone, HFCs)"
ssp370,2098,0.19510526814215806,-0.14586851635126502,2020,"Sum SLCF (Aerosols, Methane, Ozone, HFCs)"
ssp370,2099,0.19925318801004893,-0.14763329801999103,2020,"Sum SLCF (Aerosols, Methane, Ozone, HFCs)"
ssp370,2100,0.20264946875455409,-0.14903234586906594,2020,"Sum SLCF (Aerosols, Methane, Ozone, HFCs)"
ssp370-lowNTCF-aerchemmip,2020,0.0,0.0,2020,"Sum SLCF (Aerosols, Methane, Ozone, HFCs)"
ssp370-lowNTCF-aerchemmip,2021,0.005674564006809001,-0.006867119147184,2020,"Sum SLCF (Aerosols, Methane, Ozone, HFCs)"
ssp370-lowNTCF-aerchemmip,2022,0.010339182706384994,-0.011484134775369002,2020,"Sum SLCF (Aerosols, Methane, Ozone, HFCs)"
ssp370-lowNTCF-aerchemmip,2023,0.014741283932836,-0.014489210994973002,2020,"Sum SLCF (Aerosols, Methane, Ozone, HFCs)"
ssp370-lowNTCF-aerchemmip,2024,0.018326518516921995,-0.016420239897438006,2020,"Sum SLCF (Aerosols, Methane, Ozone, HFCs)"
ssp370-lowNTCF-aerchemmip,2025,0.022174106854862,-0.017596283431345,2020,"Sum SLCF (Aerosols, Methane, Ozone, HFCs)"
ssp370-lowNTCF-aerchemmip,2026,0.025725592513289985,-0.018306730071464,2020,"Sum SLCF (Aerosols, Methane, Ozone, HFCs)"
ssp370-lowNTCF-aerchemmip,2027,0.02908643360542501,-0.019822435057489995,2020,"Sum SLCF (Aerosols, Methane, Ozone, HFCs)"
ssp370-lowNTCF-aerchemmip,2028,0.032365286624544,-0.02072969565839699,2020,"Sum SLCF (Aerosols, Methane, Ozone, HFCs)"
ssp370-lowNTCF-aerchemmip,2029,0.03616815071687601,-0.022924712976111997,2020,"Sum SLCF (Aerosols, Methane, Ozone, HFCs)"
ssp370-lowNTCF-aerchemmip,2030,0.04003328793453599,-0.025067330061201994,2020,"Sum SLCF (Aerosols, Methane, Ozone, HFCs)"
ssp370-lowNTCF-aerchemmip,2031,0.042361061857811994,-0.027771844705764014,2020,"Sum SLCF (Aerosols, Methane, Ozone, HFCs)"
ssp370-lowNTCF-aerchemmip,2032,0.046825459086538,-0.030416383066693996,2020,"Sum SLCF (Aerosols, Methane, Ozone, HFCs)"
ssp370-lowNTCF-aerchemmip,2033,0.05043859650016298,-0.03343772438269202,2020,"Sum SLCF (Aerosols, Methane, Ozone, HFCs)"
ssp370-lowNTCF-aerchemmip,2034,0.05435737344977101,-0.03718977714244098,2020,"Sum SLCF (Aerosols, Methane, Ozone, HFCs)"
ssp370-lowNTCF-aerchemmip,2035,0.06034981671357299,-0.040759555659499,2020,"Sum SLCF (Aerosols, Methane, Ozone, HFCs)"
ssp370-lowNTCF-aerchemmip,2036,0.06464351211157406,-0.04515609889289697,2020,"Sum SLCF (Aerosols, Methane, Ozone, HFCs)"
ssp370-lowNTCF-aerchemmip,2037,0.06980829530423,-0.049284626885672006,2020,"Sum SLCF (Aerosols, Methane, Ozone, HFCs)"
ssp370-lowNTCF-aerchemmip,2038,0.07636545849466903,-0.05359629003520397,2020,"Sum SLCF (Aerosols, Methane, Ozone, HFCs)"
ssp370-lowNTCF-aerchemmip,2039,0.08170700504163503,-0.05829447852185801,2020,"Sum SLCF (Aerosols, Methane, Ozone, HFCs)"
ssp370-lowNTCF-aerchemmip,2040,0.088722258258492,-0.063082442995152,2020,"Sum SLCF (Aerosols, Methane, Ozone, HFCs)"
ssp370-lowNTCF-aerchemmip,2041,0.09481782305194103,-0.06831933124123699,2020,"Sum SLCF (Aerosols, Methane, Ozone, HFCs)"
ssp370-lowNTCF-aerchemmip,2042,0.10131311959152603,-0.07289813594825299,2020,"Sum SLCF (Aerosols, Methane, Ozone, HFCs)"
ssp370-lowNTCF-aerchemmip,2043,0.10938602249467302,-0.077888128437151,2020,"Sum SLCF (Aerosols, Methane, Ozone, HFCs)"
ssp370-lowNTCF-aerchemmip,2044,0.11595469985644899,-0.08352982725819405,2020,"Sum SLCF (Aerosols, Methane, Ozone, HFCs)"
ssp370-lowNTCF-aerchemmip,2045,0.12487472010941297,-0.08958850393667002,2020,"Sum SLCF (Aerosols, Methane, Ozone, HFCs)"
ssp370-lowNTCF-aerchemmip,2046,0.13423207413527496,-0.09552806982371803,2020,"Sum SLCF (Aerosols, Methane, Ozone, HFCs)"
ssp370-lowNTCF-aerchemmip,2047,0.14408556176157308,-0.10140423147397598,2020,"Sum SLCF (Aerosols, Methane, Ozone, HFCs)"
ssp370-lowNTCF-aerchemmip,2048,0.15436554421505505,-0.10721503731865595,2020,"Sum SLCF (Aerosols, Methane, Ozone, HFCs)"
ssp370-lowNTCF-aerchemmip,2049,0.16229014074995096,-0.112940169899784,2020,"Sum SLCF (Aerosols, Methane, Ozone, HFCs)"
ssp370-lowNTCF-aerchemmip,2050,0.17103370242695898,-0.118877189650472,2020,"Sum SLCF (Aerosols, Methane, Ozone, HFCs)"
ssp370-lowNTCF-aerchemmip,2051,0.17817508734425097,-0.12505364259496005,2020,"Sum SLCF (Aerosols, Methane, Ozone, HFCs)"
ssp370-lowNTCF-aerchemmip,2052,0.18650024192736203,-0.129136337062687,2020,"Sum SLCF (Aerosols, Methane, Ozone, HFCs)"
ssp370-lowNTCF-aerchemmip,2053,0.19332774385743,-0.13327569318563395,2020,"Sum SLCF (Aerosols, Methane, Ozone, HFCs)"
ssp370-lowNTCF-aerchemmip,2054,0.19972490060883397,-0.13654162782719304,2020,"Sum SLCF (Aerosols, Methane, Ozone, HFCs)"
ssp370-lowNTCF-aerchemmip,2055,0.2062137123759119,-0.140060939207654,2020,"Sum SLCF (Aerosols, Methane, Ozone, HFCs)"
ssp370-lowNTCF-aerchemmip,2056,0.21123644928895896,-0.143247966035816,2020,"Sum SLCF (Aerosols, Methane, Ozone, HFCs)"
ssp370-lowNTCF-aerchemmip,2057,0.21662618476457196,-0.145719866956494,2020,"Sum SLCF (Aerosols, Methane, Ozone, HFCs)"
ssp370-lowNTCF-aerchemmip,2058,0.22232909739148105,-0.14816804910254405,2020,"Sum SLCF (Aerosols, Methane, Ozone, HFCs)"
ssp370-lowNTCF-aerchemmip,2059,0.227147374588486,-0.15075632972274902,2020,"Sum SLCF (Aerosols, Methane, Ozone, HFCs)"
ssp370-lowNTCF-aerchemmip,2060,0.2322007114640311,-0.15331142618274393,2020,"Sum SLCF (Aerosols, Methane, Ozone, HFCs)"
ssp370-lowNTCF-aerchemmip,2061,0.23763417037118895,-0.15577037439133903,2020,"Sum SLCF (Aerosols, Methane, Ozone, HFCs)"
ssp370-lowNTCF-aerchemmip,2062,0.24366817189497691,-0.15879017315044,2020,"Sum SLCF (Aerosols, Methane, Ozone, HFCs)"
ssp370-lowNTCF-aerchemmip,2063,0.24873351737126204,-0.16199879013630505,2020,"Sum SLCF (Aerosols, Methane, Ozone, HFCs)"
ssp370-lowNTCF-aerchemmip,2064,0.25239101090023003,-0.16533260543772305,2020,"Sum SLCF (Aerosols, Methane, Ozone, HFCs)"
ssp370-lowNTCF-aerchemmip,2065,0.25680000537101005,-0.168381293020029,2020,"Sum SLCF (Aerosols, Methane, Ozone, HFCs)"
ssp370-lowNTCF-aerchemmip,2066,0.2612558889649061,-0.17176144988301797,2020,"Sum SLCF (Aerosols, Methane, Ozone, HFCs)"
ssp370-lowNTCF-aerchemmip,2067,0.266172125140611,-0.17394163915764,2020,"Sum SLCF (Aerosols, Methane, Ozone, HFCs)"
ssp370-lowNTCF-aerchemmip,2068,0.26953614859189906,-0.1760371829032269,2020,"Sum SLCF (Aerosols, Methane, Ozone, HFCs)"
ssp370-lowNTCF-aerchemmip,2069,0.27537760472262196,-0.17823357615186594,2020,"Sum SLCF (Aerosols, Methane, Ozone, HFCs)"
ssp370-lowNTCF-aerchemmip,2070,0.280437537129681,-0.18099141827470702,2020,"Sum SLCF (Aerosols, Methane, Ozone, HFCs)"
ssp370-lowNTCF-aerchemmip,2071,0.2856254420944159,-0.183012982521999,2020,"Sum SLCF (Aerosols, Methane, Ozone, HFCs)"
ssp370-lowNTCF-aerchemmip,2072,0.28979075027639595,-0.1851952774284651,2020,"Sum SLCF (Aerosols, Methane, Ozone, HFCs)"
ssp370-lowNTCF-aerchemmip,2073,0.2943925622661131,-0.18771871180729194,2020,"Sum SLCF (Aerosols, Methane, Ozone, HFCs)"
ssp370-lowNTCF-aerchemmip,2074,0.2989904994632601,-0.19038005007468897,2020,"Sum SLCF (Aerosols, Methane, Ozone, HFCs)"
ssp370-lowNTCF-aerchemmip,2075,0.30301932480470894,-0.19230828204914002,2020,"Sum SLCF (Aerosols, Methane, Ozone, HFCs)"
ssp370-lowNTCF-aerchemmip,2076,0.3066105704901959,-0.1943460512870971,2020,"Sum SLCF (Aerosols, Methane, Ozone, HFCs)"
ssp370-lowNTCF-aerchemmip,2077,0.31018815386994614,-0.19687195771979898,2020,"Sum SLCF (Aerosols, Methane, Ozone, HFCs)"
ssp370-lowNTCF-aerchemmip,2078,0.313646670579482,-0.19984581351451497,2020,"Sum SLCF (Aerosols, Methane, Ozone, HFCs)"
ssp370-lowNTCF-aerchemmip,2079,0.3169852784677389,-0.202533342268585,2020,"Sum SLCF (Aerosols, Methane, Ozone, HFCs)"
ssp370-lowNTCF-aerchemmip,2080,0.32010485775786585,-0.20539678619606,2020,"Sum SLCF (Aerosols, Methane, Ozone, HFCs)"
ssp370-lowNTCF-aerchemmip,2081,0.32473096855265304,-0.207636688501392,2020,"Sum SLCF (Aerosols, Methane, Ozone, HFCs)"
ssp370-lowNTCF-aerchemmip,2082,0.32928877917749,-0.20938869223819995,2020,"Sum SLCF (Aerosols, Methane, Ozone, HFCs)"
ssp370-lowNTCF-aerchemmip,2083,0.332572925452186,-0.21174208900254599,2020,"Sum SLCF (Aerosols, Methane, Ozone, HFCs)"
ssp370-lowNTCF-aerchemmip,2084,0.3368826254396041,-0.21363161986184304,2020,"Sum SLCF (Aerosols, Methane, Ozone, HFCs)"
ssp370-lowNTCF-aerchemmip,2085,0.3417016680717079,-0.2154840568936051,2020,"Sum SLCF (Aerosols, Methane, Ozone, HFCs)"
ssp370-lowNTCF-aerchemmip,2086,0.34662348103418106,-0.21789665090809496,2020,"Sum SLCF (Aerosols, Methane, Ozone, HFCs)"
ssp370-lowNTCF-aerchemmip,2087,0.3516349224609988,-0.21978886799244307,2020,"Sum SLCF (Aerosols, Methane, Ozone, HFCs)"
ssp370-lowNTCF-aerchemmip,2088,0.35665604357451797,-0.2219001364427161,2020,"Sum SLCF (Aerosols, Methane, Ozone, HFCs)"
ssp370-lowNTCF-aerchemmip,2089,0.3609047513776721,-0.22467557483205292,2020,"Sum SLCF (Aerosols, Methane, Ozone, HFCs)"
ssp370-lowNTCF-aerchemmip,2090,0.3639129887561021,-0.227034177688269,2020,"Sum SLCF (Aerosols, Methane, Ozone, HFCs)"
ssp370-lowNTCF-aerchemmip,2091,0.36755949072933003,-0.22889287801785296,2020,"Sum SLCF (Aerosols, Methane, Ozone, HFCs)"
ssp370-lowNTCF-aerchemmip,2092,0.3718207399288701,-0.2310496490026419,2020,"Sum SLCF (Aerosols, Methane, Ozone, HFCs)"
ssp370-lowNTCF-aerchemmip,2093,0.37526030441247704,-0.23455342252132,2020,"Sum SLCF (Aerosols, Methane, Ozone, HFCs)"
ssp370-lowNTCF-aerchemmip,2094,0.380025751777731,-0.23714338572300697,2020,"Sum SLCF (Aerosols, Methane, Ozone, HFCs)"
ssp370-lowNTCF-aerchemmip,2095,0.3843405498024731,-0.23908694431344707,2020,"Sum SLCF (Aerosols, Methane, Ozone, HFCs)"
ssp370-lowNTCF-aerchemmip,2096,0.387291799029048,-0.2414717265181191,2020,"Sum SLCF (Aerosols, Methane, Ozone, HFCs)"
ssp370-lowNTCF-aerchemmip,2097,0.39082782647373704,-0.24317377872829504,2020,"Sum SLCF (Aerosols, Methane, Ozone, HFCs)"
ssp370-lowNTCF-aerchemmip,2098,0.3932365173694079,-0.24607100803039905,2020,"Sum SLCF (Aerosols, Methane, Ozone, HFCs)"
ssp370-lowNTCF-aerchemmip,2099,0.39620832630835323,-0.24876545195716093,2020,"Sum SLCF (Aerosols, Methane, Ozone, HFCs)"
ssp370-lowNTCF-aerchemmip,2100,0.4000554852280649,-0.25127301754374404,2020,"Sum SLCF (Aerosols, Methane, Ozone, HFCs)"
ssp370-lowNTCF-gidden,2020,0.0,0.0,2020,"Sum SLCF (Aerosols, Methane, Ozone, HFCs)"
ssp370-lowNTCF-gidden,2021,0.005655430470238001,-0.006857932792673348,2020,"Sum SLCF (Aerosols, Methane, Ozone, HFCs)"
ssp370-lowNTCF-gidden,2022,0.010188996800171999,-0.011519178848289001,2020,"Sum SLCF (Aerosols, Methane, Ozone, HFCs)"
ssp370-lowNTCF-gidden,2023,0.014503381472642001,-0.014471058904881,2020,"Sum SLCF (Aerosols, Methane, Ozone, HFCs)"
ssp370-lowNTCF-gidden,2024,0.018208845032993994,-0.016322976090568004,2020,"Sum SLCF (Aerosols, Methane, Ozone, HFCs)"
ssp370-lowNTCF-gidden,2025,0.021832533556095,-0.017448172647678,2020,"Sum SLCF (Aerosols, Methane, Ozone, HFCs)"
ssp370-lowNTCF-gidden,2026,0.024864922909343,-0.018176648817112,2020,"Sum SLCF (Aerosols, Methane, Ozone, HFCs)"
ssp370-lowNTCF-gidden,2027,0.027891246827962,-0.018501300171259002,2020,"Sum SLCF (Aerosols, Methane, Ozone, HFCs)"
ssp370-lowNTCF-gidden,2028,0.03079812032102601,-0.01983499495429,2020,"Sum SLCF (Aerosols, Methane, Ozone, HFCs)"
ssp370-lowNTCF-gidden,2029,0.03372459919430899,-0.020641424348485995,2020,"Sum SLCF (Aerosols, Methane, Ozone, HFCs)"
ssp370-lowNTCF-gidden,2030,0.035979222813607,-0.022038349152327004,2020,"Sum SLCF (Aerosols, Methane, Ozone, HFCs)"
ssp370-lowNTCF-gidden,2031,0.03823185054225001,-0.023484702326797998,2020,"Sum SLCF (Aerosols, Methane, Ozone, HFCs)"
ssp370-lowNTCF-gidden,2032,0.04030522347819001,-0.025208602204671,2020,"Sum SLCF (Aerosols, Methane, Ozone, HFCs)"
ssp370-lowNTCF-gidden,2033,0.043232421073407995,-0.027101689990352,2020,"Sum SLCF (Aerosols, Methane, Ozone, HFCs)"
ssp370-lowNTCF-gidden,2034,0.044969516611816994,-0.029177510722377002,2020,"Sum SLCF (Aerosols, Methane, Ozone, HFCs)"
ssp370-lowNTCF-gidden,2035,0.046891131772222004,-0.032200303950697,2020,"Sum SLCF (Aerosols, Methane, Ozone, HFCs)"
ssp370-lowNTCF-gidden,2036,0.049487907849221004,-0.034345884576134,2020,"Sum SLCF (Aerosols, Methane, Ozone, HFCs)"
ssp370-lowNTCF-gidden,2037,0.052171833996017006,-0.037262594462029994,2020,"Sum SLCF (Aerosols, Methane, Ozone, HFCs)"
ssp370-lowNTCF-gidden,2038,0.055189721482279,-0.039732580821226,2020,"Sum SLCF (Aerosols, Methane, Ozone, HFCs)"
ssp370-lowNTCF-gidden,2039,0.05886423310755401,-0.042538062384263005,2020,"Sum SLCF (Aerosols, Methane, Ozone, HFCs)"
ssp370-lowNTCF-gidden,2040,0.062196240870871,-0.045961732400141994,2020,"Sum SLCF (Aerosols, Methane, Ozone, HFCs)"
ssp370-lowNTCF-gidden,2041,0.06616377137790301,-0.048867969415788,2020,"Sum SLCF (Aerosols, Methane, Ozone, HFCs)"
ssp370-lowNTCF-gidden,2042,0.070693881164377,-0.051931249647743996,2020,"Sum SLCF (Aerosols, Methane, Ozone, HFCs)"
ssp370-lowNTCF-gidden,2043,0.07666019191016601,-0.05586445163437101,2020,"Sum SLCF (Aerosols, Methane, Ozone, HFCs)"
ssp370-lowNTCF-gidden,2044,0.08049884815304101,-0.060090915005981,2020,"Sum SLCF (Aerosols, Methane, Ozone, HFCs)"
ssp370-lowNTCF-gidden,2045,0.08570647018128898,-0.06455451530322501,2020,"Sum SLCF (Aerosols, Methane, Ozone, HFCs)"
ssp370-lowNTCF-gidden,2046,0.090947874103656,-0.069380583986607,2020,"Sum SLCF (Aerosols, Methane, Ozone, HFCs)"
ssp370-lowNTCF-gidden,2047,0.096634884266877,-0.07318730726817801,2020,"Sum SLCF (Aerosols, Methane, Ozone, HFCs)"
ssp370-lowNTCF-gidden,2048,0.10301833737052399,-0.077581148260672,2020,"Sum SLCF (Aerosols, Methane, Ozone, HFCs)"
ssp370-lowNTCF-gidden,2049,0.108546445836832,-0.08123111144308601,2020,"Sum SLCF (Aerosols, Methane, Ozone, HFCs)"
ssp370-lowNTCF-gidden,2050,0.11586829990598999,-0.085069687183301,2020,"Sum SLCF (Aerosols, Methane, Ozone, HFCs)"
ssp370-lowNTCF-gidden,2051,0.12338002339003101,-0.08930728183773999,2020,"Sum SLCF (Aerosols, Methane, Ozone, HFCs)"
ssp370-lowNTCF-gidden,2052,0.12938940363434198,-0.092335439618315,2020,"Sum SLCF (Aerosols, Methane, Ozone, HFCs)"
ssp370-lowNTCF-gidden,2053,0.134168139316285,-0.09506829385924101,2020,"Sum SLCF (Aerosols, Methane, Ozone, HFCs)"
ssp370-lowNTCF-gidden,2054,0.138279321013372,-0.09763388500956101,2020,"Sum SLCF (Aerosols, Methane, Ozone, HFCs)"
ssp370-lowNTCF-gidden,2055,0.141959916961294,-0.100018596956143,2020,"Sum SLCF (Aerosols, Methane, Ozone, HFCs)"
ssp370-lowNTCF-gidden,2056,0.146197617945871,-0.101314105650404,2020,"Sum SLCF (Aerosols, Methane, Ozone, HFCs)"
ssp370-lowNTCF-gidden,2057,0.15017403113974204,-0.102726062176413,2020,"Sum SLCF (Aerosols, Methane, Ozone, HFCs)"
ssp370-lowNTCF-gidden,2058,0.153938251573584,-0.104048590392378,2020,"Sum SLCF (Aerosols, Methane, Ozone, HFCs)"
ssp370-lowNTCF-gidden,2059,0.15601132407668497,-0.10570052720191601,2020,"Sum SLCF (Aerosols, Methane, Ozone, HFCs)"
ssp370-lowNTCF-gidden,2060,0.15880260539067098,-0.107079806360534,2020,"Sum SLCF (Aerosols, Methane, Ozone, HFCs)"
ssp370-lowNTCF-gidden,2061,0.16058191656810103,-0.108005894432952,2020,"Sum SLCF (Aerosols, Methane, Ozone, HFCs)"
ssp370-lowNTCF-gidden,2062,0.162711674586525,-0.10911157247376901,2020,"Sum SLCF (Aerosols, Methane, Ozone, HFCs)"
ssp370-lowNTCF-gidden,2063,0.16605376048406004,-0.110143197530368,2020,"Sum SLCF (Aerosols, Methane, Ozone, HFCs)"
ssp370-lowNTCF-gidden,2064,0.16902096126326202,-0.11096892934984498,2020,"Sum SLCF (Aerosols, Methane, Ozone, HFCs)"
ssp370-lowNTCF-gidden,2065,0.171011386374421,-0.11191261833947501,2020,"Sum SLCF (Aerosols, Methane, Ozone, HFCs)"
ssp370-lowNTCF-gidden,2066,0.17299044505202096,-0.112715482066075,2020,"Sum SLCF (Aerosols, Methane, Ozone, HFCs)"
ssp370-lowNTCF-gidden,2067,0.174818259161396,-0.11402629093890002,2020,"Sum SLCF (Aerosols, Methane, Ozone, HFCs)"
ssp370-lowNTCF-gidden,2068,0.17621245128103702,-0.11524842814994599,2020,"Sum SLCF (Aerosols, Methane, Ozone, HFCs)"
ssp370-lowNTCF-gidden,2069,0.17916831944728004,-0.116301953937381,2020,"Sum SLCF (Aerosols, Methane, Ozone, HFCs)"
ssp370-lowNTCF-gidden,2070,0.18178269188149299,-0.117563072650042,2020,"Sum SLCF (Aerosols, Methane, Ozone, HFCs)"
ssp370-lowNTCF-gidden,2071,0.18372411169379496,-0.118862513269264,2020,"Sum SLCF (Aerosols, Methane, Ozone, HFCs)"
ssp370-lowNTCF-gidden,2072,0.185125516216159,-0.12002625068354601,2020,"Sum SLCF (Aerosols, Methane, Ozone, HFCs)"
ssp370-lowNTCF-gidden,2073,0.18621364900551202,-0.121241900268076,2020,"Sum SLCF (Aerosols, Methane, Ozone, HFCs)"
ssp370-lowNTCF-gidden,2074,0.18718341236425298,-0.122454644637255,2020,"Sum SLCF (Aerosols, Methane, Ozone, HFCs)"
ssp370-lowNTCF-gidden,2075,0.18913334301826903,-0.123603211635826,2020,"Sum SLCF (Aerosols, Methane, Ozone, HFCs)"
ssp370-lowNTCF-gidden,2076,0.19098136877898,-0.124875668811197,2020,"Sum SLCF (Aerosols, Methane, Ozone, HFCs)"
ssp370-lowNTCF-gidden,2077,0.19295535932477803,-0.126218416353234,2020,"Sum SLCF (Aerosols, Methane, Ozone, HFCs)"
ssp370-lowNTCF-gidden,2078,0.19539473705341798,-0.12737340211182502,2020,"Sum SLCF (Aerosols, Methane, Ozone, HFCs)"
ssp370-lowNTCF-gidden,2079,0.19651386678287197,-0.128279001196938,2020,"Sum SLCF (Aerosols, Methane, Ozone, HFCs)"
ssp370-lowNTCF-gidden,2080,0.197733732338884,-0.129607195043652,2020,"Sum SLCF (Aerosols, Methane, Ozone, HFCs)"
ssp370-lowNTCF-gidden,2081,0.19881334797949898,-0.130945394284983,2020,"Sum SLCF (Aerosols, Methane, Ozone, HFCs)"
ssp370-lowNTCF-gidden,2082,0.20087556571592102,-0.131694237602494,2020,"Sum SLCF (Aerosols, Methane, Ozone, HFCs)"
ssp370-lowNTCF-gidden,2083,0.20377311691230998,-0.133178320674535,2020,"Sum SLCF (Aerosols, Methane, Ozone, HFCs)"
ssp370-lowNTCF-gidden,2084,0.207626210974208,-0.134828747372792,2020,"Sum SLCF (Aerosols, Methane, Ozone, HFCs)"
ssp370-lowNTCF-gidden,2085,0.21010697631563902,-0.13648689140966502,2020,"Sum SLCF (Aerosols, Methane, Ozone, HFCs)"
ssp370-lowNTCF-gidden,2086,0.211544353932724,-0.137792345844338,2020,"Sum SLCF (Aerosols, Methane, Ozone, HFCs)"
ssp370-lowNTCF-gidden,2087,0.214058050463644,-0.13916152938628998,2020,"Sum SLCF (Aerosols, Methane, Ozone, HFCs)"
ssp370-lowNTCF-gidden,2088,0.21654858982031003,-0.14069335415013698,2020,"Sum SLCF (Aerosols, Methane, Ozone, HFCs)"
ssp370-lowNTCF-gidden,2089,0.21964838095708605,-0.141769127182329,2020,"Sum SLCF (Aerosols, Methane, Ozone, HFCs)"
ssp370-lowNTCF-gidden,2090,0.221944958359252,-0.14327137254474703,2020,"Sum SLCF (Aerosols, Methane, Ozone, HFCs)"
ssp370-lowNTCF-gidden,2091,0.22437423188010402,-0.144450806209117,2020,"Sum SLCF (Aerosols, Methane, Ozone, HFCs)"
ssp370-lowNTCF-gidden,2092,0.22670028111472898,-0.145950185278999,2020,"Sum SLCF (Aerosols, Methane, Ozone, HFCs)"
ssp370-lowNTCF-gidden,2093,0.228894905626739,-0.14720131302512798,2020,"Sum SLCF (Aerosols, Methane, Ozone, HFCs)"
ssp370-lowNTCF-gidden,2094,0.230539388996012,-0.14860215446608,2020,"Sum SLCF (Aerosols, Methane, Ozone, HFCs)"
ssp370-lowNTCF-gidden,2095,0.23318076977122298,-0.14976809890577197,2020,"Sum SLCF (Aerosols, Methane, Ozone, HFCs)"
ssp370-lowNTCF-gidden,2096,0.236855935771771,-0.15089520878235602,2020,"Sum SLCF (Aerosols, Methane, Ozone, HFCs)"
ssp370-lowNTCF-gidden,2097,0.238651690530429,-0.15207117845884202,2020,"Sum SLCF (Aerosols, Methane, Ozone, HFCs)"
ssp370-lowNTCF-gidden,2098,0.24047065965721898,-0.15280889695997596,2020,"Sum SLCF (Aerosols, Methane, Ozone, HFCs)"
ssp370-lowNTCF-gidden,2099,0.24256217029145904,-0.15397648581540999,2020,"Sum SLCF (Aerosols, Methane, Ozone, HFCs)"
ssp370-lowNTCF-gidden,2100,0.24448890997371003,-0.154965696458089,2020,"Sum SLCF (Aerosols, Methane, Ozone, HFCs)"
ssp434,2020,0.0,0.0,2020,"Sum SLCF (Aerosols, Methane, Ozone, HFCs)"
ssp434,2021,0.007938616145588998,-0.010755747065528001,2020,"Sum SLCF (Aerosols, Methane, Ozone, HFCs)"
ssp434,2022,0.015000834703744997,-0.019174149565133,2020,"Sum SLCF (Aerosols, Methane, Ozone, HFCs)"
ssp434,2023,0.021117498914786995,-0.025731591026414997,2020,"Sum SLCF (Aerosols, Methane, Ozone, HFCs)"
ssp434,2024,0.026583130687932,-0.031091624579826994,2020,"Sum SLCF (Aerosols, Methane, Ozone, HFCs)"
ssp434,2025,0.03191623421141501,-0.035580455107508,2020,"Sum SLCF (Aerosols, Methane, Ozone, HFCs)"
ssp434,2026,0.036880283632551,-0.039274839972991,2020,"Sum SLCF (Aerosols, Methane, Ozone, HFCs)"
ssp434,2027,0.04188523525269202,-0.04255767475659399,2020,"Sum SLCF (Aerosols, Methane, Ozone, HFCs)"
ssp434,2028,0.04651402245083799,-0.045618639893987005,2020,"Sum SLCF (Aerosols, Methane, Ozone, HFCs)"
ssp434,2029,0.05063282729042801,-0.04765039826304799,2020,"Sum SLCF (Aerosols, Methane, Ozone, HFCs)"
ssp434,2030,0.05472825065193901,-0.050081135358040006,2020,"Sum SLCF (Aerosols, Methane, Ozone, HFCs)"
ssp434,2031,0.058866299147302986,-0.052660237795854006,2020,"Sum SLCF (Aerosols, Methane, Ozone, HFCs)"
ssp434,2032,0.063027031719677,-0.053362593210605005,2020,"Sum SLCF (Aerosols, Methane, Ozone, HFCs)"
ssp434,2033,0.06660668576708001,-0.05497997460019098,2020,"Sum SLCF (Aerosols, Methane, Ozone, HFCs)"
ssp434,2034,0.07012586899067802,-0.056826922870148,2020,"Sum SLCF (Aerosols, Methane, Ozone, HFCs)"
ssp434,2035,0.072848894398534,-0.057812287421257005,2020,"Sum SLCF (Aerosols, Methane, Ozone, HFCs)"
ssp434,2036,0.07578674250573403,-0.05946460558388399,2020,"Sum SLCF (Aerosols, Methane, Ozone, HFCs)"
ssp434,2037,0.079442336528774,-0.060374981209039,2020,"Sum SLCF (Aerosols, Methane, Ozone, HFCs)"
ssp434,2038,0.08274709125396396,-0.06191590619596701,2020,"Sum SLCF (Aerosols, Methane, Ozone, HFCs)"
ssp434,2039,0.08628451523433599,-0.06273097296395502,2020,"Sum SLCF (Aerosols, Methane, Ozone, HFCs)"
ssp434,2040,0.089593916949183,-0.06419287475025201,2020,"Sum SLCF (Aerosols, Methane, Ozone, HFCs)"
ssp434,2041,0.09264239093816701,-0.06547261880873098,2020,"Sum SLCF (Aerosols, Methane, Ozone, HFCs)"
ssp434,2042,0.09626383944393697,-0.06711526893724301,2020,"Sum SLCF (Aerosols, Methane, Ozone, HFCs)"
ssp434,2043,0.099397855155153,-0.069426090942865,2020,"Sum SLCF (Aerosols, Methane, Ozone, HFCs)"
ssp434,2044,0.103867777240282,-0.07055426390123501,2020,"Sum SLCF (Aerosols, Methane, Ozone, HFCs)"
ssp434,2045,0.10688152282500699,-0.07129120877315001,2020,"Sum SLCF (Aerosols, Methane, Ozone, HFCs)"
ssp434,2046,0.111386940658142,-0.07231033743763901,2020,"Sum SLCF (Aerosols, Methane, Ozone, HFCs)"
ssp434,2047,0.114677710210563,-0.074474653697273,2020,"Sum SLCF (Aerosols, Methane, Ozone, HFCs)"
ssp434,2048,0.119392917287892,-0.07593849653184599,2020,"Sum SLCF (Aerosols, Methane, Ozone, HFCs)"
ssp434,2049,0.122129510179801,-0.077010818232278,2020,"Sum SLCF (Aerosols, Methane, Ozone, HFCs)"
ssp434,2050,0.12447026062598301,-0.078881254593579,2020,"Sum SLCF (Aerosols, Methane, Ozone, HFCs)"
ssp434,2051,0.12711641186009398,-0.081739653613209,2020,"Sum SLCF (Aerosols, Methane, Ozone, HFCs)"
ssp434,2052,0.129467047386298,-0.08208219201876499,2020,"Sum SLCF (Aerosols, Methane, Ozone, HFCs)"
ssp434,2053,0.13215387834468395,-0.084637071328325,2020,"Sum SLCF (Aerosols, Methane, Ozone, HFCs)"
ssp434,2054,0.136099109246481,-0.08621051380574801,2020,"Sum SLCF (Aerosols, Methane, Ozone, HFCs)"
ssp434,2055,0.13898576247152103,-0.08851931414288895,2020,"Sum SLCF (Aerosols, Methane, Ozone, HFCs)"
ssp434,2056,0.14036316251783001,-0.09074405403919399,2020,"Sum SLCF (Aerosols, Methane, Ozone, HFCs)"
ssp434,2057,0.14081656121054897,-0.09282519633542202,2020,"Sum SLCF (Aerosols, Methane, Ozone, HFCs)"
ssp434,2058,0.143372996931877,-0.09454870880675602,2020,"Sum SLCF (Aerosols, Methane, Ozone, HFCs)"
ssp434,2059,0.14712805786462793,-0.09630452343798504,2020,"Sum SLCF (Aerosols, Methane, Ozone, HFCs)"
ssp434,2060,0.149048218048916,-0.09858972322886202,2020,"Sum SLCF (Aerosols, Methane, Ozone, HFCs)"
ssp434,2061,0.15276627666152803,-0.10046554071462102,2020,"Sum SLCF (Aerosols, Methane, Ozone, HFCs)"
ssp434,2062,0.15512783330269,-0.10208041528754497,2020,"Sum SLCF (Aerosols, Methane, Ozone, HFCs)"
ssp434,2063,0.15792577344772096,-0.10354153894568599,2020,"Sum SLCF (Aerosols, Methane, Ozone, HFCs)"
ssp434,2064,0.1605702577574,-0.10528879733519302,2020,"Sum SLCF (Aerosols, Methane, Ozone, HFCs)"
ssp434,2065,0.16205346943160104,-0.10699768736215,2020,"Sum SLCF (Aerosols, Methane, Ozone, HFCs)"
ssp434,2066,0.16400900497731097,-0.10854317546278901,2020,"Sum SLCF (Aerosols, Methane, Ozone, HFCs)"
ssp434,2067,0.16592258497864495,-0.11001807734227897,2020,"Sum SLCF (Aerosols, Methane, Ozone, HFCs)"
ssp434,2068,0.16760862415635594,-0.11130765219232701,2020,"Sum SLCF (Aerosols, Methane, Ozone, HFCs)"
ssp434,2069,0.169403276041534,-0.11252515620904902,2020,"Sum SLCF (Aerosols, Methane, Ozone, HFCs)"
ssp434,2070,0.17147502884584703,-0.11381503248069696,2020,"Sum SLCF (Aerosols, Methane, Ozone, HFCs)"
ssp434,2071,0.17423346062141104,-0.11465571348301597,2020,"Sum SLCF (Aerosols, Methane, Ozone, HFCs)"
ssp434,2072,0.17632995476851002,-0.11607358045948801,2020,"Sum SLCF (Aerosols, Methane, Ozone, HFCs)"
ssp434,2073,0.178493960360464,-0.116980928947875,2020,"Sum SLCF (Aerosols, Methane, Ozone, HFCs)"
ssp434,2074,0.17997690176826403,-0.11877109554584898,2020,"Sum SLCF (Aerosols, Methane, Ozone, HFCs)"
ssp434,2075,0.1818608451022891,-0.12044260395791596,2020,"Sum SLCF (Aerosols, Methane, Ozone, HFCs)"
ssp434,2076,0.18311412149294895,-0.12187791771203403,2020,"Sum SLCF (Aerosols, Methane, Ozone, HFCs)"
ssp434,2077,0.18473336380789196,-0.12266354542236899,2020,"Sum SLCF (Aerosols, Methane, Ozone, HFCs)"
ssp434,2078,0.185996440815658,-0.124217391626252,2020,"Sum SLCF (Aerosols, Methane, Ozone, HFCs)"
ssp434,2079,0.188231913811809,-0.125353633995429,2020,"Sum SLCF (Aerosols, Methane, Ozone, HFCs)"
ssp434,2080,0.189800807942094,-0.12613849962328796,2020,"Sum SLCF (Aerosols, Methane, Ozone, HFCs)"
ssp434,2081,0.19215861489661804,-0.12718307974897802,2020,"Sum SLCF (Aerosols, Methane, Ozone, HFCs)"
ssp434,2082,0.19256363175191205,-0.12849854903284702,2020,"Sum SLCF (Aerosols, Methane, Ozone, HFCs)"
ssp434,2083,0.19355637484310795,-0.12927795437439105,2020,"Sum SLCF (Aerosols, Methane, Ozone, HFCs)"
ssp434,2084,0.19604765345564004,-0.130016845956125,2020,"Sum SLCF (Aerosols, Methane, Ozone, HFCs)"
ssp434,2085,0.19928584318094905,-0.13226730322857602,2020,"Sum SLCF (Aerosols, Methane, Ozone, HFCs)"
ssp434,2086,0.20001482619216301,-0.132718874736492,2020,"Sum SLCF (Aerosols, Methane, Ozone, HFCs)"
ssp434,2087,0.20151523515853395,-0.13537893579547303,2020,"Sum SLCF (Aerosols, Methane, Ozone, HFCs)"
ssp434,2088,0.20148869882787396,-0.138416578482818,2020,"Sum SLCF (Aerosols, Methane, Ozone, HFCs)"
ssp434,2089,0.20222312552249397,-0.14019120791230602,2020,"Sum SLCF (Aerosols, Methane, Ozone, HFCs)"
ssp434,2090,0.20575631496250602,-0.14308259883887298,2020,"Sum SLCF (Aerosols, Methane, Ozone, HFCs)"
ssp434,2091,0.20753635186497998,-0.14568072565094795,2020,"Sum SLCF (Aerosols, Methane, Ozone, HFCs)"
ssp434,2092,0.208079469640425,-0.147132676258197,2020,"Sum SLCF (Aerosols, Methane, Ozone, HFCs)"
ssp434,2093,0.210103140124061,-0.15018869210303398,2020,"Sum SLCF (Aerosols, Methane, Ozone, HFCs)"
ssp434,2094,0.21322313644109303,-0.151908203641349,2020,"Sum SLCF (Aerosols, Methane, Ozone, HFCs)"
ssp434,2095,0.2164047273162159,-0.154913561847964,2020,"Sum SLCF (Aerosols, Methane, Ozone, HFCs)"
ssp434,2096,0.21924742352368404,-0.157522920612531,2020,"Sum SLCF (Aerosols, Methane, Ozone, HFCs)"
ssp434,2097,0.22116099263668693,-0.15973799395856103,2020,"Sum SLCF (Aerosols, Methane, Ozone, HFCs)"
ssp434,2098,0.22339141763500497,-0.163113410640364,2020,"Sum SLCF (Aerosols, Methane, Ozone, HFCs)"
ssp434,2099,0.22496843821589102,-0.16567253320834396,2020,"Sum SLCF (Aerosols, Methane, Ozone, HFCs)"
ssp434,2100,0.22904538440786493,-0.16728093623886903,2020,"Sum SLCF (Aerosols, Methane, Ozone, HFCs)"
ssp460,2020,0.0,0.0,2020,"Sum SLCF (Aerosols, Methane, Ozone, HFCs)"
ssp460,2021,0.007846949256399999,-0.010554129578603,2020,"Sum SLCF (Aerosols, Methane, Ozone, HFCs)"
ssp460,2022,0.014136345404888999,-0.018483229742723,2020,"Sum SLCF (Aerosols, Methane, Ozone, HFCs)"
ssp460,2023,0.019400949694595996,-0.024551514462359994,2020,"Sum SLCF (Aerosols, Methane, Ozone, HFCs)"
ssp460,2024,0.023560092499611007,-0.029111983336123002,2020,"Sum SLCF (Aerosols, Methane, Ozone, HFCs)"
ssp460,2025,0.027484061484915,-0.032187660522638,2020,"Sum SLCF (Aerosols, Methane, Ozone, HFCs)"
ssp460,2026,0.031017913245197003,-0.034666304980672,2020,"Sum SLCF (Aerosols, Methane, Ozone, HFCs)"
ssp460,2027,0.033910145123096994,-0.036242882205912,2020,"Sum SLCF (Aerosols, Methane, Ozone, HFCs)"
ssp460,2028,0.037244186063604,-0.037908970526709,2020,"Sum SLCF (Aerosols, Methane, Ozone, HFCs)"
ssp460,2029,0.04009014887415502,-0.038890693341286,2020,"Sum SLCF (Aerosols, Methane, Ozone, HFCs)"
ssp460,2030,0.043204896542077,-0.038682235474720994,2020,"Sum SLCF (Aerosols, Methane, Ozone, HFCs)"
ssp460,2031,0.046225802854232,-0.039106895082947,2020,"Sum SLCF (Aerosols, Methane, Ozone, HFCs)"
ssp460,2032,0.04879367148031802,-0.040188968360302994,2020,"Sum SLCF (Aerosols, Methane, Ozone, HFCs)"
ssp460,2033,0.051269511154478004,-0.04146789540176199,2020,"Sum SLCF (Aerosols, Methane, Ozone, HFCs)"
ssp460,2034,0.05338223020003098,-0.042464285893694005,2020,"Sum SLCF (Aerosols, Methane, Ozone, HFCs)"
ssp460,2035,0.05583184755580299,-0.043498778892530995,2020,"Sum SLCF (Aerosols, Methane, Ozone, HFCs)"
ssp460,2036,0.058564866306505994,-0.04449316645333701,2020,"Sum SLCF (Aerosols, Methane, Ozone, HFCs)"
ssp460,2037,0.06123871549971596,-0.046669316002882016,2020,"Sum SLCF (Aerosols, Methane, Ozone, HFCs)"
ssp460,2038,0.06475113475644298,-0.04769946318784603,2020,"Sum SLCF (Aerosols, Methane, Ozone, HFCs)"
ssp460,2039,0.06714572773676902,-0.048487866560897,2020,"Sum SLCF (Aerosols, Methane, Ozone, HFCs)"
ssp460,2040,0.06924164886806997,-0.05012649372547802,2020,"Sum SLCF (Aerosols, Methane, Ozone, HFCs)"
ssp460,2041,0.07170575117826802,-0.05213371615036602,2020,"Sum SLCF (Aerosols, Methane, Ozone, HFCs)"
ssp460,2042,0.07425472923434798,-0.053732024751418986,2020,"Sum SLCF (Aerosols, Methane, Ozone, HFCs)"
ssp460,2043,0.07697207638036999,-0.05544763740848101,2020,"Sum SLCF (Aerosols, Methane, Ozone, HFCs)"
ssp460,2044,0.07940874615929391,-0.05714674399279403,2020,"Sum SLCF (Aerosols, Methane, Ozone, HFCs)"
ssp460,2045,0.0815760777544361,-0.05855278104968796,2020,"Sum SLCF (Aerosols, Methane, Ozone, HFCs)"
ssp460,2046,0.08400796328644,-0.05953880898094599,2020,"Sum SLCF (Aerosols, Methane, Ozone, HFCs)"
ssp460,2047,0.08589137518950299,-0.06114335363933898,2020,"Sum SLCF (Aerosols, Methane, Ozone, HFCs)"
ssp460,2048,0.08833890669693292,-0.06269710181831906,2020,"Sum SLCF (Aerosols, Methane, Ozone, HFCs)"
ssp460,2049,0.08999303654489005,-0.06356945704667,2020,"Sum SLCF (Aerosols, Methane, Ozone, HFCs)"
ssp460,2050,0.09338777326873998,-0.06517898277581399,2020,"Sum SLCF (Aerosols, Methane, Ozone, HFCs)"
ssp460,2051,0.09574328940106,-0.06785390787544002,2020,"Sum SLCF (Aerosols, Methane, Ozone, HFCs)"
ssp460,2052,0.098640029575675,-0.06980352895594302,2020,"Sum SLCF (Aerosols, Methane, Ozone, HFCs)"
ssp460,2053,0.10166262376160398,-0.07168792921970002,2020,"Sum SLCF (Aerosols, Methane, Ozone, HFCs)"
ssp460,2054,0.10452781198307204,-0.07370894745081699,2020,"Sum SLCF (Aerosols, Methane, Ozone, HFCs)"
ssp460,2055,0.10731542623841503,-0.075208408723235,2020,"Sum SLCF (Aerosols, Methane, Ozone, HFCs)"
ssp460,2056,0.110458029979074,-0.077530939152509,2020,"Sum SLCF (Aerosols, Methane, Ozone, HFCs)"
ssp460,2057,0.11366333203888801,-0.08026929294949103,2020,"Sum SLCF (Aerosols, Methane, Ozone, HFCs)"
ssp460,2058,0.11708728877438102,-0.08227018319420604,2020,"Sum SLCF (Aerosols, Methane, Ozone, HFCs)"
ssp460,2059,0.12088267369179906,-0.08429767948473599,2020,"Sum SLCF (Aerosols, Methane, Ozone, HFCs)"
ssp460,2060,0.122326344434243,-0.086054252446545,2020,"Sum SLCF (Aerosols, Methane, Ozone, HFCs)"
ssp460,2061,0.12647291788082504,-0.087711863448281,2020,"Sum SLCF (Aerosols, Methane, Ozone, HFCs)"
ssp460,2062,0.12790501162401807,-0.09052389199661595,2020,"Sum SLCF (Aerosols, Methane, Ozone, HFCs)"
ssp460,2063,0.13087877097545497,-0.09248460914898499,2020,"Sum SLCF (Aerosols, Methane, Ozone, HFCs)"
ssp460,2064,0.134937486311214,-0.09429987952135599,2020,"Sum SLCF (Aerosols, Methane, Ozone, HFCs)"
ssp460,2065,0.13796911577309,-0.09581322145881896,2020,"Sum SLCF (Aerosols, Methane, Ozone, HFCs)"
ssp460,2066,0.14039176664095304,-0.09854307310521898,2020,"Sum SLCF (Aerosols, Methane, Ozone, HFCs)"
ssp460,2067,0.14443115416228497,-0.10111691162869199,2020,"Sum SLCF (Aerosols, Methane, Ozone, HFCs)"
ssp460,2068,0.14769524644600296,-0.103710814178269,2020,"Sum SLCF (Aerosols, Methane, Ozone, HFCs)"
ssp460,2069,0.15097222593697202,-0.10546158505121697,2020,"Sum SLCF (Aerosols, Methane, Ozone, HFCs)"
ssp460,2070,0.155424619594542,-0.108003909903826,2020,"Sum SLCF (Aerosols, Methane, Ozone, HFCs)"
ssp460,2071,0.15909671616825,-0.11019137121266998,2020,"Sum SLCF (Aerosols, Methane, Ozone, HFCs)"
ssp460,2072,0.16296476691560396,-0.11233831094616706,2020,"Sum SLCF (Aerosols, Methane, Ozone, HFCs)"
ssp460,2073,0.167787548248307,-0.11471700043399394,2020,"Sum SLCF (Aerosols, Methane, Ozone, HFCs)"
ssp460,2074,0.17127659387371802,-0.11630899322347799,2020,"Sum SLCF (Aerosols, Methane, Ozone, HFCs)"
ssp460,2075,0.17570347098469702,-0.11822660374239496,2020,"Sum SLCF (Aerosols, Methane, Ozone, HFCs)"
ssp460,2076,0.17894711772039096,-0.12092769605987799,2020,"Sum SLCF (Aerosols, Methane, Ozone, HFCs)"
ssp460,2077,0.18397662916098906,-0.12312092933790997,2020,"Sum SLCF (Aerosols, Methane, Ozone, HFCs)"
ssp460,2078,0.1886616132339129,-0.12584016100772402,2020,"Sum SLCF (Aerosols, Methane, Ozone, HFCs)"
ssp460,2079,0.192532943162655,-0.12895295765227394,2020,"Sum SLCF (Aerosols, Methane, Ozone, HFCs)"
ssp460,2080,0.19705509641569008,-0.13198589262518298,2020,"Sum SLCF (Aerosols, Methane, Ozone, HFCs)"
ssp460,2081,0.2003826749475351,-0.13438736809660298,2020,"Sum SLCF (Aerosols, Methane, Ozone, HFCs)"
ssp460,2082,0.202962511434856,-0.13729596742328298,2020,"Sum SLCF (Aerosols, Methane, Ozone, HFCs)"
ssp460,2083,0.20569786291638392,-0.14080465330022998,2020,"Sum SLCF (Aerosols, Methane, Ozone, HFCs)"
ssp460,2084,0.20929874059955011,-0.14379632223891603,2020,"Sum SLCF (Aerosols, Methane, Ozone, HFCs)"
ssp460,2085,0.21365066919651904,-0.14637839516613108,2020,"Sum SLCF (Aerosols, Methane, Ozone, HFCs)"
ssp460,2086,0.217507452928762,-0.14872075141814903,2020,"Sum SLCF (Aerosols, Methane, Ozone, HFCs)"
ssp460,2087,0.223390876841843,-0.15015898143416298,2020,"Sum SLCF (Aerosols, Methane, Ozone, HFCs)"
ssp460,2088,0.22804033075605512,-0.15285794696465002,2020,"Sum SLCF (Aerosols, Methane, Ozone, HFCs)"
ssp460,2089,0.23198545572671592,-0.154949481622546,2020,"Sum SLCF (Aerosols, Methane, Ozone, HFCs)"
ssp460,2090,0.23493559279481696,-0.15558076206485194,2020,"Sum SLCF (Aerosols, Methane, Ozone, HFCs)"
ssp460,2091,0.23914293700120415,-0.15770784686745498,2020,"Sum SLCF (Aerosols, Methane, Ozone, HFCs)"
ssp460,2092,0.24392901332106404,-0.15988944697264695,2020,"Sum SLCF (Aerosols, Methane, Ozone, HFCs)"
ssp460,2093,0.24622331936542008,-0.16157653774504396,2020,"Sum SLCF (Aerosols, Methane, Ozone, HFCs)"
ssp460,2094,0.24810872727488792,-0.16323072741372205,2020,"Sum SLCF (Aerosols, Methane, Ozone, HFCs)"
ssp460,2095,0.2514532912296819,-0.16554872670268,2020,"Sum SLCF (Aerosols, Methane, Ozone, HFCs)"
ssp460,2096,0.25344311542948705,-0.16811917312169497,2020,"Sum SLCF (Aerosols, Methane, Ozone, HFCs)"
ssp460,2097,0.25450416835234,-0.170079808734188,2020,"Sum SLCF (Aerosols, Methane, Ozone, HFCs)"
ssp460,2098,0.257152190896622,-0.17146733753567506,2020,"Sum SLCF (Aerosols, Methane, Ozone, HFCs)"
ssp460,2099,0.26057047245908,-0.172751891572834,2020,"Sum SLCF (Aerosols, Methane, Ozone, HFCs)"
ssp460,2100,0.2631067712482431,-0.1738902568235229,2020,"Sum SLCF (Aerosols, Methane, Ozone, HFCs)"
ssp534-over,2020,0.0,0.0,2020,"Sum SLCF (Aerosols, Methane, Ozone, HFCs)"
ssp534-over,2021,0.007363502931633993,-0.005707419794221003,2020,"Sum SLCF (Aerosols, Methane, Ozone, HFCs)"
ssp534-over,2022,0.014322359728720997,-0.010521322238102,2020,"Sum SLCF (Aerosols, Methane, Ozone, HFCs)"
ssp534-over,2023,0.021223409827120003,-0.015621454231664993,2020,"Sum SLCF (Aerosols, Methane, Ozone, HFCs)"
ssp534-over,2024,0.02817920720166802,-0.020842628152830993,2020,"Sum SLCF (Aerosols, Methane, Ozone, HFCs)"
ssp534-over,2025,0.034646575234095006,-0.026418401828657997,2020,"Sum SLCF (Aerosols, Methane, Ozone, HFCs)"
ssp534-over,2026,0.042513790029938006,-0.03140659284372901,2020,"Sum SLCF (Aerosols, Methane, Ozone, HFCs)"
ssp534-over,2027,0.050246239646616994,-0.036829593947583006,2020,"Sum SLCF (Aerosols, Methane, Ozone, HFCs)"
ssp534-over,2028,0.05819534726493,-0.042324948093187986,2020,"Sum SLCF (Aerosols, Methane, Ozone, HFCs)"
ssp534-over,2029,0.066204379398383,-0.04791595727211702,2020,"Sum SLCF (Aerosols, Methane, Ozone, HFCs)"
ssp534-over,2030,0.07467341008312703,-0.053544888236259996,2020,"Sum SLCF (Aerosols, Methane, Ozone, HFCs)"
ssp534-over,2031,0.0827729898259,-0.05861732838343402,2020,"Sum SLCF (Aerosols, Methane, Ozone, HFCs)"
ssp534-over,2032,0.09159625849377695,-0.06325654466678604,2020,"Sum SLCF (Aerosols, Methane, Ozone, HFCs)"
ssp534-over,2033,0.10021745642295002,-0.067496986667067,2020,"Sum SLCF (Aerosols, Methane, Ozone, HFCs)"
ssp534-over,2034,0.108063386973409,-0.07200109199713099,2020,"Sum SLCF (Aerosols, Methane, Ozone, HFCs)"
ssp534-over,2035,0.11521723197731398,-0.07610437946074503,2020,"Sum SLCF (Aerosols, Methane, Ozone, HFCs)"
ssp534-over,2036,0.12386141828040295,-0.07974308850107203,2020,"Sum SLCF (Aerosols, Methane, Ozone, HFCs)"
ssp534-over,2037,0.13087599492074908,-0.08357870984851397,2020,"Sum SLCF (Aerosols, Methane, Ozone, HFCs)"
ssp534-over,2038,0.138600086086734,-0.08708579098287204,2020,"Sum SLCF (Aerosols, Methane, Ozone, HFCs)"
ssp534-over,2039,0.14541946922180096,-0.09070018123225099,2020,"Sum SLCF (Aerosols, Methane, Ozone, HFCs)"
ssp534-over,2040,0.152077822354518,-0.09449166251303104,2020,"Sum SLCF (Aerosols, Methane, Ozone, HFCs)"
ssp534-over,2041,0.15892598360666604,-0.098847107945818,2020,"Sum SLCF (Aerosols, Methane, Ozone, HFCs)"
ssp534-over,2042,0.166330237818754,-0.10389017203427098,2020,"Sum SLCF (Aerosols, Methane, Ozone, HFCs)"
ssp534-over,2043,0.17460836082930198,-0.10870345433533898,2020,"Sum SLCF (Aerosols, Methane, Ozone, HFCs)"
ssp534-over,2044,0.18274367305088007,-0.11315681778065204,2020,"Sum SLCF (Aerosols, Methane, Ozone, HFCs)"
ssp534-over,2045,0.19056058016026906,-0.11889808153295198,2020,"Sum SLCF (Aerosols, Methane, Ozone, HFCs)"
ssp534-over,2046,0.19900952740461697,-0.12525052820937504,2020,"Sum SLCF (Aerosols, Methane, Ozone, HFCs)"
ssp534-over,2047,0.207521686891449,-0.13077874067293396,2020,"Sum SLCF (Aerosols, Methane, Ozone, HFCs)"
ssp534-over,2048,0.21427100721355996,-0.13677189315762303,2020,"Sum SLCF (Aerosols, Methane, Ozone, HFCs)"
ssp534-over,2049,0.22150761628699,-0.14231016721439302,2020,"Sum SLCF (Aerosols, Methane, Ozone, HFCs)"
ssp534-over,2050,0.2286582705695941,-0.14814337535727903,2020,"Sum SLCF (Aerosols, Methane, Ozone, HFCs)"
ssp534-over,2051,0.236668767814799,-0.15215726537149904,2020,"Sum SLCF (Aerosols, Methane, Ozone, HFCs)"
ssp534-over,2052,0.24468574396819498,-0.15603942894296502,2020,"Sum SLCF (Aerosols, Methane, Ozone, HFCs)"
ssp534-over,2053,0.250719233754359,-0.15827057900203695,2020,"Sum SLCF (Aerosols, Methane, Ozone, HFCs)"
ssp534-over,2054,0.25486824257982693,-0.162837151456123,2020,"Sum SLCF (Aerosols, Methane, Ozone, HFCs)"
ssp534-over,2055,0.260066868195592,-0.16456170053174698,2020,"Sum SLCF (Aerosols, Methane, Ozone, HFCs)"
ssp534-over,2056,0.26287004698264,-0.16657621116190396,2020,"Sum SLCF (Aerosols, Methane, Ozone, HFCs)"
ssp534-over,2057,0.26817685349738907,-0.166322924033914,2020,"Sum SLCF (Aerosols, Methane, Ozone, HFCs)"
ssp534-over,2058,0.27158122169634996,-0.167779075867721,2020,"Sum SLCF (Aerosols, Methane, Ozone, HFCs)"
ssp534-over,2059,0.27429552312888594,-0.16915036796862898,2020,"Sum SLCF (Aerosols, Methane, Ozone, HFCs)"
ssp534-over,2060,0.27568056035176997,-0.169598533322511,2020,"Sum SLCF (Aerosols, Methane, Ozone, HFCs)"
ssp534-over,2061,0.2763711171421719,-0.16995905313265602,2020,"Sum SLCF (Aerosols, Methane, Ozone, HFCs)"
ssp534-over,2062,0.27787604532362997,-0.17006789237604802,2020,"Sum SLCF (Aerosols, Methane, Ozone, HFCs)"
ssp534-over,2063,0.279884814230114,-0.17139993837036901,2020,"Sum SLCF (Aerosols, Methane, Ozone, HFCs)"
ssp534-over,2064,0.280789825699012,-0.16980572538153202,2020,"Sum SLCF (Aerosols, Methane, Ozone, HFCs)"
ssp534-over,2065,0.282481497780408,-0.16853282323225,2020,"Sum SLCF (Aerosols, Methane, Ozone, HFCs)"
ssp534-over,2066,0.27998564938688997,-0.170453502641821,2020,"Sum SLCF (Aerosols, Methane, Ozone, HFCs)"
ssp534-over,2067,0.279091503128851,-0.172203818515881,2020,"Sum SLCF (Aerosols, Methane, Ozone, HFCs)"
ssp534-over,2068,0.278811746277098,-0.172026869545161,2020,"Sum SLCF (Aerosols, Methane, Ozone, HFCs)"
ssp534-over,2069,0.280136137144314,-0.172440377156788,2020,"Sum SLCF (Aerosols, Methane, Ozone, HFCs)"
ssp534-over,2070,0.27859793426882296,-0.172951717605462,2020,"Sum SLCF (Aerosols, Methane, Ozone, HFCs)"
ssp534-over,2071,0.277843317256397,-0.17335757389079098,2020,"Sum SLCF (Aerosols, Methane, Ozone, HFCs)"
ssp534-over,2072,0.280236180799479,-0.173824168278769,2020,"Sum SLCF (Aerosols, Methane, Ozone, HFCs)"
ssp534-over,2073,0.28029831364076296,-0.17392532491068197,2020,"Sum SLCF (Aerosols, Methane, Ozone, HFCs)"
ssp534-over,2074,0.27894531833542,-0.174599643011633,2020,"Sum SLCF (Aerosols, Methane, Ozone, HFCs)"
ssp534-over,2075,0.27846578562551594,-0.175744230361924,2020,"Sum SLCF (Aerosols, Methane, Ozone, HFCs)"
ssp534-over,2076,0.27941903868263795,-0.177159390939872,2020,"Sum SLCF (Aerosols, Methane, Ozone, HFCs)"
ssp534-over,2077,0.280146865568901,-0.17719911242730502,2020,"Sum SLCF (Aerosols, Methane, Ozone, HFCs)"
ssp534-over,2078,0.28161181886616604,-0.17724133881690196,2020,"Sum SLCF (Aerosols, Methane, Ozone, HFCs)"
ssp534-over,2079,0.28047114435078097,-0.17676134625631001,2020,"Sum SLCF (Aerosols, Methane, Ozone, HFCs)"
ssp534-over,2080,0.28324022463140797,-0.177934505128814,2020,"Sum SLCF (Aerosols, Methane, Ozone, HFCs)"
ssp534-over,2081,0.28469946269639995,-0.17903592444195499,2020,"Sum SLCF (Aerosols, Methane, Ozone, HFCs)"
ssp534-over,2082,0.28424218139720697,-0.17898384705074602,2020,"Sum SLCF (Aerosols, Methane, Ozone, HFCs)"
ssp534-over,2083,0.28484770972816403,-0.17915477080369202,2020,"Sum SLCF (Aerosols, Methane, Ozone, HFCs)"
ssp534-over,2084,0.286806644092724,-0.18052662489749602,2020,"Sum SLCF (Aerosols, Methane, Ozone, HFCs)"
ssp534-over,2085,0.28794180184234797,-0.18203837379607998,2020,"Sum SLCF (Aerosols, Methane, Ozone, HFCs)"
ssp534-over,2086,0.289428677033241,-0.18163038664478398,2020,"Sum SLCF (Aerosols, Methane, Ozone, HFCs)"
ssp534-over,2087,0.290812621456747,-0.18207078505143598,2020,"Sum SLCF (Aerosols, Methane, Ozone, HFCs)"
ssp534-over,2088,0.289798272498563,-0.18251888917127002,2020,"Sum SLCF (Aerosols, Methane, Ozone, HFCs)"
ssp534-over,2089,0.28975439157362404,-0.182297679092473,2020,"Sum SLCF (Aerosols, Methane, Ozone, HFCs)"
ssp534-over,2090,0.291691835340587,-0.182148437543889,2020,"Sum SLCF (Aerosols, Methane, Ozone, HFCs)"
ssp534-over,2091,0.29273281693682607,-0.183009491138033,2020,"Sum SLCF (Aerosols, Methane, Ozone, HFCs)"
ssp534-over,2092,0.293846766434177,-0.18323085734361902,2020,"Sum SLCF (Aerosols, Methane, Ozone, HFCs)"
ssp534-over,2093,0.29390159838041896,-0.183667935148426,2020,"Sum SLCF (Aerosols, Methane, Ozone, HFCs)"
ssp534-over,2094,0.293467512734832,-0.183731733305261,2020,"Sum SLCF (Aerosols, Methane, Ozone, HFCs)"
ssp534-over,2095,0.29294384185119,-0.184027481225843,2020,"Sum SLCF (Aerosols, Methane, Ozone, HFCs)"
ssp534-over,2096,0.29253119858353005,-0.18427999332002798,2020,"Sum SLCF (Aerosols, Methane, Ozone, HFCs)"
ssp534-over,2097,0.292023103236859,-0.18431496713672899,2020,"Sum SLCF (Aerosols, Methane, Ozone, HFCs)"
ssp534-over,2098,0.29130116979463305,-0.18496649557107397,2020,"Sum SLCF (Aerosols, Methane, Ozone, HFCs)"
ssp534-over,2099,0.29043988578011903,-0.18560009439485498,2020,"Sum SLCF (Aerosols, Methane, Ozone, HFCs)"
ssp534-over,2100,0.28986744369102596,-0.185733874471659,2020,"Sum SLCF (Aerosols, Methane, Ozone, HFCs)"
ssp585,2020,0.0,0.0,2020,"Sum SLCF (Aerosols, Methane, Ozone, HFCs)"
ssp585,2021,0.007350572545247999,-0.005685874860428999,2020,"Sum SLCF (Aerosols, Methane, Ozone, HFCs)"
ssp585,2022,0.014310936560528006,-0.010442866823569,2020,"Sum SLCF (Aerosols, Methane, Ozone, HFCs)"
ssp585,2023,0.021079446651841006,-0.015494932017101004,2020,"Sum SLCF (Aerosols, Methane, Ozone, HFCs)"
ssp585,2024,0.028067296863111997,-0.020782702198105005,2020,"Sum SLCF (Aerosols, Methane, Ozone, HFCs)"
ssp585,2025,0.03448420838826799,-0.02628582636045501,2020,"Sum SLCF (Aerosols, Methane, Ozone, HFCs)"
ssp585,2026,0.042362511928073,-0.031216753256309994,2020,"Sum SLCF (Aerosols, Methane, Ozone, HFCs)"
ssp585,2027,0.04995828726262398,-0.03649232835722102,2020,"Sum SLCF (Aerosols, Methane, Ozone, HFCs)"
ssp585,2028,0.05780521804117898,-0.04205173683282399,2020,"Sum SLCF (Aerosols, Methane, Ozone, HFCs)"
ssp585,2029,0.06548338831346298,-0.047472610316539016,2020,"Sum SLCF (Aerosols, Methane, Ozone, HFCs)"
ssp585,2030,0.07424076587286405,-0.053050765025517976,2020,"Sum SLCF (Aerosols, Methane, Ozone, HFCs)"
ssp585,2031,0.082416822686913,-0.058037514878208005,2020,"Sum SLCF (Aerosols, Methane, Ozone, HFCs)"
ssp585,2032,0.09090759000628101,-0.062842118465332,2020,"Sum SLCF (Aerosols, Methane, Ozone, HFCs)"
ssp585,2033,0.09927204204464499,-0.06673990385098602,2020,"Sum SLCF (Aerosols, Methane, Ozone, HFCs)"
ssp585,2034,0.10690715914858101,-0.071016498935531,2020,"Sum SLCF (Aerosols, Methane, Ozone, HFCs)"
ssp585,2035,0.11405492743968898,-0.07522012014346702,2020,"Sum SLCF (Aerosols, Methane, Ozone, HFCs)"
ssp585,2036,0.122735178197478,-0.07883411930229998,2020,"Sum SLCF (Aerosols, Methane, Ozone, HFCs)"
ssp585,2037,0.13017566075969397,-0.082308970171576,2020,"Sum SLCF (Aerosols, Methane, Ozone, HFCs)"
ssp585,2038,0.13682405256979902,-0.08603387747523297,2020,"Sum SLCF (Aerosols, Methane, Ozone, HFCs)"
ssp585,2039,0.14418895847635793,-0.08955284627152005,2020,"Sum SLCF (Aerosols, Methane, Ozone, HFCs)"
ssp585,2040,0.151036308706434,-0.09326666068799103,2020,"Sum SLCF (Aerosols, Methane, Ozone, HFCs)"
ssp585,2041,0.15809611742357,-0.09737815888976104,2020,"Sum SLCF (Aerosols, Methane, Ozone, HFCs)"
ssp585,2042,0.1648375814506111,-0.101464319115362,2020,"Sum SLCF (Aerosols, Methane, Ozone, HFCs)"
ssp585,2043,0.17052608664724894,-0.10511150630189506,2020,"Sum SLCF (Aerosols, Methane, Ozone, HFCs)"
ssp585,2044,0.176630590022409,-0.10833309542497804,2020,"Sum SLCF (Aerosols, Methane, Ozone, HFCs)"
ssp585,2045,0.18285050173141404,-0.11164217000785501,2020,"Sum SLCF (Aerosols, Methane, Ozone, HFCs)"
ssp585,2046,0.188839949775143,-0.11531289720097698,2020,"Sum SLCF (Aerosols, Methane, Ozone, HFCs)"
ssp585,2047,0.19480653075197701,-0.11898619061417004,2020,"Sum SLCF (Aerosols, Methane, Ozone, HFCs)"
ssp585,2048,0.19972931646707803,-0.12309650487739698,2020,"Sum SLCF (Aerosols, Methane, Ozone, HFCs)"
ssp585,2049,0.20581902968613708,-0.12649993746015298,2020,"Sum SLCF (Aerosols, Methane, Ozone, HFCs)"
ssp585,2050,0.21167676211987901,-0.13010559276347206,2020,"Sum SLCF (Aerosols, Methane, Ozone, HFCs)"
ssp585,2051,0.21657039194681998,-0.13394902445731605,2020,"Sum SLCF (Aerosols, Methane, Ozone, HFCs)"
ssp585,2052,0.221524596334013,-0.137484335774851,2020,"Sum SLCF (Aerosols, Methane, Ozone, HFCs)"
ssp585,2053,0.22761776270941603,-0.140562962393448,2020,"Sum SLCF (Aerosols, Methane, Ozone, HFCs)"
ssp585,2054,0.23253483902607786,-0.1438026342363991,2020,"Sum SLCF (Aerosols, Methane, Ozone, HFCs)"
ssp585,2055,0.23734900391717406,-0.14641938197064105,2020,"Sum SLCF (Aerosols, Methane, Ozone, HFCs)"
ssp585,2056,0.24207432720295907,-0.14870844728936594,2020,"Sum SLCF (Aerosols, Methane, Ozone, HFCs)"
ssp585,2057,0.24678997237177303,-0.151410043054312,2020,"Sum SLCF (Aerosols, Methane, Ozone, HFCs)"
ssp585,2058,0.2509972794108279,-0.15434989998522006,2020,"Sum SLCF (Aerosols, Methane, Ozone, HFCs)"
ssp585,2059,0.25491045507839,-0.15662863882154396,2020,"Sum SLCF (Aerosols, Methane, Ozone, HFCs)"
ssp585,2060,0.258922693605219,-0.159118830176077,2020,"Sum SLCF (Aerosols, Methane, Ozone, HFCs)"
ssp585,2061,0.263081254391619,-0.16069554723878798,2020,"Sum SLCF (Aerosols, Methane, Ozone, HFCs)"
ssp585,2062,0.26727431420921305,-0.162120260305951,2020,"Sum SLCF (Aerosols, Methane, Ozone, HFCs)"
ssp585,2063,0.27133337306339805,-0.163535125893306,2020,"Sum SLCF (Aerosols, Methane, Ozone, HFCs)"
ssp585,2064,0.2746307730867211,-0.16565033409490404,2020,"Sum SLCF (Aerosols, Methane, Ozone, HFCs)"
ssp585,2065,0.27775315027142705,-0.1672746289989781,2020,"Sum SLCF (Aerosols, Methane, Ozone, HFCs)"
ssp585,2066,0.28016391931825213,-0.169326071941457,2020,"Sum SLCF (Aerosols, Methane, Ozone, HFCs)"
ssp585,2067,0.2826365672550829,-0.1713327618685111,2020,"Sum SLCF (Aerosols, Methane, Ozone, HFCs)"
ssp585,2068,0.285261502379058,-0.173041928679522,2020,"Sum SLCF (Aerosols, Methane, Ozone, HFCs)"
ssp585,2069,0.28783185880207,-0.17443478674400809,2020,"Sum SLCF (Aerosols, Methane, Ozone, HFCs)"
ssp585,2070,0.2905891646397779,-0.17588002611952097,2020,"Sum SLCF (Aerosols, Methane, Ozone, HFCs)"
ssp585,2071,0.29266275276155007,-0.17680607522141595,2020,"Sum SLCF (Aerosols, Methane, Ozone, HFCs)"
ssp585,2072,0.29486623302073794,-0.178754718071016,2020,"Sum SLCF (Aerosols, Methane, Ozone, HFCs)"
ssp585,2073,0.2994438939802791,-0.18001928811770995,2020,"Sum SLCF (Aerosols, Methane, Ozone, HFCs)"
ssp585,2074,0.3015804183604689,-0.18254422919992908,2020,"Sum SLCF (Aerosols, Methane, Ozone, HFCs)"
ssp585,2075,0.303568465361077,-0.18492178629025996,2020,"Sum SLCF (Aerosols, Methane, Ozone, HFCs)"
ssp585,2076,0.3069719714254459,-0.186228684910708,2020,"Sum SLCF (Aerosols, Methane, Ozone, HFCs)"
ssp585,2077,0.31085882199360904,-0.18779985956642503,2020,"Sum SLCF (Aerosols, Methane, Ozone, HFCs)"
ssp585,2078,0.31389601786966603,-0.1898138641399849,2020,"Sum SLCF (Aerosols, Methane, Ozone, HFCs)"
ssp585,2079,0.3165704606256089,-0.19197093271181104,2020,"Sum SLCF (Aerosols, Methane, Ozone, HFCs)"
ssp585,2080,0.317745966632368,-0.19394467998207693,2020,"Sum SLCF (Aerosols, Methane, Ozone, HFCs)"
ssp585,2081,0.3202446605361191,-0.19549094151949997,2020,"Sum SLCF (Aerosols, Methane, Ozone, HFCs)"
ssp585,2082,0.32266196222522114,-0.19681051883176293,2020,"Sum SLCF (Aerosols, Methane, Ozone, HFCs)"
ssp585,2083,0.3233149872484441,-0.20010770940972894,2020,"Sum SLCF (Aerosols, Methane, Ozone, HFCs)"
ssp585,2084,0.3267449556203791,-0.20269555538886896,2020,"Sum SLCF (Aerosols, Methane, Ozone, HFCs)"
ssp585,2085,0.330086738193882,-0.20472683896743898,2020,"Sum SLCF (Aerosols, Methane, Ozone, HFCs)"
ssp585,2086,0.33258601049376413,-0.20692798206099694,2020,"Sum SLCF (Aerosols, Methane, Ozone, HFCs)"
ssp585,2087,0.33554438168845213,-0.20862548152420896,2020,"Sum SLCF (Aerosols, Methane, Ozone, HFCs)"
ssp585,2088,0.33878814386024414,-0.211467798413373,2020,"Sum SLCF (Aerosols, Methane, Ozone, HFCs)"
ssp585,2089,0.34188313935729997,-0.21315782887616702,2020,"Sum SLCF (Aerosols, Methane, Ozone, HFCs)"
ssp585,2090,0.34501124236922576,-0.2146452828608751,2020,"Sum SLCF (Aerosols, Methane, Ozone, HFCs)"
ssp585,2091,0.348535700929804,-0.2166308521991529,2020,"Sum SLCF (Aerosols, Methane, Ozone, HFCs)"
ssp585,2092,0.351868316732882,-0.21868459130936396,2020,"Sum SLCF (Aerosols, Methane, Ozone, HFCs)"
ssp585,2093,0.35295081239565296,-0.22019183590078706,2020,"Sum SLCF (Aerosols, Methane, Ozone, HFCs)"
ssp585,2094,0.3558042984657609,-0.22219225404705512,2020,"Sum SLCF (Aerosols, Methane, Ozone, HFCs)"
ssp585,2095,0.35857598544178193,-0.22332260953938,2020,"Sum SLCF (Aerosols, Methane, Ozone, HFCs)"
ssp585,2096,0.36191320721520603,-0.223933672023803,2020,"Sum SLCF (Aerosols, Methane, Ozone, HFCs)"
ssp585,2097,0.3648893226988671,-0.22503437065512,2020,"Sum SLCF (Aerosols, Methane, Ozone, HFCs)"
ssp585,2098,0.36878824825341705,-0.22729469207119807,2020,"Sum SLCF (Aerosols, Methane, Ozone, HFCs)"
ssp585,2099,0.3714397709893139,-0.22992174063433496,2020,"Sum SLCF (Aerosols, Methane, Ozone, HFCs)"
ssp585,2100,0.376903490374059,-0.23027800477748994,2020,"Sum SLCF (Aerosols, Methane, Ozone, HFCs)"
