percentile,scenario,year,variable,Delta T
recommendation,ssp534-over,2019,HFCs,0.0
recommendation,ssp534-over,2020,HFCs,0.0009936700652944074
recommendation,ssp534-over,2021,HFCs,0.0021703292286375277
recommendation,ssp534-over,2022,HFCs,0.0034293996808338403
recommendation,ssp534-over,2023,HFCs,0.004772613516337083
recommendation,ssp534-over,2024,HFCs,0.006197718248246262
recommendation,ssp534-over,2025,HFCs,0.007702806282077451
recommendation,ssp534-over,2026,HFCs,0.009286008796597165
recommendation,ssp534-over,2027,HFCs,0.010945446641798362
recommendation,ssp534-over,2028,HFCs,0.012679221805304196
recommendation,ssp534-over,2029,HFCs,0.01448539432274899
recommendation,ssp534-over,2030,HFCs,0.0163619928982057
recommendation,ssp534-over,2031,HFCs,0.018307157021271343
recommendation,ssp534-over,2032,HFCs,0.020318989357351318
recommendation,ssp534-over,2033,HFCs,0.022387100532603524
recommendation,ssp534-over,2034,HFCs,0.024495025729373565
recommendation,ssp534-over,2035,HFCs,0.02663085344564607
recommendation,ssp534-over,2036,HFCs,0.028785990906607606
recommendation,ssp534-over,2037,HFCs,0.03095437966636183
recommendation,ssp534-over,2038,HFCs,0.033131786172243854
recommendation,ssp534-over,2039,HFCs,0.03531520429440321
recommendation,ssp534-over,2040,HFCs,0.03750274023648701
recommendation,ssp534-over,2041,HFCs,0.039693051897314924
recommendation,ssp534-over,2042,HFCs,0.04188541108335414
recommendation,ssp534-over,2043,HFCs,0.04405170474608849
recommendation,ssp534-over,2044,HFCs,0.04614431112201933
recommendation,ssp534-over,2045,HFCs,0.048129500472758706
recommendation,ssp534-over,2046,HFCs,0.049983728229285186
recommendation,ssp534-over,2047,HFCs,0.051690927603109754
recommendation,ssp534-over,2048,HFCs,0.05324050354978972
recommendation,ssp534-over,2049,HFCs,0.054625995796155444
recommendation,ssp534-over,2050,HFCs,0.05584377538464533
recommendation,ssp534-over,2051,HFCs,0.056892443599581594
recommendation,ssp534-over,2052,HFCs,0.057772137212768776
recommendation,ssp534-over,2053,HFCs,0.058469056879679696
recommendation,ssp534-over,2054,HFCs,0.05896008868363817
recommendation,ssp534-over,2055,HFCs,0.05923106512004159
recommendation,ssp534-over,2056,HFCs,0.05927421463071765
recommendation,ssp534-over,2057,HFCs,0.05908653367689255
recommendation,ssp534-over,2058,HFCs,0.058668273436897594
recommendation,ssp534-over,2059,HFCs,0.058022071094598504
recommendation,ssp534-over,2060,HFCs,0.05715228871431684
recommendation,ssp534-over,2061,HFCs,0.05606430073717482
recommendation,ssp534-over,2062,HFCs,0.05476428275641902
recommendation,ssp534-over,2063,HFCs,0.05329521497077934
recommendation,ssp534-over,2064,HFCs,0.05172546017686598
recommendation,ssp534-over,2065,HFCs,0.05010420551002702
recommendation,ssp534-over,2066,HFCs,0.048466698828118875
recommendation,ssp534-over,2067,HFCs,0.04683794481734781
recommendation,ssp534-over,2068,HFCs,0.04523553366525151
recommendation,ssp534-over,2069,HFCs,0.0436715303251423
recommendation,ssp534-over,2070,HFCs,0.04215403685290078
recommendation,ssp534-over,2071,HFCs,0.04068814086717447
recommendation,ssp534-over,2072,HFCs,0.03927683200270983
recommendation,ssp534-over,2073,HFCs,0.03792114112139943
recommendation,ssp534-over,2074,HFCs,0.036620811997598264
recommendation,ssp534-over,2075,HFCs,0.03537496929003735
recommendation,ssp534-over,2076,HFCs,0.034182383016291826
recommendation,ssp534-over,2077,HFCs,0.033041546915530254
recommendation,ssp534-over,2078,HFCs,0.03195083332261443
recommendation,ssp534-over,2079,HFCs,0.03090841182128371
recommendation,ssp534-over,2080,HFCs,0.029912504517477977
recommendation,ssp534-over,2081,HFCs,0.02896121493223608
recommendation,ssp534-over,2082,HFCs,0.02805274231317719
recommendation,ssp534-over,2083,HFCs,0.027184766016448127
recommendation,ssp534-over,2084,HFCs,0.02635477122114821
recommendation,ssp534-over,2085,HFCs,0.02556048268894867
recommendation,ssp534-over,2086,HFCs,0.02479989834452815
recommendation,ssp534-over,2087,HFCs,0.02407117457060786
recommendation,ssp534-over,2088,HFCs,0.023372685593819602
recommendation,ssp534-over,2089,HFCs,0.022702921537605454
recommendation,ssp534-over,2090,HFCs,0.022060464306798644
recommendation,ssp534-over,2091,HFCs,0.021444242240567436
recommendation,ssp534-over,2092,HFCs,0.020853434510646453
recommendation,ssp534-over,2093,HFCs,0.02028698875622631
recommendation,ssp534-over,2094,HFCs,0.01974375238922594
recommendation,ssp534-over,2095,HFCs,0.01922256460590745
recommendation,ssp534-over,2096,HFCs,0.01872240266532873
recommendation,ssp534-over,2097,HFCs,0.018242254883144588
recommendation,ssp534-over,2098,HFCs,0.017781183145081852
recommendation,ssp534-over,2099,HFCs,0.017338278992865233
recommendation,ssp534-over,2100,HFCs,0.01691270414317314
recommendation,ssp334,2019,HFCs,0.0
recommendation,ssp334,2020,HFCs,0.0009936700652944074
recommendation,ssp334,2021,HFCs,0.002120160176523486
recommendation,ssp334,2022,HFCs,0.0033150872595979486
recommendation,ssp334,2023,HFCs,0.004538687417366856
recommendation,ssp334,2024,HFCs,0.0057202602155876844
recommendation,ssp334,2025,HFCs,0.006811367961869742
recommendation,ssp334,2026,HFCs,0.007779204836414675
recommendation,ssp334,2027,HFCs,0.008602153196311576
recommendation,ssp334,2028,HFCs,0.009266568958468755
recommendation,ssp334,2029,HFCs,0.009764549523518715
recommendation,ssp334,2030,HFCs,0.010092272988235645
recommendation,ssp334,2031,HFCs,0.0102488605334112
recommendation,ssp334,2032,HFCs,0.010235452293545486
recommendation,ssp334,2033,HFCs,0.010079118580963605
recommendation,ssp334,2034,HFCs,0.009824175706378554
recommendation,ssp334,2035,HFCs,0.009501807361465255
recommendation,ssp334,2036,HFCs,0.00913407641051333
recommendation,ssp334,2037,HFCs,0.00873661745027935
recommendation,ssp334,2038,HFCs,0.0083204899687295
recommendation,ssp334,2039,HFCs,0.007893470214976578
recommendation,ssp334,2040,HFCs,0.007460977099114405
recommendation,ssp334,2041,HFCs,0.00702671489146359
recommendation,ssp334,2042,HFCs,0.006593163603457946
recommendation,ssp334,2043,HFCs,0.00616460808801108
recommendation,ssp334,2044,HFCs,0.005746525815214582
recommendation,ssp334,2045,HFCs,0.005342519154870922
recommendation,ssp334,2046,HFCs,0.004954836997719977
recommendation,ssp334,2047,HFCs,0.004584786915926946
recommendation,ssp334,2048,HFCs,0.004232998355605965
recommendation,ssp334,2049,HFCs,0.003899628831619815
recommendation,ssp334,2050,HFCs,0.003584507827566478
recommendation,ssp334,2051,HFCs,0.0032872390608799495
recommendation,ssp334,2052,HFCs,0.0030072768265748395
recommendation,ssp334,2053,HFCs,0.0027437809180080805
recommendation,ssp334,2054,HFCs,0.0024957333147491035
recommendation,ssp334,2055,HFCs,0.002262202787821575
recommendation,ssp334,2056,HFCs,0.002042335882057607
recommendation,ssp334,2057,HFCs,0.0018353460326207792
recommendation,ssp334,2058,HFCs,0.0016405055282633346
recommendation,ssp334,2059,HFCs,0.001457128339390842
recommendation,ssp334,2060,HFCs,0.0012845865454225655
recommendation,ssp334,2061,HFCs,0.00112228622478509
recommendation,ssp334,2062,HFCs,0.0009696701197449229
recommendation,ssp334,2063,HFCs,0.0008262498500180727
recommendation,ssp334,2064,HFCs,0.0006915845837730077
recommendation,ssp334,2065,HFCs,0.000565247813589808
recommendation,ssp334,2066,HFCs,0.0004468287225503874
recommendation,ssp334,2067,HFCs,0.00033593091464624233
recommendation,ssp334,2068,HFCs,0.00023218287997067016
recommendation,ssp334,2069,HFCs,0.0001352251962126079
recommendation,ssp334,2070,HFCs,4.471669315505092e-05
recommendation,ssp334,2071,HFCs,-3.966060338288398e-05
recommendation,ssp334,2072,HFCs,-0.00011821791031864717
recommendation,ssp334,2073,HFCs,-0.00019123956554380726
recommendation,ssp334,2074,HFCs,-0.00025900450703782163
recommendation,ssp334,2075,HFCs,-0.00032178151002563646
recommendation,ssp334,2076,HFCs,-0.0003798228363969952
recommendation,ssp334,2077,HFCs,-0.0004333712141934738
recommendation,ssp334,2078,HFCs,-0.0004826593702774388
recommendation,ssp334,2079,HFCs,-0.0005279037978946667
recommendation,ssp334,2080,HFCs,-0.0005693111881937361
recommendation,ssp334,2081,HFCs,-0.0006070740354735607
recommendation,ssp334,2082,HFCs,-0.000641377605578029
recommendation,ssp334,2083,HFCs,-0.0006725027402643934
recommendation,ssp334,2084,HFCs,-0.0007007880385565459
recommendation,ssp334,2085,HFCs,-0.0007265143295512484
recommendation,ssp334,2086,HFCs,-0.0007499021553638904
recommendation,ssp334,2087,HFCs,-0.0007711475495024434
recommendation,ssp334,2088,HFCs,-0.0007904043787402906
recommendation,ssp334,2089,HFCs,-0.0008078165532674937
recommendation,ssp334,2090,HFCs,-0.0008235019274274724
recommendation,ssp334,2091,HFCs,-0.0008375643386432027
recommendation,ssp334,2092,HFCs,-0.0008501027936804514
recommendation,ssp334,2093,HFCs,-0.0008614568856809991
recommendation,ssp334,2094,HFCs,-0.0008721440411267149
recommendation,ssp334,2095,HFCs,-0.0008825343534442
recommendation,ssp334,2096,HFCs,-0.0008928859812479678
recommendation,ssp334,2097,HFCs,-0.0009033887588033897
recommendation,ssp334,2098,HFCs,-0.0009141092986272199
recommendation,ssp334,2099,HFCs,-0.0009250320460334124
recommendation,ssp334,2100,HFCs,-0.000936135718442704
recommendation,ssp119,2019,HFCs,0.0
recommendation,ssp119,2020,HFCs,0.0009936700652944074
recommendation,ssp119,2021,HFCs,0.002120160176523486
recommendation,ssp119,2022,HFCs,0.0033150872595979486
recommendation,ssp119,2023,HFCs,0.004538687417366856
recommendation,ssp119,2024,HFCs,0.0057202602155876844
recommendation,ssp119,2025,HFCs,0.006811367961869742
recommendation,ssp119,2026,HFCs,0.007779204836414675
recommendation,ssp119,2027,HFCs,0.008602153196311576
recommendation,ssp119,2028,HFCs,0.009266568958468755
recommendation,ssp119,2029,HFCs,0.009764549523518715
recommendation,ssp119,2030,HFCs,0.010092272988235645
recommendation,ssp119,2031,HFCs,0.0102488605334112
recommendation,ssp119,2032,HFCs,0.010235452293545486
recommendation,ssp119,2033,HFCs,0.010079118580963605
recommendation,ssp119,2034,HFCs,0.009824175706378554
recommendation,ssp119,2035,HFCs,0.009501807361465255
recommendation,ssp119,2036,HFCs,0.00913407641051333
recommendation,ssp119,2037,HFCs,0.00873661745027935
recommendation,ssp119,2038,HFCs,0.0083204899687295
recommendation,ssp119,2039,HFCs,0.007893470214976578
recommendation,ssp119,2040,HFCs,0.007460977099114405
recommendation,ssp119,2041,HFCs,0.00702671489146359
recommendation,ssp119,2042,HFCs,0.006593163603457946
recommendation,ssp119,2043,HFCs,0.00616460808801108
recommendation,ssp119,2044,HFCs,0.005746525815214582
recommendation,ssp119,2045,HFCs,0.005342519154870922
recommendation,ssp119,2046,HFCs,0.004954836997719977
recommendation,ssp119,2047,HFCs,0.004584786915926946
recommendation,ssp119,2048,HFCs,0.004232998355605965
recommendation,ssp119,2049,HFCs,0.003899628831619815
recommendation,ssp119,2050,HFCs,0.003584507827566478
recommendation,ssp119,2051,HFCs,0.0032872390608799495
recommendation,ssp119,2052,HFCs,0.0030072768265748395
recommendation,ssp119,2053,HFCs,0.0027437809180080805
recommendation,ssp119,2054,HFCs,0.0024957333147491035
recommendation,ssp119,2055,HFCs,0.002262202787821575
recommendation,ssp119,2056,HFCs,0.002042335882057607
recommendation,ssp119,2057,HFCs,0.0018353460326207792
recommendation,ssp119,2058,HFCs,0.0016405055282633346
recommendation,ssp119,2059,HFCs,0.001457128339390842
recommendation,ssp119,2060,HFCs,0.0012845865454225655
recommendation,ssp119,2061,HFCs,0.00112228622478509
recommendation,ssp119,2062,HFCs,0.0009696701197449229
recommendation,ssp119,2063,HFCs,0.0008262498500180727
recommendation,ssp119,2064,HFCs,0.0006915845837730077
recommendation,ssp119,2065,HFCs,0.000565247813589808
recommendation,ssp119,2066,HFCs,0.0004468287225503874
recommendation,ssp119,2067,HFCs,0.00033593091464624233
recommendation,ssp119,2068,HFCs,0.00023218287997067016
recommendation,ssp119,2069,HFCs,0.0001352251962126079
recommendation,ssp119,2070,HFCs,4.471669315505092e-05
recommendation,ssp119,2071,HFCs,-3.966060338288398e-05
recommendation,ssp119,2072,HFCs,-0.00011821791031864717
recommendation,ssp119,2073,HFCs,-0.00019123956554380726
recommendation,ssp119,2074,HFCs,-0.00025900450703782163
recommendation,ssp119,2075,HFCs,-0.00032178151002563646
recommendation,ssp119,2076,HFCs,-0.0003798228363969952
recommendation,ssp119,2077,HFCs,-0.0004333712141934738
recommendation,ssp119,2078,HFCs,-0.0004826593702774388
recommendation,ssp119,2079,HFCs,-0.0005279037978946667
recommendation,ssp119,2080,HFCs,-0.0005693111881937361
recommendation,ssp119,2081,HFCs,-0.0006070740354735607
recommendation,ssp119,2082,HFCs,-0.000641377605578029
recommendation,ssp119,2083,HFCs,-0.0006725027402643934
recommendation,ssp119,2084,HFCs,-0.0007007880385565459
recommendation,ssp119,2085,HFCs,-0.0007265143295512484
recommendation,ssp119,2086,HFCs,-0.0007499021553638904
recommendation,ssp119,2087,HFCs,-0.0007711475495024434
recommendation,ssp119,2088,HFCs,-0.0007904043787402906
recommendation,ssp119,2089,HFCs,-0.0008078165532674937
recommendation,ssp119,2090,HFCs,-0.0008235019274274724
recommendation,ssp119,2091,HFCs,-0.0008375643386432027
recommendation,ssp119,2092,HFCs,-0.0008501027936804514
recommendation,ssp119,2093,HFCs,-0.0008614568856809991
recommendation,ssp119,2094,HFCs,-0.0008721440411267149
recommendation,ssp119,2095,HFCs,-0.0008825343534442
recommendation,ssp119,2096,HFCs,-0.0008928859812479678
recommendation,ssp119,2097,HFCs,-0.0009033887588033897
recommendation,ssp119,2098,HFCs,-0.0009141092986272199
recommendation,ssp119,2099,HFCs,-0.0009250320460334124
recommendation,ssp119,2100,HFCs,-0.000936135718442704
recommendation,ssp460,2019,HFCs,0.0
recommendation,ssp460,2020,HFCs,0.0009936700652944074
recommendation,ssp460,2021,HFCs,0.001810707103322191
recommendation,ssp460,2022,HFCs,0.00261130833721091
recommendation,ssp460,2023,HFCs,0.003423520989287873
recommendation,ssp460,2024,HFCs,0.004299926780992284
recommendation,ssp460,2025,HFCs,0.005275950950421632
recommendation,ssp460,2026,HFCs,0.0063750910625969895
recommendation,ssp460,2027,HFCs,0.007612382417959428
recommendation,ssp460,2028,HFCs,0.00899689460808729
recommendation,ssp460,2029,HFCs,0.010533515733220724
recommendation,ssp460,2030,HFCs,0.012224095524386646
recommendation,ssp460,2031,HFCs,0.014068443120792043
recommendation,ssp460,2032,HFCs,0.016064925731949658
recommendation,ssp460,2033,HFCs,0.018182421334577915
recommendation,ssp460,2034,HFCs,0.02036966585691828
recommendation,ssp460,2035,HFCs,0.022590303603171283
recommendation,ssp460,2036,HFCs,0.02481869594125828
recommendation,ssp460,2037,HFCs,0.02703687312451198
recommendation,ssp460,2038,HFCs,0.029232543822939216
recommendation,ssp460,2039,HFCs,0.0313973566842492
recommendation,ssp460,2040,HFCs,0.03352599883059254
recommendation,ssp460,2041,HFCs,0.0356152587971726
recommendation,ssp460,2042,HFCs,0.03766341329448881
recommendation,ssp460,2043,HFCs,0.039663905427864826
recommendation,ssp460,2044,HFCs,0.04160655653892898
recommendation,ssp460,2045,HFCs,0.04348462760084891
recommendation,ssp460,2046,HFCs,0.04529383053140235
recommendation,ssp460,2047,HFCs,0.0470317471996457
recommendation,ssp460,2048,HFCs,0.04869742397810006
recommendation,ssp460,2049,HFCs,0.050290813095819606
recommendation,ssp460,2050,HFCs,0.05181259884122329
recommendation,ssp460,2051,HFCs,0.05326393795610354
recommendation,ssp460,2052,HFCs,0.05464636471220821
recommendation,ssp460,2053,HFCs,0.05595524138527566
recommendation,ssp460,2054,HFCs,0.057181605596406226
recommendation,ssp460,2055,HFCs,0.05831977222509881
recommendation,ssp460,2056,HFCs,0.05936646039353996
recommendation,ssp460,2057,HFCs,0.06032015953334381
recommendation,ssp460,2058,HFCs,0.0611805327456027
recommendation,ssp460,2059,HFCs,0.06194819387030444
recommendation,ssp460,2060,HFCs,0.06262434444845141
recommendation,ssp460,2061,HFCs,0.06321065153569533
recommendation,ssp460,2062,HFCs,0.06370900586339885
recommendation,ssp460,2063,HFCs,0.0641207156493651
recommendation,ssp460,2064,HFCs,0.0644465104518371
recommendation,ssp460,2065,HFCs,0.06468749822569152
recommendation,ssp460,2066,HFCs,0.06484513498782504
recommendation,ssp460,2067,HFCs,0.06492105960576001
recommendation,ssp460,2068,HFCs,0.06491709563185734
recommendation,ssp460,2069,HFCs,0.06483507940558468
recommendation,ssp460,2070,HFCs,0.06467697443780666
recommendation,ssp460,2071,HFCs,0.06444474134993282
recommendation,ssp460,2072,HFCs,0.0641403251455574
recommendation,ssp460,2073,HFCs,0.06376761071310451
recommendation,ssp460,2074,HFCs,0.06333168685311137
recommendation,ssp460,2075,HFCs,0.06283661716786364
recommendation,ssp460,2076,HFCs,0.06228561131828725
recommendation,ssp460,2077,HFCs,0.06168127835910263
recommendation,ssp460,2078,HFCs,0.06102585121081762
recommendation,ssp460,2079,HFCs,0.0603211885519125
recommendation,ssp460,2080,HFCs,0.05956899049101769
recommendation,ssp460,2081,HFCs,0.058770703969477256
recommendation,ssp460,2082,HFCs,0.05792763589662957
recommendation,ssp460,2083,HFCs,0.05704540489642804
recommendation,ssp460,2084,HFCs,0.05613250260870177
recommendation,ssp460,2085,HFCs,0.05519514730456797
recommendation,ssp460,2086,HFCs,0.05423782516810753
recommendation,ssp460,2087,HFCs,0.053263759397799273
recommendation,ssp460,2088,HFCs,0.05227529406409527
recommendation,ssp460,2089,HFCs,0.05127410912439451
recommendation,ssp460,2090,HFCs,0.05026137642744598
recommendation,ssp460,2091,HFCs,0.04923795626144306
recommendation,ssp460,2092,HFCs,0.0482044305248884
recommendation,ssp460,2093,HFCs,0.04716514301116949
recommendation,ssp460,2094,HFCs,0.04612705086475469
recommendation,ssp460,2095,HFCs,0.04509496235077996
recommendation,ssp460,2096,HFCs,0.044072114336018806
recommendation,ssp460,2097,HFCs,0.04306071084696802
recommendation,ssp460,2098,HFCs,0.04206211050397873
recommendation,ssp460,2099,HFCs,0.041077045675806084
recommendation,ssp460,2100,HFCs,0.040105864935053415
recommendation,ssp585,2019,HFCs,0.0
recommendation,ssp585,2020,HFCs,0.0009936700652944074
recommendation,ssp585,2021,HFCs,0.0021704166668796796
recommendation,ssp585,2022,HFCs,0.003429504840605382
recommendation,ssp585,2023,HFCs,0.004772683112112475
recommendation,ssp585,2024,HFCs,0.006197655629610863
recommendation,ssp585,2025,HFCs,0.007702482845957863
recommendation,ssp585,2026,HFCs,0.009285291737427502
recommendation,ssp585,2027,HFCs,0.010944221691424713
recommendation,ssp585,2028,HFCs,0.012677330252951265
recommendation,ssp585,2029,HFCs,0.01448269542889231
recommendation,ssp585,2030,HFCs,0.01635838584341164
recommendation,ssp585,2031,HFCs,0.01830248327001939
recommendation,ssp585,2032,HFCs,0.02031315179581058
recommendation,ssp585,2033,HFCs,0.022380032233715923
recommendation,ssp585,2034,HFCs,0.024486820902746072
recommendation,ssp585,2035,HFCs,0.026621717556147118
recommendation,ssp585,2036,HFCs,0.028776246083642334
recommendation,ssp585,2037,HFCs,0.030944392165593887
recommendation,ssp585,2038,HFCs,0.03312191784440628
recommendation,ssp585,2039,HFCs,0.03530595422890862
recommendation,ssp585,2040,HFCs,0.03749454155149575
recommendation,ssp585,2041,HFCs,0.03968645450914262
recommendation,ssp585,2042,HFCs,0.04188099596012249
recommendation,ssp585,2043,HFCs,0.04408446481100779
recommendation,ssp585,2044,HFCs,0.04630780990636798
recommendation,ssp585,2045,HFCs,0.04855838395032039
recommendation,ssp585,2046,HFCs,0.050841045614611446
recommendation,ssp585,2047,HFCs,0.053158938648537615
recommendation,ssp585,2048,HFCs,0.05551388389309071
recommendation,ssp585,2049,HFCs,0.057906882845134525
recommendation,ssp585,2050,HFCs,0.06033827250241201
recommendation,ssp585,2051,HFCs,0.06280803877029281
recommendation,ssp585,2052,HFCs,0.0653157755542153
recommendation,ssp585,2053,HFCs,0.06786295857079812
recommendation,ssp585,2054,HFCs,0.07045217721991408
recommendation,ssp585,2055,HFCs,0.07308460780965544
recommendation,ssp585,2056,HFCs,0.07576040574655508
recommendation,ssp585,2057,HFCs,0.07847903702436594
recommendation,ssp585,2058,HFCs,0.08123952781503246
recommendation,ssp585,2059,HFCs,0.08404051346943087
recommendation,ssp585,2060,HFCs,0.08688044505054436
recommendation,ssp585,2061,HFCs,0.08975761901953376
recommendation,ssp585,2062,HFCs,0.09267029852288867
recommendation,ssp585,2063,HFCs,0.09562001268312913
recommendation,ssp585,2064,HFCs,0.09861068923142265
recommendation,ssp585,2065,HFCs,0.10164453118512795
recommendation,ssp585,2066,HFCs,0.10472251589171294
recommendation,ssp585,2067,HFCs,0.10784470082076696
recommendation,ssp585,2068,HFCs,0.11101061142897531
recommendation,ssp585,2069,HFCs,0.11421928606953276
recommendation,ssp585,2070,HFCs,0.11746950500896801
recommendation,ssp585,2071,HFCs,0.12075983651626117
recommendation,ssp585,2072,HFCs,0.12408879626295839
recommendation,ssp585,2073,HFCs,0.1274454530369849
recommendation,ssp585,2074,HFCs,0.13081238515782995
recommendation,ssp585,2075,HFCs,0.13417692513902124
recommendation,ssp585,2076,HFCs,0.137529920303616
recommendation,ssp585,2077,HFCs,0.14086485408490845
recommendation,ssp585,2078,HFCs,0.14417703569571855
recommendation,ssp585,2079,HFCs,0.14746325625148976
recommendation,ssp585,2080,HFCs,0.15072126318439621
recommendation,ssp585,2081,HFCs,0.15394968340565807
recommendation,ssp585,2082,HFCs,0.15714758715179983
recommendation,ssp585,2083,HFCs,0.16030254349920753
recommendation,ssp585,2084,HFCs,0.16339409916411135
recommendation,ssp585,2085,HFCs,0.16640820299650683
recommendation,ssp585,2086,HFCs,0.16933555539830508
recommendation,ssp585,2087,HFCs,0.17217030468478312
recommendation,ssp585,2088,HFCs,0.17490907531015004
recommendation,ssp585,2089,HFCs,0.1775503030509638
recommendation,ssp585,2090,HFCs,0.18009375024175928
recommendation,ssp585,2091,HFCs,0.1825401219161938
recommendation,ssp585,2092,HFCs,0.18489076891437528
recommendation,ssp585,2093,HFCs,0.18714444486814835
recommendation,ssp585,2094,HFCs,0.18929815442544667
recommendation,ssp585,2095,HFCs,0.19135097259728712
recommendation,ssp585,2096,HFCs,0.19330330128832074
recommendation,ssp585,2097,HFCs,0.19515655501955914
recommendation,ssp585,2098,HFCs,0.19691282369956703
recommendation,ssp585,2099,HFCs,0.19857462557940692
recommendation,ssp585,2100,HFCs,0.20014478832369292
recommendation,ssp370,2019,HFCs,0.0
recommendation,ssp370,2020,HFCs,0.0009936700652944074
recommendation,ssp370,2021,HFCs,0.0020531713935180457
recommendation,ssp370,2022,HFCs,0.003163018911484565
recommendation,ssp370,2023,HFCs,0.0043150038482117625
recommendation,ssp370,2024,HFCs,0.0054934708519595
recommendation,ssp370,2025,HFCs,0.006687487684300188
recommendation,ssp370,2026,HFCs,0.007889429748620839
recommendation,ssp370,2027,HFCs,0.009094010382830756
recommendation,ssp370,2028,HFCs,0.01029764668752373
recommendation,ssp370,2029,HFCs,0.011497991665173832
recommendation,ssp370,2030,HFCs,0.012693567342700843
recommendation,ssp370,2031,HFCs,0.013883547582665967
recommendation,ssp370,2032,HFCs,0.015067594924369442
recommendation,ssp370,2033,HFCs,0.016246745053339923
recommendation,ssp370,2034,HFCs,0.01742259424827188
recommendation,ssp370,2035,HFCs,0.018595975907765558
recommendation,ssp370,2036,HFCs,0.019767318083535677
recommendation,ssp370,2037,HFCs,0.020936860039724142
recommendation,ssp370,2038,HFCs,0.02210473369034545
recommendation,ssp370,2039,HFCs,0.023271104335512507
recommendation,ssp370,2040,HFCs,0.02443601746087065
recommendation,ssp370,2041,HFCs,0.025599594157141872
recommendation,ssp370,2042,HFCs,0.02676196957171792
recommendation,ssp370,2043,HFCs,0.02792342081340058
recommendation,ssp370,2044,HFCs,0.02908429199183956
recommendation,ssp370,2045,HFCs,0.030244621337975515
recommendation,ssp370,2046,HFCs,0.03140442590416904
recommendation,ssp370,2047,HFCs,0.032563616731260306
recommendation,ssp370,2048,HFCs,0.033722046901628736
recommendation,ssp370,2049,HFCs,0.03487966969902289
recommendation,ssp370,2050,HFCs,0.03603638133561422
recommendation,ssp370,2051,HFCs,0.03719213002348021
recommendation,ssp370,2052,HFCs,0.03834683768255438
recommendation,ssp370,2053,HFCs,0.03949899302156296
recommendation,ssp370,2054,HFCs,0.04064604182480821
recommendation,ssp370,2055,HFCs,0.041786206887556826
recommendation,ssp370,2056,HFCs,0.042918272267343
recommendation,ssp370,2057,HFCs,0.04404141070678527
recommendation,ssp370,2058,HFCs,0.04515514899715817
recommendation,ssp370,2059,HFCs,0.0462591697872821
recommendation,ssp370,2060,HFCs,0.0473533921483527
recommendation,ssp370,2061,HFCs,0.048437830794711756
recommendation,ssp370,2062,HFCs,0.04951256196560597
recommendation,ssp370,2063,HFCs,0.05057838908232932
recommendation,ssp370,2064,HFCs,0.05163649297595878
recommendation,ssp370,2065,HFCs,0.052687838375027315
recommendation,ssp370,2066,HFCs,0.05373305498795557
recommendation,ssp370,2067,HFCs,0.0547726801491398
recommendation,ssp370,2068,HFCs,0.05580709566908723
recommendation,ssp370,2069,HFCs,0.05683659294956912
recommendation,ssp370,2070,HFCs,0.05786141562438671
recommendation,ssp370,2071,HFCs,0.05888175059787526
recommendation,ssp370,2072,HFCs,0.05989772786641952
recommendation,ssp370,2073,HFCs,0.06091033603974616
recommendation,ssp370,2074,HFCs,0.06192106244432985
recommendation,ssp370,2075,HFCs,0.06293095071544896
recommendation,ssp370,2076,HFCs,0.06394062543393626
recommendation,ssp370,2077,HFCs,0.06495053868094336
recommendation,ssp370,2078,HFCs,0.06596093535622756
recommendation,ssp370,2079,HFCs,0.0669719874916273
recommendation,ssp370,2080,HFCs,0.06798373863033882
recommendation,ssp370,2081,HFCs,0.06899619537063374
recommendation,ssp370,2082,HFCs,0.07000929704177829
recommendation,ssp370,2083,HFCs,0.07102258356946688
recommendation,ssp370,2084,HFCs,0.07203521847351192
recommendation,ssp370,2085,HFCs,0.07304658612308583
recommendation,ssp370,2086,HFCs,0.07405616177165915
recommendation,ssp370,2087,HFCs,0.0750634980972741
recommendation,ssp370,2088,HFCs,0.07606826688848196
recommendation,ssp370,2089,HFCs,0.07707016187169825
recommendation,ssp370,2090,HFCs,0.07806896711943316
recommendation,ssp370,2091,HFCs,0.07906451017065896
recommendation,ssp370,2092,HFCs,0.08005660891198386
recommendation,ssp370,2093,HFCs,0.08104576245231804
recommendation,ssp370,2094,HFCs,0.08203286957253204
recommendation,ssp370,2095,HFCs,0.0830185678979532
recommendation,ssp370,2096,HFCs,0.08400326415038854
recommendation,ssp370,2097,HFCs,0.08498723417037131
recommendation,ssp370,2098,HFCs,0.08597060434111044
recommendation,ssp370,2099,HFCs,0.0869534234870661
recommendation,ssp370,2100,HFCs,0.08793570911234107
recommendation,ssp370-lowNTCF-aerchemmip,2019,HFCs,0.0
recommendation,ssp370-lowNTCF-aerchemmip,2020,HFCs,0.0009936700652944074
recommendation,ssp370-lowNTCF-aerchemmip,2021,HFCs,0.0020531713935180457
recommendation,ssp370-lowNTCF-aerchemmip,2022,HFCs,0.003163018911484565
recommendation,ssp370-lowNTCF-aerchemmip,2023,HFCs,0.0043150038482117625
recommendation,ssp370-lowNTCF-aerchemmip,2024,HFCs,0.0054934708519595
recommendation,ssp370-lowNTCF-aerchemmip,2025,HFCs,0.006687487684300188
recommendation,ssp370-lowNTCF-aerchemmip,2026,HFCs,0.007889429748620839
recommendation,ssp370-lowNTCF-aerchemmip,2027,HFCs,0.009094010382830756
recommendation,ssp370-lowNTCF-aerchemmip,2028,HFCs,0.01029764668752373
recommendation,ssp370-lowNTCF-aerchemmip,2029,HFCs,0.011497991665173832
recommendation,ssp370-lowNTCF-aerchemmip,2030,HFCs,0.012693567342700843
recommendation,ssp370-lowNTCF-aerchemmip,2031,HFCs,0.013883547582665967
recommendation,ssp370-lowNTCF-aerchemmip,2032,HFCs,0.015067594924369442
recommendation,ssp370-lowNTCF-aerchemmip,2033,HFCs,0.016246745053339923
recommendation,ssp370-lowNTCF-aerchemmip,2034,HFCs,0.01742259424827188
recommendation,ssp370-lowNTCF-aerchemmip,2035,HFCs,0.018595975907765558
recommendation,ssp370-lowNTCF-aerchemmip,2036,HFCs,0.019767318083535677
recommendation,ssp370-lowNTCF-aerchemmip,2037,HFCs,0.020936860039724142
recommendation,ssp370-lowNTCF-aerchemmip,2038,HFCs,0.02210473369034545
recommendation,ssp370-lowNTCF-aerchemmip,2039,HFCs,0.023271104335512507
recommendation,ssp370-lowNTCF-aerchemmip,2040,HFCs,0.02443601746087065
recommendation,ssp370-lowNTCF-aerchemmip,2041,HFCs,0.025599594157141872
recommendation,ssp370-lowNTCF-aerchemmip,2042,HFCs,0.02676196957171792
recommendation,ssp370-lowNTCF-aerchemmip,2043,HFCs,0.02792342081340058
recommendation,ssp370-lowNTCF-aerchemmip,2044,HFCs,0.02908429199183956
recommendation,ssp370-lowNTCF-aerchemmip,2045,HFCs,0.030244621337975515
recommendation,ssp370-lowNTCF-aerchemmip,2046,HFCs,0.03140442590416904
recommendation,ssp370-lowNTCF-aerchemmip,2047,HFCs,0.032563616731260306
recommendation,ssp370-lowNTCF-aerchemmip,2048,HFCs,0.033722046901628736
recommendation,ssp370-lowNTCF-aerchemmip,2049,HFCs,0.03487966969902289
recommendation,ssp370-lowNTCF-aerchemmip,2050,HFCs,0.03603638133561422
recommendation,ssp370-lowNTCF-aerchemmip,2051,HFCs,0.03719213002348021
recommendation,ssp370-lowNTCF-aerchemmip,2052,HFCs,0.03834683768255438
recommendation,ssp370-lowNTCF-aerchemmip,2053,HFCs,0.03949899302156296
recommendation,ssp370-lowNTCF-aerchemmip,2054,HFCs,0.04064604182480821
recommendation,ssp370-lowNTCF-aerchemmip,2055,HFCs,0.041786206887556826
recommendation,ssp370-lowNTCF-aerchemmip,2056,HFCs,0.042918272267343
recommendation,ssp370-lowNTCF-aerchemmip,2057,HFCs,0.04404141070678527
recommendation,ssp370-lowNTCF-aerchemmip,2058,HFCs,0.04515514899715817
recommendation,ssp370-lowNTCF-aerchemmip,2059,HFCs,0.0462591697872821
recommendation,ssp370-lowNTCF-aerchemmip,2060,HFCs,0.0473533921483527
recommendation,ssp370-lowNTCF-aerchemmip,2061,HFCs,0.048437830794711756
recommendation,ssp370-lowNTCF-aerchemmip,2062,HFCs,0.04951256196560597
recommendation,ssp370-lowNTCF-aerchemmip,2063,HFCs,0.05057838908232932
recommendation,ssp370-lowNTCF-aerchemmip,2064,HFCs,0.05163649297595878
recommendation,ssp370-lowNTCF-aerchemmip,2065,HFCs,0.052687838375027315
recommendation,ssp370-lowNTCF-aerchemmip,2066,HFCs,0.05373305498795557
recommendation,ssp370-lowNTCF-aerchemmip,2067,HFCs,0.0547726801491398
recommendation,ssp370-lowNTCF-aerchemmip,2068,HFCs,0.05580709566908723
recommendation,ssp370-lowNTCF-aerchemmip,2069,HFCs,0.05683659294956912
recommendation,ssp370-lowNTCF-aerchemmip,2070,HFCs,0.05786141562438671
recommendation,ssp370-lowNTCF-aerchemmip,2071,HFCs,0.05888175059787526
recommendation,ssp370-lowNTCF-aerchemmip,2072,HFCs,0.05989772786641952
recommendation,ssp370-lowNTCF-aerchemmip,2073,HFCs,0.06091033603974616
recommendation,ssp370-lowNTCF-aerchemmip,2074,HFCs,0.06192106244432985
recommendation,ssp370-lowNTCF-aerchemmip,2075,HFCs,0.06293095071544896
recommendation,ssp370-lowNTCF-aerchemmip,2076,HFCs,0.06394062543393626
recommendation,ssp370-lowNTCF-aerchemmip,2077,HFCs,0.06495053868094336
recommendation,ssp370-lowNTCF-aerchemmip,2078,HFCs,0.06596093535622756
recommendation,ssp370-lowNTCF-aerchemmip,2079,HFCs,0.0669719874916273
recommendation,ssp370-lowNTCF-aerchemmip,2080,HFCs,0.06798373863033882
recommendation,ssp370-lowNTCF-aerchemmip,2081,HFCs,0.06899619537063374
recommendation,ssp370-lowNTCF-aerchemmip,2082,HFCs,0.07000929704177829
recommendation,ssp370-lowNTCF-aerchemmip,2083,HFCs,0.07102258356946688
recommendation,ssp370-lowNTCF-aerchemmip,2084,HFCs,0.07203521847351192
recommendation,ssp370-lowNTCF-aerchemmip,2085,HFCs,0.07304658612308583
recommendation,ssp370-lowNTCF-aerchemmip,2086,HFCs,0.07405616177165915
recommendation,ssp370-lowNTCF-aerchemmip,2087,HFCs,0.0750634980972741
recommendation,ssp370-lowNTCF-aerchemmip,2088,HFCs,0.07606826688848196
recommendation,ssp370-lowNTCF-aerchemmip,2089,HFCs,0.07707016187169825
recommendation,ssp370-lowNTCF-aerchemmip,2090,HFCs,0.07806896711943316
recommendation,ssp370-lowNTCF-aerchemmip,2091,HFCs,0.07906451017065896
recommendation,ssp370-lowNTCF-aerchemmip,2092,HFCs,0.08005660891198386
recommendation,ssp370-lowNTCF-aerchemmip,2093,HFCs,0.08104576245231804
recommendation,ssp370-lowNTCF-aerchemmip,2094,HFCs,0.08203286957253204
recommendation,ssp370-lowNTCF-aerchemmip,2095,HFCs,0.0830185678979532
recommendation,ssp370-lowNTCF-aerchemmip,2096,HFCs,0.08400326415038854
recommendation,ssp370-lowNTCF-aerchemmip,2097,HFCs,0.08498723417037131
recommendation,ssp370-lowNTCF-aerchemmip,2098,HFCs,0.08597060434111044
recommendation,ssp370-lowNTCF-aerchemmip,2099,HFCs,0.0869534234870661
recommendation,ssp370-lowNTCF-aerchemmip,2100,HFCs,0.08793570911234107
recommendation,ssp126,2019,HFCs,0.0
recommendation,ssp126,2020,HFCs,0.0009936700652944074
recommendation,ssp126,2021,HFCs,0.0021045468654859387
recommendation,ssp126,2022,HFCs,0.0032794145906717975
recommendation,ssp126,2023,HFCs,0.004499695608668058
recommendation,ssp126,2024,HFCs,0.005730894665293404
recommendation,ssp126,2025,HFCs,0.006949204160583283
recommendation,ssp126,2026,HFCs,0.00813833616684274
recommendation,ssp126,2027,HFCs,0.009287331128313574
recommendation,ssp126,2028,HFCs,0.010389036818201199
recommendation,ssp126,2029,HFCs,0.011439051508432701
recommendation,ssp126,2030,HFCs,0.012434935945946992
recommendation,ssp126,2031,HFCs,0.013375706574841158
recommendation,ssp126,2032,HFCs,0.014261346180303357
recommendation,ssp126,2033,HFCs,0.015077252896289771
recommendation,ssp126,2034,HFCs,0.015798382403574365
recommendation,ssp126,2035,HFCs,0.016407600713787666
recommendation,ssp126,2036,HFCs,0.0168937607040218
recommendation,ssp126,2037,HFCs,0.017250079283908936
recommendation,ssp126,2038,HFCs,0.017472965528748535
recommendation,ssp126,2039,HFCs,0.017561251148612143
recommendation,ssp126,2040,HFCs,0.017515392864394085
recommendation,ssp126,2041,HFCs,0.01733706987729827
recommendation,ssp126,2042,HFCs,0.017028763251127635
recommendation,ssp126,2043,HFCs,0.016613085397549073
recommendation,ssp126,2044,HFCs,0.016126275922195944
recommendation,ssp126,2045,HFCs,0.015594091788832722
recommendation,ssp126,2046,HFCs,0.015034921827079637
recommendation,ssp126,2047,HFCs,0.0144617557603248
recommendation,ssp126,2048,HFCs,0.013883786235977913
recommendation,ssp126,2049,HFCs,0.01330734024413965
recommendation,ssp126,2050,HFCs,0.012736726609991048
recommendation,ssp126,2051,HFCs,0.012174771850361962
recommendation,ssp126,2052,HFCs,0.011623240805754703
recommendation,ssp126,2053,HFCs,0.011084910035048204
recommendation,ssp126,2054,HFCs,0.01056325260319061
recommendation,ssp126,2055,HFCs,0.010060416085123952
recommendation,ssp126,2056,HFCs,0.009577620406737791
recommendation,ssp126,2057,HFCs,0.009115419988685682
recommendation,ssp126,2058,HFCs,0.008673899662863846
recommendation,ssp126,2059,HFCs,0.008252823934498662
recommendation,ssp126,2060,HFCs,0.007851729438436355
recommendation,ssp126,2061,HFCs,0.007470009476376365
recommendation,ssp126,2062,HFCs,0.007106967315352045
recommendation,ssp126,2063,HFCs,0.006761918636291522
recommendation,ssp126,2064,HFCs,0.006434187428283868
recommendation,ssp126,2065,HFCs,0.006123058468897078
recommendation,ssp126,2066,HFCs,0.0058278011635644784
recommendation,ssp126,2067,HFCs,0.005547676288641515
recommendation,ssp126,2068,HFCs,0.005281958021489484
recommendation,ssp126,2069,HFCs,0.005029940254519642
recommendation,ssp126,2070,HFCs,0.004790944300798988
recommendation,ssp126,2071,HFCs,0.004564318222199163
recommendation,ssp126,2072,HFCs,0.004349435727887402
recommendation,ssp126,2073,HFCs,0.004145722081091086
recommendation,ssp126,2074,HFCs,0.00395262637287392
recommendation,ssp126,2075,HFCs,0.003769620273102719
recommendation,ssp126,2076,HFCs,0.0035962027422415024
recommendation,ssp126,2077,HFCs,0.0034318916106824797
recommendation,ssp126,2078,HFCs,0.003276233777389892
recommendation,ssp126,2079,HFCs,0.0031287969204337393
recommendation,ssp126,2080,HFCs,0.0029891747946331412
recommendation,ssp126,2081,HFCs,0.0028569848158363637
recommendation,ssp126,2082,HFCs,0.002731860275239941
recommendation,ssp126,2083,HFCs,0.0026133027534803836
recommendation,ssp126,2084,HFCs,0.0025007390823439495
recommendation,ssp126,2085,HFCs,0.0023936978113576098
recommendation,ssp126,2086,HFCs,0.0022917973939246047
recommendation,ssp126,2087,HFCs,0.0021947160410856602
recommendation,ssp126,2088,HFCs,0.0021021798608139124
recommendation,ssp126,2089,HFCs,0.0020139495445782255
recommendation,ssp126,2090,HFCs,0.0019298157868109529
recommendation,ssp126,2091,HFCs,0.0018495911291323466
recommendation,ssp126,2092,HFCs,0.0017731058152350952
recommendation,ssp126,2093,HFCs,0.001699928666012318
recommendation,ssp126,2094,HFCs,0.001629455294409051
recommendation,ssp126,2095,HFCs,0.0015612302589404926
recommendation,ssp126,2096,HFCs,0.0014949132543084723
recommendation,ssp126,2097,HFCs,0.0014302507450920099
recommendation,ssp126,2098,HFCs,0.001367043943996147
recommendation,ssp126,2099,HFCs,0.0013051458392362193
recommendation,ssp126,2100,HFCs,0.0012444385903478822
recommendation,ssp245,2019,HFCs,0.0
recommendation,ssp245,2020,HFCs,0.0009936700652944074
recommendation,ssp245,2021,HFCs,0.002192372179791034
recommendation,ssp245,2022,HFCs,0.0034800617001935624
recommendation,ssp245,2023,HFCs,0.0048412895521553825
recommendation,ssp245,2024,HFCs,0.006243885049894506
recommendation,ssp245,2025,HFCs,0.007665653364424166
recommendation,ssp245,2026,HFCs,0.009091314017936374
recommendation,ssp245,2027,HFCs,0.010510416110195039
recommendation,ssp245,2028,HFCs,0.011915945049592768
recommendation,ssp245,2029,HFCs,0.013303338870421226
recommendation,ssp245,2030,HFCs,0.01466982002142294
recommendation,ssp245,2031,HFCs,0.01601386244995422
recommendation,ssp245,2032,HFCs,0.017334860983127195
recommendation,ssp245,2033,HFCs,0.018628594793205222
recommendation,ssp245,2034,HFCs,0.0198880106626095
recommendation,ssp245,2035,HFCs,0.02110799676856151
recommendation,ssp245,2036,HFCs,0.022285146893528583
recommendation,ssp245,2037,HFCs,0.023417326405003255
recommendation,ssp245,2038,HFCs,0.024503393814991718
recommendation,ssp245,2039,HFCs,0.02554300232800627
recommendation,ssp245,2040,HFCs,0.02653626118364341
recommendation,ssp245,2041,HFCs,0.027483766495755887
recommendation,ssp245,2042,HFCs,0.02838636051386457
recommendation,ssp245,2043,HFCs,0.029244893093539615
recommendation,ssp245,2044,HFCs,0.030059898330134387
recommendation,ssp245,2045,HFCs,0.03083198937108942
recommendation,ssp245,2046,HFCs,0.031561767435490544
recommendation,ssp245,2047,HFCs,0.0322499219205594
recommendation,ssp245,2048,HFCs,0.03289723378268767
recommendation,ssp245,2049,HFCs,0.03350455287339032
recommendation,ssp245,2050,HFCs,0.03407275552356451
recommendation,ssp245,2051,HFCs,0.03460272735972352
recommendation,ssp245,2052,HFCs,0.03509544805869865
recommendation,ssp245,2053,HFCs,0.035557518376488205
recommendation,ssp245,2054,HFCs,0.03599935703519779
recommendation,ssp245,2055,HFCs,0.036428432676650566
recommendation,ssp245,2056,HFCs,0.03684993044805222
recommendation,ssp245,2057,HFCs,0.03726756893163844
recommendation,ssp245,2058,HFCs,0.03768381515983467
recommendation,ssp245,2059,HFCs,0.03810042797599545
recommendation,ssp245,2060,HFCs,0.03851847443865375
recommendation,ssp245,2061,HFCs,0.03893863875392526
recommendation,ssp245,2062,HFCs,0.039361306784231234
recommendation,ssp245,2063,HFCs,0.03978611461528966
recommendation,ssp245,2064,HFCs,0.04021219343670502
recommendation,ssp245,2065,HFCs,0.04063885436892901
recommendation,ssp245,2066,HFCs,0.0410655409739653
recommendation,ssp245,2067,HFCs,0.04149188502771753
recommendation,ssp245,2068,HFCs,0.04191755744900744
recommendation,ssp245,2069,HFCs,0.04234229713519716
recommendation,ssp245,2070,HFCs,0.042765882419714775
recommendation,ssp245,2071,HFCs,0.04318819718780336
recommendation,ssp245,2072,HFCs,0.043609096409089956
recommendation,ssp245,2073,HFCs,0.044028015331287224
recommendation,ssp245,2074,HFCs,0.04444396146954778
recommendation,ssp245,2075,HFCs,0.0448562209470194
recommendation,ssp245,2076,HFCs,0.0452643255258252
recommendation,ssp245,2077,HFCs,0.045667885075585786
recommendation,ssp245,2078,HFCs,0.046066662032692995
recommendation,ssp245,2079,HFCs,0.046460469541891244
recommendation,ssp245,2080,HFCs,0.04684923016539963
recommendation,ssp245,2081,HFCs,0.047232894303409684
recommendation,ssp245,2082,HFCs,0.047611441635210805
recommendation,ssp245,2083,HFCs,0.04798541905223662
recommendation,ssp245,2084,HFCs,0.0483558623935697
recommendation,ssp245,2085,HFCs,0.04872351880317565
recommendation,ssp245,2086,HFCs,0.04908889296363101
recommendation,ssp245,2087,HFCs,0.049452348779917596
recommendation,ssp245,2088,HFCs,0.04981425576505409
recommendation,ssp245,2089,HFCs,0.05017477720369506
recommendation,ssp245,2090,HFCs,0.050534105057102846
recommendation,ssp245,2091,HFCs,0.05089234028960296
recommendation,ssp245,2092,HFCs,0.051249609266983534
recommendation,ssp245,2093,HFCs,0.0516034379738919
recommendation,ssp245,2094,HFCs,0.05194954232981577
recommendation,ssp245,2095,HFCs,0.052285013629158134
recommendation,ssp245,2096,HFCs,0.05260790228017724
recommendation,ssp245,2097,HFCs,0.05291696165033308
recommendation,ssp245,2098,HFCs,0.05321145976822203
recommendation,ssp245,2099,HFCs,0.05349109217767557
recommendation,ssp245,2100,HFCs,0.053755749248259585
recommendation,ssp434,2019,HFCs,0.0
recommendation,ssp434,2020,HFCs,0.0009936700652944074
recommendation,ssp434,2021,HFCs,0.0018107081132434644
recommendation,ssp434,2022,HFCs,0.0026113083242338547
recommendation,ssp434,2023,HFCs,0.0033791006031505463
recommendation,ssp434,2024,HFCs,0.004091815846408484
recommendation,ssp434,2025,HFCs,0.00473395209717398
recommendation,ssp434,2026,HFCs,0.005294998649852112
recommendation,ssp434,2027,HFCs,0.005768188868133326
recommendation,ssp434,2028,HFCs,0.006149504334612765
recommendation,ssp434,2029,HFCs,0.006436917863413452
recommendation,ssp434,2030,HFCs,0.006629865103926658
recommendation,ssp434,2031,HFCs,0.006728838517275695
recommendation,ssp434,2032,HFCs,0.00673510257522162
recommendation,ssp434,2033,HFCs,0.006662611922983546
recommendation,ssp434,2034,HFCs,0.0065336977311722805
recommendation,ssp434,2035,HFCs,0.006363925168238388
recommendation,ssp434,2036,HFCs,0.00616423300004839
recommendation,ssp434,2037,HFCs,0.005942309268428668
recommendation,ssp434,2038,HFCs,0.005703563075468619
recommendation,ssp434,2039,HFCs,0.005451774374577965
recommendation,ssp434,2040,HFCs,0.005189571222046514
recommendation,ssp434,2041,HFCs,0.004918743032730502
recommendation,ssp434,2042,HFCs,0.004640486084252413
recommendation,ssp434,2043,HFCs,0.004356935545411618
recommendation,ssp434,2044,HFCs,0.004070822871562045
recommendation,ssp434,2045,HFCs,0.003783899125674766
recommendation,ssp434,2046,HFCs,0.003497231215426975
recommendation,ssp434,2047,HFCs,0.003211419582764996
recommendation,ssp434,2048,HFCs,0.0029267391253469215
recommendation,ssp434,2049,HFCs,0.002643251485352766
recommendation,ssp434,2050,HFCs,0.002360866848075613
recommendation,ssp434,2051,HFCs,0.0020794000371869414
recommendation,ssp434,2052,HFCs,0.0017986003670525993
recommendation,ssp434,2053,HFCs,0.0015201200563326033
recommendation,ssp434,2054,HFCs,0.0012469150590352276
recommendation,ssp434,2055,HFCs,0.000980945408155652
recommendation,ssp434,2056,HFCs,0.0007234460038473365
recommendation,ssp434,2057,HFCs,0.0004751464087336503
recommendation,ssp434,2058,HFCs,0.00023640986077974775
recommendation,ssp434,2059,HFCs,7.3408403022216795e-06
recommendation,ssp434,2060,HFCs,-0.00021212477745450806
recommendation,ssp434,2061,HFCs,-0.00042217702572538117
recommendation,ssp434,2062,HFCs,-0.0006230872800093296
recommendation,ssp434,2063,HFCs,-0.0008151947245189049
recommendation,ssp434,2064,HFCs,-0.0009988809874181843
recommendation,ssp434,2065,HFCs,-0.0011745323430197869
recommendation,ssp434,2066,HFCs,-0.0013425367923544027
recommendation,ssp434,2067,HFCs,-0.0015032729094439992
recommendation,ssp434,2068,HFCs,-0.0016571053280419225
recommendation,ssp434,2069,HFCs,-0.0018043903984147538
recommendation,ssp434,2070,HFCs,-0.0019454648969404239
recommendation,ssp434,2071,HFCs,-0.002080651598478662
recommendation,ssp434,2072,HFCs,-0.0022102501090577684
recommendation,ssp434,2073,HFCs,-0.0023345763301386296
recommendation,ssp434,2074,HFCs,-0.002453947056313816
recommendation,ssp434,2075,HFCs,-0.0025686525646795386
recommendation,ssp434,2076,HFCs,-0.002678960870128571
recommendation,ssp434,2077,HFCs,-0.0027851139529149766
recommendation,ssp434,2078,HFCs,-0.0028873404359557805
recommendation,ssp434,2079,HFCs,-0.0029858442733417707
recommendation,ssp434,2080,HFCs,-0.0030808253028422675
recommendation,ssp434,2081,HFCs,-0.0031724621781534564
recommendation,ssp434,2082,HFCs,-0.003260922705081463
recommendation,ssp434,2083,HFCs,-0.0033463259652051942
recommendation,ssp434,2084,HFCs,-0.0034287475084409484
recommendation,ssp434,2085,HFCs,-0.0035082768808734725
recommendation,ssp434,2086,HFCs,-0.0035850154669310767
recommendation,ssp434,2087,HFCs,-0.003659066757432789
recommendation,ssp434,2088,HFCs,-0.0037305326177544448
recommendation,ssp434,2089,HFCs,-0.003799516621358019
recommendation,ssp434,2090,HFCs,-0.0038661171456394073
recommendation,ssp434,2091,HFCs,-0.003930431054313206
recommendation,ssp434,2092,HFCs,-0.003992551366044968
recommendation,ssp434,2093,HFCs,-0.004052562201708347
recommendation,ssp434,2094,HFCs,-0.004110545026281482
recommendation,ssp434,2095,HFCs,-0.0041665728683402264
recommendation,ssp434,2096,HFCs,-0.004220721595812904
recommendation,ssp434,2097,HFCs,-0.004273059772194065
recommendation,ssp434,2098,HFCs,-0.004323658691800793
recommendation,ssp434,2099,HFCs,-0.0043725815015804685
recommendation,ssp434,2100,HFCs,-0.004419890434133881
recommendation,ssp370-lowNTCF-gidden,2019,HFCs,0.0
recommendation,ssp370-lowNTCF-gidden,2020,HFCs,0.0009936700652944074
recommendation,ssp370-lowNTCF-gidden,2021,HFCs,0.002058809926842299
recommendation,ssp370-lowNTCF-gidden,2022,HFCs,0.003175895588104518
recommendation,ssp370-lowNTCF-gidden,2023,HFCs,0.004337145821256109
recommendation,ssp370-lowNTCF-gidden,2024,HFCs,0.00552719315231422
recommendation,ssp370-lowNTCF-gidden,2025,HFCs,0.00673495659969911
recommendation,ssp370-lowNTCF-gidden,2026,HFCs,0.007952437972631017
recommendation,ssp370-lowNTCF-gidden,2027,HFCs,0.009173827131542675
recommendation,ssp370-lowNTCF-gidden,2028,HFCs,0.010394864307950034
recommendation,ssp370-lowNTCF-gidden,2029,HFCs,0.011612476963459645
recommendation,ssp370-lowNTCF-gidden,2030,HFCs,0.012824467383856477
recommendation,ssp370-lowNTCF-gidden,2031,HFCs,0.014029220192131216
recommendation,ssp370-lowNTCF-gidden,2032,HFCs,0.015225617879695338
recommendation,ssp370-lowNTCF-gidden,2033,HFCs,0.016413455203050282
recommendation,ssp370-lowNTCF-gidden,2034,HFCs,0.017592940605919614
recommendation,ssp370-lowNTCF-gidden,2035,HFCs,0.018763981618899667
recommendation,ssp370-lowNTCF-gidden,2036,HFCs,0.01992641026204229
recommendation,ssp370-lowNTCF-gidden,2037,HFCs,0.021079996326523957
recommendation,ssp370-lowNTCF-gidden,2038,HFCs,0.022224597426624894
recommendation,ssp370-lowNTCF-gidden,2039,HFCs,0.02336016115662526
recommendation,ssp370-lowNTCF-gidden,2040,HFCs,0.02448671835484506
recommendation,ssp370-lowNTCF-gidden,2041,HFCs,0.02560424130951719
recommendation,ssp370-lowNTCF-gidden,2042,HFCs,0.02671288566509137
recommendation,ssp370-lowNTCF-gidden,2043,HFCs,0.02781308937336259
recommendation,ssp370-lowNTCF-gidden,2044,HFCs,0.02890554175346121
recommendation,ssp370-lowNTCF-gidden,2045,HFCs,0.029990764215689227
recommendation,ssp370-lowNTCF-gidden,2046,HFCs,0.0310691151608943
recommendation,ssp370-lowNTCF-gidden,2047,HFCs,0.032140922379880234
recommendation,ssp370-lowNTCF-gidden,2048,HFCs,0.033206585932996295
recommendation,ssp370-lowNTCF-gidden,2049,HFCs,0.03426644187183961
recommendation,ssp370-lowNTCF-gidden,2050,HFCs,0.03532083487930643
recommendation,ssp370-lowNTCF-gidden,2051,HFCs,0.03637007994880106
recommendation,ssp370-lowNTCF-gidden,2052,HFCs,0.037414537656561074
recommendation,ssp370-lowNTCF-gidden,2053,HFCs,0.038452048142056335
recommendation,ssp370-lowNTCF-gidden,2054,HFCs,0.03947868386079365
recommendation,ssp370-lowNTCF-gidden,2055,HFCs,0.04049178578458207
recommendation,ssp370-lowNTCF-gidden,2056,HFCs,0.04148968834542412
recommendation,ssp370-lowNTCF-gidden,2057,HFCs,0.04247144434964114
recommendation,ssp370-lowNTCF-gidden,2058,HFCs,0.04343654428717548
recommendation,ssp370-lowNTCF-gidden,2059,HFCs,0.04438486779169678
recommendation,ssp370-lowNTCF-gidden,2060,HFCs,0.04531656003726197
recommendation,ssp370-lowNTCF-gidden,2061,HFCs,0.046231881665998106
recommendation,ssp370-lowNTCF-gidden,2062,HFCs,0.04713125086125635
recommendation,ssp370-lowNTCF-gidden,2063,HFCs,0.04801584040452564
recommendation,ssp370-lowNTCF-gidden,2064,HFCs,0.04888727626349954
recommendation,ssp370-lowNTCF-gidden,2065,HFCs,0.049746775253569776
recommendation,ssp370-lowNTCF-gidden,2066,HFCs,0.05059522397258833
recommendation,ssp370-lowNTCF-gidden,2067,HFCs,0.05143336670361841
recommendation,ssp370-lowNTCF-gidden,2068,HFCs,0.05226175545445537
recommendation,ssp370-lowNTCF-gidden,2069,HFCs,0.05308086554438357
recommendation,ssp370-lowNTCF-gidden,2070,HFCs,0.05389105807847486
recommendation,ssp370-lowNTCF-gidden,2071,HFCs,0.054692663745651404
recommendation,ssp370-lowNTCF-gidden,2072,HFCs,0.05548595262927025
recommendation,ssp370-lowNTCF-gidden,2073,HFCs,0.056271942427945046
recommendation,ssp370-lowNTCF-gidden,2074,HFCs,0.05705225895133614
recommendation,ssp370-lowNTCF-gidden,2075,HFCs,0.05782807093963667
recommendation,ssp370-lowNTCF-gidden,2076,HFCs,0.058600307296023904
recommendation,ssp370-lowNTCF-gidden,2077,HFCs,0.05936958829336554
recommendation,ssp370-lowNTCF-gidden,2078,HFCs,0.06013641922212365
recommendation,ssp370-lowNTCF-gidden,2079,HFCs,0.060901215748101103
recommendation,ssp370-lowNTCF-gidden,2080,HFCs,0.06166429458452573
recommendation,ssp370-lowNTCF-gidden,2081,HFCs,0.06242588474674292
recommendation,ssp370-lowNTCF-gidden,2082,HFCs,0.06318612727213806
recommendation,ssp370-lowNTCF-gidden,2083,HFCs,0.06394489408819866
recommendation,ssp370-lowNTCF-gidden,2084,HFCs,0.06470177376779318
recommendation,ssp370-lowNTCF-gidden,2085,HFCs,0.0654563900994495
recommendation,ssp370-lowNTCF-gidden,2086,HFCs,0.06620840817956664
recommendation,ssp370-lowNTCF-gidden,2087,HFCs,0.06695761209938055
recommendation,ssp370-lowNTCF-gidden,2088,HFCs,0.0677037364428152
recommendation,ssp370-lowNTCF-gidden,2089,HFCs,0.06844661478201722
recommendation,ssp370-lowNTCF-gidden,2090,HFCs,0.06918610646255659
recommendation,ssp370-lowNTCF-gidden,2091,HFCs,0.06992207836935845
recommendation,ssp370-lowNTCF-gidden,2092,HFCs,0.07065443516345346
recommendation,ssp370-lowNTCF-gidden,2093,HFCs,0.07138365688621802
recommendation,ssp370-lowNTCF-gidden,2094,HFCs,0.07211065354169977
recommendation,ssp370-lowNTCF-gidden,2095,HFCs,0.07283607689237123
recommendation,ssp370-lowNTCF-gidden,2096,HFCs,0.07356036208837927
recommendation,ssp370-lowNTCF-gidden,2097,HFCs,0.0742838520542261
recommendation,ssp370-lowNTCF-gidden,2098,HFCs,0.07500676788016612
recommendation,ssp370-lowNTCF-gidden,2099,HFCs,0.07572919869711069
recommendation,ssp370-lowNTCF-gidden,2100,HFCs,0.0764512826995578
