percentile,scenario,year,variable,Delta T
recommendation,ssp534-over,2019,ch4,0.0
recommendation,ssp534-over,2020,ch4,0.0017660168004393073
recommendation,ssp534-over,2021,ch4,0.005023647117154306
recommendation,ssp534-over,2022,ch4,0.007990993009132863
recommendation,ssp534-over,2023,ch4,0.010740326514616594
recommendation,ssp534-over,2024,ch4,0.013360490141799575
recommendation,ssp534-over,2025,ch4,0.01591467074151859
recommendation,ssp534-over,2026,ch4,0.01844774172824659
recommendation,ssp534-over,2027,ch4,0.020990482803720067
recommendation,ssp534-over,2028,ch4,0.02356358831726374
recommendation,ssp534-over,2029,ch4,0.026180253806277032
recommendation,ssp534-over,2030,ch4,0.028848080161722134
recommendation,ssp534-over,2031,ch4,0.031570927693704065
recommendation,ssp534-over,2032,ch4,0.03434948236651719
recommendation,ssp534-over,2033,ch4,0.03720246225936302
recommendation,ssp534-over,2034,ch4,0.04015812755257764
recommendation,ssp534-over,2035,ch4,0.04323380268724186
recommendation,ssp534-over,2036,ch4,0.046438281608668364
recommendation,ssp534-over,2037,ch4,0.04977365212322804
recommendation,ssp534-over,2038,ch4,0.053237830608025505
recommendation,ssp534-over,2039,ch4,0.056825680696180214
recommendation,ssp534-over,2040,ch4,0.06053060675826821
recommendation,ssp534-over,2041,ch4,0.06434423671611272
recommendation,ssp534-over,2042,ch4,0.06825725656823711
recommendation,ssp534-over,2043,ch4,0.07205323400627167
recommendation,ssp534-over,2044,ch4,0.07537880309118783
recommendation,ssp534-over,2045,ch4,0.07800056027454305
recommendation,ssp534-over,2046,ch4,0.07976930834337242
recommendation,ssp534-over,2047,ch4,0.08059430291496023
recommendation,ssp534-over,2048,ch4,0.08042597754603009
recommendation,ssp534-over,2049,ch4,0.07924155302404007
recommendation,ssp534-over,2050,ch4,0.07703636937183761
recommendation,ssp534-over,2051,ch4,0.07381605595599783
recommendation,ssp534-over,2052,ch4,0.06959276929072222
recommendation,ssp534-over,2053,ch4,0.06450083235726439
recommendation,ssp534-over,2054,ch4,0.058763631642856584
recommendation,ssp534-over,2055,ch4,0.05254706954979643
recommendation,ssp534-over,2056,ch4,0.045972757707717415
recommendation,ssp534-over,2057,ch4,0.03912993488106686
recommendation,ssp534-over,2058,ch4,0.03208441515695959
recommendation,ssp534-over,2059,ch4,0.024883594270801446
recommendation,ssp534-over,2060,ch4,0.01756051061177588
recommendation,ssp534-over,2061,ch4,0.010139168355868089
recommendation,ssp534-over,2062,ch4,0.002634911334654544
recommendation,ssp534-over,2063,ch4,-0.004885462518952943
recommendation,ssp534-over,2064,ch4,-0.012318371526064742
recommendation,ssp534-over,2065,ch4,-0.019591338044921913
recommendation,ssp534-over,2066,ch4,-0.02665476284559576
recommendation,ssp534-over,2067,ch4,-0.0334772082345704
recommendation,ssp534-over,2068,ch4,-0.040039862767291684
recommendation,ssp534-over,2069,ch4,-0.04633281144578344
recommendation,ssp534-over,2070,ch4,-0.05235372800061111
recommendation,ssp534-over,2071,ch4,-0.058104812149696594
recommendation,ssp534-over,2072,ch4,-0.06359253190845154
recommendation,ssp534-over,2073,ch4,-0.06881673430328075
recommendation,ssp534-over,2074,ch4,-0.07377280635319272
recommendation,ssp534-over,2075,ch4,-0.07846204719636479
recommendation,ssp534-over,2076,ch4,-0.08288885848150115
recommendation,ssp534-over,2077,ch4,-0.08706077907001014
recommendation,ssp534-over,2078,ch4,-0.09098794463665294
recommendation,ssp534-over,2079,ch4,-0.09468100670392463
recommendation,ssp534-over,2080,ch4,-0.09815173715363046
recommendation,ssp534-over,2081,ch4,-0.10141180628459848
recommendation,ssp534-over,2082,ch4,-0.10447352227346529
recommendation,ssp534-over,2083,ch4,-0.10735268436089174
recommendation,ssp534-over,2084,ch4,-0.11006732429228833
recommendation,ssp534-over,2085,ch4,-0.11263268674952095
recommendation,ssp534-over,2086,ch4,-0.1150620006908086
recommendation,ssp534-over,2087,ch4,-0.11736821671098746
recommendation,ssp534-over,2088,ch4,-0.11956122734240146
recommendation,ssp534-over,2089,ch4,-0.12165042515429375
recommendation,ssp534-over,2090,ch4,-0.12364547442455584
recommendation,ssp534-over,2091,ch4,-0.12554680282696484
recommendation,ssp534-over,2092,ch4,-0.12735201226724807
recommendation,ssp534-over,2093,ch4,-0.12906134803417946
recommendation,ssp534-over,2094,ch4,-0.13067528412339768
recommendation,ssp534-over,2095,ch4,-0.1321980970382587
recommendation,ssp534-over,2096,ch4,-0.13363516137741
recommendation,ssp534-over,2097,ch4,-0.1349915035004845
recommendation,ssp534-over,2098,ch4,-0.13627372904347995
recommendation,ssp534-over,2099,ch4,-0.13748784565302097
recommendation,ssp534-over,2100,ch4,-0.13863943045969707
recommendation,ssp334,2019,ch4,0.0
recommendation,ssp334,2020,ch4,0.0017660168004393073
recommendation,ssp334,2021,ch4,0.006611129864148524
recommendation,ssp334,2022,ch4,0.01094317040154319
recommendation,ssp334,2023,ch4,0.014890375608516249
recommendation,ssp334,2024,ch4,0.018548523619991375
recommendation,ssp334,2025,ch4,0.021989153893142988
recommendation,ssp334,2026,ch4,0.025265705651727033
recommendation,ssp334,2027,ch4,0.028418101677211816
recommendation,ssp334,2028,ch4,0.0314761711884356
recommendation,ssp334,2029,ch4,0.034462205829810244
recommendation,ssp334,2030,ch4,0.03739286832258515
recommendation,ssp334,2031,ch4,0.04028061772782188
recommendation,ssp334,2032,ch4,0.04246283138213147
recommendation,ssp334,2033,ch4,0.04411740146235632
recommendation,ssp334,2034,ch4,0.04537716820771032
recommendation,ssp334,2035,ch4,0.046341330072230624
recommendation,ssp334,2036,ch4,0.04708396406405585
recommendation,ssp334,2037,ch4,0.047660388165367384
recommendation,ssp334,2038,ch4,0.04811191236239404
recommendation,ssp334,2039,ch4,0.048469386397110625
recommendation,ssp334,2040,ch4,0.04875584899111857
recommendation,ssp334,2041,ch4,0.04898850610900496
recommendation,ssp334,2042,ch4,0.04856296843212021
recommendation,ssp334,2043,ch4,0.04763987284317278
recommendation,ssp334,2044,ch4,0.046339118791210665
recommendation,ssp334,2045,ch4,0.04475018444313372
recommendation,ssp334,2046,ch4,0.04293983005655161
recommendation,ssp334,2047,ch4,0.04095785030255089
recommendation,ssp334,2048,ch4,0.03884136967295493
recommendation,ssp334,2049,ch4,0.03661804995867035
recommendation,ssp334,2050,ch4,0.03430848533355685
recommendation,ssp334,2051,ch4,0.031927990794422656
recommendation,ssp334,2052,ch4,0.02975748631602876
recommendation,ssp334,2053,ch4,0.027740376653607735
recommendation,ssp334,2054,ch4,0.025834383841711994
recommendation,ssp334,2055,ch4,0.024007920777991243
recommendation,ssp334,2056,ch4,0.02223738325121133
recommendation,ssp334,2057,ch4,0.020505127801854817
recommendation,ssp334,2058,ch4,0.018797961716456757
recommendation,ssp334,2059,ch4,0.017106015448978384
recommendation,ssp334,2060,ch4,0.015421900612919537
recommendation,ssp334,2061,ch4,0.013740081218351241
recommendation,ssp334,2062,ch4,0.012373955805889958
recommendation,ssp334,2063,ch4,0.01124249068732125
recommendation,ssp334,2064,ch4,0.01028517629615966
recommendation,ssp334,2065,ch4,0.009456829091016528
recommendation,ssp334,2066,ch4,0.008723709964404969
recommendation,ssp334,2067,ch4,0.008060625729815585
recommendation,ssp334,2068,ch4,0.007448764705939193
recommendation,ssp334,2069,ch4,0.006874080475574307
recommendation,ssp334,2070,ch4,0.006326084984751179
recommendation,ssp334,2071,ch4,0.005796947309769873
recommendation,ssp334,2072,ch4,0.0053694979971673495
recommendation,ssp334,2073,ch4,0.0050173378863500595
recommendation,ssp334,2074,ch4,0.00472075538886485
recommendation,ssp334,2075,ch4,0.0044650327408154444
recommendation,ssp334,2076,ch4,0.004239181225386746
recommendation,ssp334,2077,ch4,0.00403499672157509
recommendation,ssp334,2078,ch4,0.0038463544511203596
recommendation,ssp334,2079,ch4,0.0036686823426679838
recommendation,ssp334,2080,ch4,0.0034985677753402444
recommendation,ssp334,2081,ch4,0.0033334639211359818
recommendation,ssp334,2082,ch4,0.0032314366167534025
recommendation,ssp334,2083,ch4,0.003176100241082336
recommendation,ssp334,2084,ch4,0.0031552204257676575
recommendation,ssp334,2085,ch4,0.0031596626757727786
recommendation,ssp334,2086,ch4,0.0031826072695025354
recommendation,ssp334,2087,ch4,0.0032189629987039448
recommendation,ssp334,2088,ch4,0.0032649293886228836
recommendation,ssp334,2089,ch4,0.0033176697932931765
recommendation,ssp334,2090,ch4,0.0033750672849628405
recommendation,ssp334,2091,ch4,0.0034355423686496245
recommendation,ssp334,2092,ch4,0.0035374123885607567
recommendation,ssp334,2093,ch4,0.0036699100200673906
recommendation,ssp334,2094,ch4,0.0038249959391881694
recommendation,ssp334,2095,ch4,0.0039966679070052025
recommendation,ssp334,2096,ch4,0.004180444840095943
recommendation,ssp334,2097,ch4,0.004372981548826205
recommendation,ssp334,2098,ch4,0.004571781049668655
recommendation,ssp334,2099,ch4,0.0047749797392818705
recommendation,ssp334,2100,ch4,0.004981186976882934
recommendation,ssp119,2019,ch4,0.0
recommendation,ssp119,2020,ch4,0.0017660168004393073
recommendation,ssp119,2021,ch4,0.00437336220817669
recommendation,ssp119,2022,ch4,0.006514222867852637
recommendation,ssp119,2023,ch4,0.008190475230845373
recommendation,ssp119,2024,ch4,0.009393545250532431
recommendation,ssp119,2025,ch4,0.010124719647045033
recommendation,ssp119,2026,ch4,0.010392389735551733
recommendation,ssp119,2027,ch4,0.01020881423005282
recommendation,ssp119,2028,ch4,0.009588980840688877
recommendation,ssp119,2029,ch4,0.008549391161421394
recommendation,ssp119,2030,ch4,0.007106310810989669
recommendation,ssp119,2031,ch4,0.005275756827647249
recommendation,ssp119,2032,ch4,0.0030739634369364444
recommendation,ssp119,2033,ch4,0.0005617836952365174
recommendation,ssp119,2034,ch4,-0.002168171991797696
recommendation,ssp119,2035,ch4,-0.005048083000427861
recommendation,ssp119,2036,ch4,-0.008027357757958709
recommendation,ssp119,2037,ch4,-0.011070074912254868
recommendation,ssp119,2038,ch4,-0.014149987866669267
recommendation,ssp119,2039,ch4,-0.01724853915545793
recommendation,ssp119,2040,ch4,-0.020352966873393774
recommendation,ssp119,2041,ch4,-0.02345439341976946
recommendation,ssp119,2042,ch4,-0.026547352835812443
recommendation,ssp119,2043,ch4,-0.029623737109506915
recommendation,ssp119,2044,ch4,-0.032674799009449695
recommendation,ssp119,2045,ch4,-0.03569459572628275
recommendation,ssp119,2046,ch4,-0.03867930735403008
recommendation,ssp119,2047,ch4,-0.04162769039196704
recommendation,ssp119,2048,ch4,-0.04453950984502361
recommendation,ssp119,2049,ch4,-0.047415793536567996
recommendation,ssp119,2050,ch4,-0.05025707175281044
recommendation,ssp119,2051,ch4,-0.05306598507138666
recommendation,ssp119,2052,ch4,-0.05584381195180421
recommendation,ssp119,2053,ch4,-0.05858223732957807
recommendation,ssp119,2054,ch4,-0.06126454025901562
recommendation,ssp119,2055,ch4,-0.06387968775046762
recommendation,ssp119,2056,ch4,-0.06642095602399006
recommendation,ssp119,2057,ch4,-0.06888540828106943
recommendation,ssp119,2058,ch4,-0.07127197629649118
recommendation,ssp119,2059,ch4,-0.07358101664297151
recommendation,ssp119,2060,ch4,-0.07581451946513684
recommendation,ssp119,2061,ch4,-0.07797521960676468
recommendation,ssp119,2062,ch4,-0.08006591559844231
recommendation,ssp119,2063,ch4,-0.08208948247652775
recommendation,ssp119,2064,ch4,-0.08404940128852828
recommendation,ssp119,2065,ch4,-0.08594911347827708
recommendation,ssp119,2066,ch4,-0.08779151190032636
recommendation,ssp119,2067,ch4,-0.08958016750924483
recommendation,ssp119,2068,ch4,-0.09131864550002022
recommendation,ssp119,2069,ch4,-0.09300999206276359
recommendation,ssp119,2070,ch4,-0.09465741828100638
recommendation,ssp119,2071,ch4,-0.09626372607638511
recommendation,ssp119,2072,ch4,-0.09783197680267272
recommendation,ssp119,2073,ch4,-0.09936764090602832
recommendation,ssp119,2074,ch4,-0.10087858441236602
recommendation,ssp119,2075,ch4,-0.10237010864139473
recommendation,ssp119,2076,ch4,-0.10384724746978227
recommendation,ssp119,2077,ch4,-0.1053126321876586
recommendation,ssp119,2078,ch4,-0.10676987065305399
recommendation,ssp119,2079,ch4,-0.10822052970963203
recommendation,ssp119,2080,ch4,-0.10966687802088543
recommendation,ssp119,2081,ch4,-0.11111003475447265
recommendation,ssp119,2082,ch4,-0.11255137984363181
recommendation,ssp119,2083,ch4,-0.11398853937562914
recommendation,ssp119,2084,ch4,-0.11541797033297033
recommendation,ssp119,2085,ch4,-0.11683638599397772
recommendation,ssp119,2086,ch4,-0.1182423992684658
recommendation,ssp119,2087,ch4,-0.11963490350773665
recommendation,ssp119,2088,ch4,-0.12101358414262131
recommendation,ssp119,2089,ch4,-0.12237872382640447
recommendation,ssp119,2090,ch4,-0.12373106566385855
recommendation,ssp119,2091,ch4,-0.12507053208063346
recommendation,ssp119,2092,ch4,-0.1263981816588701
recommendation,ssp119,2093,ch4,-0.12771300660064708
recommendation,ssp119,2094,ch4,-0.12901301288367661
recommendation,ssp119,2095,ch4,-0.13029605621742563
recommendation,ssp119,2096,ch4,-0.1315616348836898
recommendation,ssp119,2097,ch4,-0.1328099066725584
recommendation,ssp119,2098,ch4,-0.13403735728867341
recommendation,ssp119,2099,ch4,-0.13523650656781055
recommendation,ssp119,2100,ch4,-0.13640400810610182
recommendation,ssp460,2019,ch4,0.0
recommendation,ssp460,2020,ch4,0.0017660168004393073
recommendation,ssp460,2021,ch4,0.00603953110832095
recommendation,ssp460,2022,ch4,0.010298326048656659
recommendation,ssp460,2023,ch4,0.014566951634758518
recommendation,ssp460,2024,ch4,0.018824236514356607
recommendation,ssp460,2025,ch4,0.02305591532952589
recommendation,ssp460,2026,ch4,0.02725244848238728
recommendation,ssp460,2027,ch4,0.03140700001698982
recommendation,ssp460,2028,ch4,0.035515917924998586
recommendation,ssp460,2029,ch4,0.03957671199333768
recommendation,ssp460,2030,ch4,0.04358854034883497
recommendation,ssp460,2031,ch4,0.047551363719187
recommendation,ssp460,2032,ch4,0.051465348258939614
recommendation,ssp460,2033,ch4,0.055326236207745016
recommendation,ssp460,2034,ch4,0.059125811201567346
recommendation,ssp460,2035,ch4,0.06285937518025853
recommendation,ssp460,2036,ch4,0.06652523017760109
recommendation,ssp460,2037,ch4,0.07012347028193389
recommendation,ssp460,2038,ch4,0.07365552501287254
recommendation,ssp460,2039,ch4,0.07712303455751707
recommendation,ssp460,2040,ch4,0.080528139310032
recommendation,ssp460,2041,ch4,0.08387446207439736
recommendation,ssp460,2042,ch4,0.0871644728963154
recommendation,ssp460,2043,ch4,0.09039288520929178
recommendation,ssp460,2044,ch4,0.09355017034691726
recommendation,ssp460,2045,ch4,0.09663019579700688
recommendation,ssp460,2046,ch4,0.09963042937794286
recommendation,ssp460,2047,ch4,0.10255097426051463
recommendation,ssp460,2048,ch4,0.10539281783808108
recommendation,ssp460,2049,ch4,0.10815862090159406
recommendation,ssp460,2050,ch4,0.11085158825668628
recommendation,ssp460,2051,ch4,0.11347530523601168
recommendation,ssp460,2052,ch4,0.11603324849142693
recommendation,ssp460,2053,ch4,0.11852532069857763
recommendation,ssp460,2054,ch4,0.1209484085615336
recommendation,ssp460,2055,ch4,0.12330240936291748
recommendation,ssp460,2056,ch4,0.12558770029298022
recommendation,ssp460,2057,ch4,0.1278064033559071
recommendation,ssp460,2058,ch4,0.12996086013568348
recommendation,ssp460,2059,ch4,0.13205394747000399
recommendation,ssp460,2060,ch4,0.1340892468707266
recommendation,ssp460,2061,ch4,0.1360698266309711
recommendation,ssp460,2062,ch4,0.13799905990326905
recommendation,ssp460,2063,ch4,0.13987436506165296
recommendation,ssp460,2064,ch4,0.14168874003102672
recommendation,ssp460,2065,ch4,0.14343873643822214
recommendation,ssp460,2066,ch4,0.14512319281488095
recommendation,ssp460,2067,ch4,0.14674230147471212
recommendation,ssp460,2068,ch4,0.148297603817727
recommendation,ssp460,2069,ch4,0.14979129482187747
recommendation,ssp460,2070,ch4,0.1512260522067881
recommendation,ssp460,2071,ch4,0.15260491279358934
recommendation,ssp460,2072,ch4,0.15393082718908357
recommendation,ssp460,2073,ch4,0.15520195599294162
recommendation,ssp460,2074,ch4,0.1564125454470286
recommendation,ssp460,2075,ch4,0.15755997840542896
recommendation,ssp460,2076,ch4,0.15864365570034367
recommendation,ssp460,2077,ch4,0.15966378603918369
recommendation,ssp460,2078,ch4,0.1606225364099475
recommendation,ssp460,2079,ch4,0.16152185110174855
recommendation,ssp460,2080,ch4,0.16236484996058376
recommendation,ssp460,2081,ch4,0.16315416600106925
recommendation,ssp460,2082,ch4,0.16389277004190594
recommendation,ssp460,2083,ch4,0.16458149471142475
recommendation,ssp460,2084,ch4,0.16521991462427388
recommendation,ssp460,2085,ch4,0.16580836380421005
recommendation,ssp460,2086,ch4,0.1663477139474116
recommendation,ssp460,2087,ch4,0.1668402884654261
recommendation,ssp460,2088,ch4,0.16728778070193379
recommendation,ssp460,2089,ch4,0.16769244069011113
recommendation,ssp460,2090,ch4,0.16805692736096667
recommendation,ssp460,2091,ch4,0.16838354007583411
recommendation,ssp460,2092,ch4,0.16867465373077772
recommendation,ssp460,2093,ch4,0.1689343627372461
recommendation,ssp460,2094,ch4,0.16916742784360622
recommendation,ssp460,2095,ch4,0.1693777080457708
recommendation,ssp460,2096,ch4,0.16956843171513453
recommendation,ssp460,2097,ch4,0.16974234752241935
recommendation,ssp460,2098,ch4,0.1699014974783341
recommendation,ssp460,2099,ch4,0.17004740186288825
recommendation,ssp460,2100,ch4,0.17018221410677048
recommendation,ssp585,2019,ch4,0.0
recommendation,ssp585,2020,ch4,0.0017660168004393073
recommendation,ssp585,2021,ch4,0.004912143959692472
recommendation,ssp585,2022,ch4,0.007738617406291448
recommendation,ssp585,2023,ch4,0.010319930909245545
recommendation,ssp585,2024,ch4,0.012753760058256125
recommendation,ssp585,2025,ch4,0.015110325152207837
recommendation,ssp585,2026,ch4,0.01743893768340371
recommendation,ssp585,2027,ch4,0.01977412594445921
recommendation,ssp585,2028,ch4,0.022139384107218052
recommendation,ssp585,2029,ch4,0.02454917624837777
recommendation,ssp585,2030,ch4,0.027012467138798957
recommendation,ssp585,2031,ch4,0.029534129125584563
recommendation,ssp585,2032,ch4,0.03211560002259062
recommendation,ssp585,2033,ch4,0.034776236821981
recommendation,ssp585,2034,ch4,0.037547291057307364
recommendation,ssp585,2035,ch4,0.04044708099372546
recommendation,ssp585,2036,ch4,0.043484734806433556
recommendation,ssp585,2037,ch4,0.04666293208262806
recommendation,ssp585,2038,ch4,0.0499796128979173
recommendation,ssp585,2039,ch4,0.05342999853309116
recommendation,ssp585,2040,ch4,0.057006557236534694
recommendation,ssp585,2041,ch4,0.0607009370693512
recommendation,ssp585,2042,ch4,0.06450420439440435
recommendation,ssp585,2043,ch4,0.06839388966588356
recommendation,ssp585,2044,ch4,0.07234041202516417
recommendation,ssp585,2045,ch4,0.07632180402710387
recommendation,ssp585,2046,ch4,0.08032180905124114
recommendation,ssp585,2047,ch4,0.08432840442956668
recommendation,ssp585,2048,ch4,0.08833237047430076
recommendation,ssp585,2049,ch4,0.09232767326487246
recommendation,ssp585,2050,ch4,0.09630955765743648
recommendation,ssp585,2051,ch4,0.10027422279033227
recommendation,ssp585,2052,ch4,0.10421964642772363
recommendation,ssp585,2053,ch4,0.10811139578569745
recommendation,ssp585,2054,ch4,0.11189394929260327
recommendation,ssp585,2055,ch4,0.11553164013787759
recommendation,ssp585,2056,ch4,0.11900208017258346
recommendation,ssp585,2057,ch4,0.12229298218354107
recommendation,ssp585,2058,ch4,0.12539984880930422
recommendation,ssp585,2059,ch4,0.12832248143030367
recommendation,ssp585,2060,ch4,0.13106416386487824
recommendation,ssp585,2061,ch4,0.13363038048831083
recommendation,ssp585,2062,ch4,0.13602852990038272
recommendation,ssp585,2063,ch4,0.13826739035935381
recommendation,ssp585,2064,ch4,0.14035639305799796
recommendation,ssp585,2065,ch4,0.14230474538687038
recommendation,ssp585,2066,ch4,0.14412210592831926
recommendation,ssp585,2067,ch4,0.14581677181781216
recommendation,ssp585,2068,ch4,0.14739700624488405
recommendation,ssp585,2069,ch4,0.14887070262913582
recommendation,ssp585,2070,ch4,0.1502451323288505
recommendation,ssp585,2071,ch4,0.1515267498594977
recommendation,ssp585,2072,ch4,0.15272239642327134
recommendation,ssp585,2073,ch4,0.15382496268434742
recommendation,ssp585,2074,ch4,0.15481859135822668
recommendation,ssp585,2075,ch4,0.15569442108898812
recommendation,ssp585,2076,ch4,0.1564484430049461
recommendation,ssp585,2077,ch4,0.157080617043316
recommendation,ssp585,2078,ch4,0.15759247581887514
recommendation,ssp585,2079,ch4,0.15798742018274559
recommendation,ssp585,2080,ch4,0.15827057979507375
recommendation,ssp585,2081,ch4,0.15844700867015604
recommendation,ssp585,2082,ch4,0.15852205000498254
recommendation,ssp585,2083,ch4,0.15849035812692136
recommendation,ssp585,2084,ch4,0.1583384839138181
recommendation,ssp585,2085,ch4,0.15805915992633573
recommendation,ssp585,2086,ch4,0.15765007564470235
recommendation,ssp585,2087,ch4,0.15711161281025066
recommendation,ssp585,2088,ch4,0.15644649696836
recommendation,ssp585,2089,ch4,0.15565924069510279
recommendation,ssp585,2090,ch4,0.15475465135489763
recommendation,ssp585,2091,ch4,0.15373848450123428
recommendation,ssp585,2092,ch4,0.15261651130802073
recommendation,ssp585,2093,ch4,0.15140896262081321
recommendation,ssp585,2094,ch4,0.15014643169000452
recommendation,ssp585,2095,ch4,0.14885084067566923
recommendation,ssp585,2096,ch4,0.14753833711458608
recommendation,ssp585,2097,ch4,0.14621967460687624
recommendation,ssp585,2098,ch4,0.14490334096847451
recommendation,ssp585,2099,ch4,0.14359470911955352
recommendation,ssp585,2100,ch4,0.14229753985270915
recommendation,ssp370,2019,ch4,0.0
recommendation,ssp370,2020,ch4,0.0017660168004393073
recommendation,ssp370,2021,ch4,0.005521273904631696
recommendation,ssp370,2022,ch4,0.009120844593612398
recommendation,ssp370,2023,ch4,0.012615393977955969
recommendation,ssp370,2024,ch4,0.016045493614927187
recommendation,ssp370,2025,ch4,0.019439611869171813
recommendation,ssp370,2026,ch4,0.02281763142502541
recommendation,ssp370,2027,ch4,0.02619301570162097
recommendation,ssp370,2028,ch4,0.029574496104961767
recommendation,ssp370,2029,ch4,0.03296807063341001
recommendation,ssp370,2030,ch4,0.03637691499083162
recommendation,ssp370,2031,ch4,0.03980252175719856
recommendation,ssp370,2032,ch4,0.04324513579383721
recommendation,ssp370,2033,ch4,0.04669941841871572
recommendation,ssp370,2034,ch4,0.05015635478158936
recommendation,ssp370,2035,ch4,0.05360890768946913
recommendation,ssp370,2036,ch4,0.057052676254087165
recommendation,ssp370,2037,ch4,0.06048406920693322
recommendation,ssp370,2038,ch4,0.06390085827592162
recommendation,ssp370,2039,ch4,0.06730145268247256
recommendation,ssp370,2040,ch4,0.07068473009962611
recommendation,ssp370,2041,ch4,0.07404954071294079
recommendation,ssp370,2042,ch4,0.0773958406235199
recommendation,ssp370,2043,ch4,0.0807236663857786
recommendation,ssp370,2044,ch4,0.08403347270863304
recommendation,ssp370,2045,ch4,0.08732601472078572
recommendation,ssp370,2046,ch4,0.0906015328786488
recommendation,ssp370,2047,ch4,0.09386062622530861
recommendation,ssp370,2048,ch4,0.09710341912791115
recommendation,ssp370,2049,ch4,0.10033041020727096
recommendation,ssp370,2050,ch4,0.1035416457118446
recommendation,ssp370,2051,ch4,0.106737218660031
recommendation,ssp370,2052,ch4,0.10991723337085557
recommendation,ssp370,2053,ch4,0.11308428087930555
recommendation,ssp370,2054,ch4,0.11624173385208575
recommendation,ssp370,2055,ch4,0.11939175403322994
recommendation,ssp370,2056,ch4,0.12253630433557916
recommendation,ssp370,2057,ch4,0.12567614992291565
recommendation,ssp370,2058,ch4,0.12881186961121088
recommendation,ssp370,2059,ch4,0.13194355005136849
recommendation,ssp370,2060,ch4,0.1350709370431905
recommendation,ssp370,2061,ch4,0.13819417520021848
recommendation,ssp370,2062,ch4,0.14131272097681408
recommendation,ssp370,2063,ch4,0.14442717624767976
recommendation,ssp370,2064,ch4,0.1475376684916403
recommendation,ssp370,2065,ch4,0.15064497659837017
recommendation,ssp370,2066,ch4,0.1537486729214681
recommendation,ssp370,2067,ch4,0.15684878981899658
recommendation,ssp370,2068,ch4,0.15994500930223954
recommendation,ssp370,2069,ch4,0.16303680089104827
recommendation,ssp370,2070,ch4,0.16612408214790664
recommendation,ssp370,2071,ch4,0.16920584404198646
recommendation,ssp370,2072,ch4,0.17228199537253264
recommendation,ssp370,2073,ch4,0.17535279853962593
recommendation,ssp370,2074,ch4,0.17841943487661582
recommendation,ssp370,2075,ch4,0.18148246098175347
recommendation,ssp370,2076,ch4,0.18454165780013743
recommendation,ssp370,2077,ch4,0.18759751194566165
recommendation,ssp370,2078,ch4,0.19064942664041545
recommendation,ssp370,2079,ch4,0.19369728763138305
recommendation,ssp370,2080,ch4,0.19674071035687424
recommendation,ssp370,2081,ch4,0.19977909208107864
recommendation,ssp370,2082,ch4,0.2028120135714767
recommendation,ssp370,2083,ch4,0.2058351288937354
recommendation,ssp370,2084,ch4,0.2088418316235648
recommendation,ssp370,2085,ch4,0.21182759339947554
recommendation,ssp370,2086,ch4,0.21478939813441938
recommendation,ssp370,2087,ch4,0.2177253902042861
recommendation,ssp370,2088,ch4,0.22063424306820162
recommendation,ssp370,2089,ch4,0.22351593584767904
recommendation,ssp370,2090,ch4,0.22637051899961347
recommendation,ssp370,2091,ch4,0.2291983764051566
recommendation,ssp370,2092,ch4,0.23200014542272662
recommendation,ssp370,2093,ch4,0.23477664677717325
recommendation,ssp370,2094,ch4,0.23752974346650724
recommendation,ssp370,2095,ch4,0.24026053905612343
recommendation,ssp370,2096,ch4,0.24296991542699542
recommendation,ssp370,2097,ch4,0.24565943352175545
recommendation,ssp370,2098,ch4,0.24832941925641028
recommendation,ssp370,2099,ch4,0.25098100927254796
recommendation,ssp370,2100,ch4,0.25361478461266185
recommendation,ssp370-lowNTCF-aerchemmip,2019,ch4,0.0
recommendation,ssp370-lowNTCF-aerchemmip,2020,ch4,0.0017660168004393073
recommendation,ssp370-lowNTCF-aerchemmip,2021,ch4,0.005521273904631696
recommendation,ssp370-lowNTCF-aerchemmip,2022,ch4,0.009120844593612398
recommendation,ssp370-lowNTCF-aerchemmip,2023,ch4,0.012615393977955969
recommendation,ssp370-lowNTCF-aerchemmip,2024,ch4,0.016045493614927187
recommendation,ssp370-lowNTCF-aerchemmip,2025,ch4,0.019439611869171813
recommendation,ssp370-lowNTCF-aerchemmip,2026,ch4,0.02281763142502541
recommendation,ssp370-lowNTCF-aerchemmip,2027,ch4,0.02619301570162097
recommendation,ssp370-lowNTCF-aerchemmip,2028,ch4,0.029574496104961767
recommendation,ssp370-lowNTCF-aerchemmip,2029,ch4,0.03296807063341001
recommendation,ssp370-lowNTCF-aerchemmip,2030,ch4,0.03637691499083162
recommendation,ssp370-lowNTCF-aerchemmip,2031,ch4,0.03980252175719856
recommendation,ssp370-lowNTCF-aerchemmip,2032,ch4,0.04324513579383721
recommendation,ssp370-lowNTCF-aerchemmip,2033,ch4,0.04669941841871572
recommendation,ssp370-lowNTCF-aerchemmip,2034,ch4,0.05015635478158936
recommendation,ssp370-lowNTCF-aerchemmip,2035,ch4,0.05360890768946913
recommendation,ssp370-lowNTCF-aerchemmip,2036,ch4,0.057052676254087165
recommendation,ssp370-lowNTCF-aerchemmip,2037,ch4,0.06048406920693322
recommendation,ssp370-lowNTCF-aerchemmip,2038,ch4,0.06390085827592162
recommendation,ssp370-lowNTCF-aerchemmip,2039,ch4,0.06730145268247256
recommendation,ssp370-lowNTCF-aerchemmip,2040,ch4,0.07068473009962611
recommendation,ssp370-lowNTCF-aerchemmip,2041,ch4,0.07404954071294079
recommendation,ssp370-lowNTCF-aerchemmip,2042,ch4,0.0773958406235199
recommendation,ssp370-lowNTCF-aerchemmip,2043,ch4,0.0807236663857786
recommendation,ssp370-lowNTCF-aerchemmip,2044,ch4,0.08403347270863304
recommendation,ssp370-lowNTCF-aerchemmip,2045,ch4,0.08732601472078572
recommendation,ssp370-lowNTCF-aerchemmip,2046,ch4,0.0906015328786488
recommendation,ssp370-lowNTCF-aerchemmip,2047,ch4,0.09386062622530861
recommendation,ssp370-lowNTCF-aerchemmip,2048,ch4,0.09710341912791115
recommendation,ssp370-lowNTCF-aerchemmip,2049,ch4,0.10033041020727096
recommendation,ssp370-lowNTCF-aerchemmip,2050,ch4,0.1035416457118446
recommendation,ssp370-lowNTCF-aerchemmip,2051,ch4,0.106737218660031
recommendation,ssp370-lowNTCF-aerchemmip,2052,ch4,0.10991723337085557
recommendation,ssp370-lowNTCF-aerchemmip,2053,ch4,0.11308428087930555
recommendation,ssp370-lowNTCF-aerchemmip,2054,ch4,0.11624173385208575
recommendation,ssp370-lowNTCF-aerchemmip,2055,ch4,0.11939175403322994
recommendation,ssp370-lowNTCF-aerchemmip,2056,ch4,0.12253630433557916
recommendation,ssp370-lowNTCF-aerchemmip,2057,ch4,0.12567614992291565
recommendation,ssp370-lowNTCF-aerchemmip,2058,ch4,0.12881186961121088
recommendation,ssp370-lowNTCF-aerchemmip,2059,ch4,0.13194355005136849
recommendation,ssp370-lowNTCF-aerchemmip,2060,ch4,0.1350709370431905
recommendation,ssp370-lowNTCF-aerchemmip,2061,ch4,0.13819417520021848
recommendation,ssp370-lowNTCF-aerchemmip,2062,ch4,0.14131272097681408
recommendation,ssp370-lowNTCF-aerchemmip,2063,ch4,0.14442717624767976
recommendation,ssp370-lowNTCF-aerchemmip,2064,ch4,0.1475376684916403
recommendation,ssp370-lowNTCF-aerchemmip,2065,ch4,0.15064497659837017
recommendation,ssp370-lowNTCF-aerchemmip,2066,ch4,0.1537486729214681
recommendation,ssp370-lowNTCF-aerchemmip,2067,ch4,0.15684878981899658
recommendation,ssp370-lowNTCF-aerchemmip,2068,ch4,0.15994500930223954
recommendation,ssp370-lowNTCF-aerchemmip,2069,ch4,0.16303680089104827
recommendation,ssp370-lowNTCF-aerchemmip,2070,ch4,0.16612408214790664
recommendation,ssp370-lowNTCF-aerchemmip,2071,ch4,0.16920584404198646
recommendation,ssp370-lowNTCF-aerchemmip,2072,ch4,0.17228199537253264
recommendation,ssp370-lowNTCF-aerchemmip,2073,ch4,0.17535279853962593
recommendation,ssp370-lowNTCF-aerchemmip,2074,ch4,0.17841943487661582
recommendation,ssp370-lowNTCF-aerchemmip,2075,ch4,0.18148246098175347
recommendation,ssp370-lowNTCF-aerchemmip,2076,ch4,0.18454165780013743
recommendation,ssp370-lowNTCF-aerchemmip,2077,ch4,0.18759751194566165
recommendation,ssp370-lowNTCF-aerchemmip,2078,ch4,0.19064942664041545
recommendation,ssp370-lowNTCF-aerchemmip,2079,ch4,0.19369728763138305
recommendation,ssp370-lowNTCF-aerchemmip,2080,ch4,0.19674071035687424
recommendation,ssp370-lowNTCF-aerchemmip,2081,ch4,0.19977909208107864
recommendation,ssp370-lowNTCF-aerchemmip,2082,ch4,0.2028120135714767
recommendation,ssp370-lowNTCF-aerchemmip,2083,ch4,0.2058351288937354
recommendation,ssp370-lowNTCF-aerchemmip,2084,ch4,0.2088418316235648
recommendation,ssp370-lowNTCF-aerchemmip,2085,ch4,0.21182759339947554
recommendation,ssp370-lowNTCF-aerchemmip,2086,ch4,0.21478939813441938
recommendation,ssp370-lowNTCF-aerchemmip,2087,ch4,0.2177253902042861
recommendation,ssp370-lowNTCF-aerchemmip,2088,ch4,0.22063424306820162
recommendation,ssp370-lowNTCF-aerchemmip,2089,ch4,0.22351593584767904
recommendation,ssp370-lowNTCF-aerchemmip,2090,ch4,0.22637051899961347
recommendation,ssp370-lowNTCF-aerchemmip,2091,ch4,0.2291983764051566
recommendation,ssp370-lowNTCF-aerchemmip,2092,ch4,0.23200014542272662
recommendation,ssp370-lowNTCF-aerchemmip,2093,ch4,0.23477664677717325
recommendation,ssp370-lowNTCF-aerchemmip,2094,ch4,0.23752974346650724
recommendation,ssp370-lowNTCF-aerchemmip,2095,ch4,0.24026053905612343
recommendation,ssp370-lowNTCF-aerchemmip,2096,ch4,0.24296991542699542
recommendation,ssp370-lowNTCF-aerchemmip,2097,ch4,0.24565943352175545
recommendation,ssp370-lowNTCF-aerchemmip,2098,ch4,0.24832941925641028
recommendation,ssp370-lowNTCF-aerchemmip,2099,ch4,0.25098100927254796
recommendation,ssp370-lowNTCF-aerchemmip,2100,ch4,0.25361478461266185
recommendation,ssp126,2019,ch4,0.0
recommendation,ssp126,2020,ch4,0.0017660168004393073
recommendation,ssp126,2021,ch4,0.0041361434968568145
recommendation,ssp126,2022,ch4,0.00597445754957876
recommendation,ssp126,2023,ch4,0.007319389911187635
recommendation,ssp126,2024,ch4,0.008230408948970758
recommendation,ssp126,2025,ch4,0.008756566679701816
recommendation,ssp126,2026,ch4,0.008937807063302383
recommendation,ssp126,2027,ch4,0.008808093815380724
recommendation,ssp126,2028,ch4,0.008395637332890393
recommendation,ssp126,2029,ch4,0.007724350324765428
recommendation,ssp126,2030,ch4,0.006814913016785107
recommendation,ssp126,2031,ch4,0.005685192524112204
recommendation,ssp126,2032,ch4,0.004350951942554582
recommendation,ssp126,2033,ch4,0.002837300226135042
recommendation,ssp126,2034,ch4,0.0011752658702459673
recommendation,ssp126,2035,ch4,-0.0006104167655097692
recommendation,ssp126,2036,ch4,-0.0025019029538497217
recommendation,ssp126,2037,ch4,-0.004483835398892189
recommendation,ssp126,2038,ch4,-0.006545348393130479
recommendation,ssp126,2039,ch4,-0.008677603948916313
recommendation,ssp126,2040,ch4,-0.010873257755030508
recommendation,ssp126,2041,ch4,-0.01312651906309048
recommendation,ssp126,2042,ch4,-0.015432751473360817
recommendation,ssp126,2043,ch4,-0.01777805774026453
recommendation,ssp126,2044,ch4,-0.020142304344557938
recommendation,ssp126,2045,ch4,-0.02251112843342301
recommendation,ssp126,2046,ch4,-0.024874984887576612
recommendation,ssp126,2047,ch4,-0.02722746989060887
recommendation,ssp126,2048,ch4,-0.029564092905364686
recommendation,ssp126,2049,ch4,-0.031882263432956665
recommendation,ssp126,2050,ch4,-0.03418131590658141
recommendation,ssp126,2051,ch4,-0.036461089973558375
recommendation,ssp126,2052,ch4,-0.03872181261614943
recommendation,ssp126,2053,ch4,-0.04096062428837638
recommendation,ssp126,2054,ch4,-0.04317278152375437
recommendation,ssp126,2055,ch4,-0.04535501125544464
recommendation,ssp126,2056,ch4,-0.04750564515015243
recommendation,ssp126,2057,ch4,-0.04962472356036929
recommendation,ssp126,2058,ch4,-0.0517121031540953
recommendation,ssp126,2059,ch4,-0.05376900538346022
recommendation,ssp126,2060,ch4,-0.05579669873629639
recommendation,ssp126,2061,ch4,-0.0577964920183234
recommendation,ssp126,2062,ch4,-0.0597697442685651
recommendation,ssp126,2063,ch4,-0.06172140345829982
recommendation,ssp126,2064,ch4,-0.06365868097311395
recommendation,ssp126,2065,ch4,-0.06558694988756017
recommendation,ssp126,2066,ch4,-0.06750970969196707
recommendation,ssp126,2067,ch4,-0.06943058824039008
recommendation,ssp126,2068,ch4,-0.07135178006448872
recommendation,ssp126,2069,ch4,-0.0732754463048505
recommendation,ssp126,2070,ch4,-0.07520267550088139
recommendation,ssp126,2071,ch4,-0.07713479995477962
recommendation,ssp126,2072,ch4,-0.07907282115493036
recommendation,ssp126,2073,ch4,-0.08101908645350417
recommendation,ssp126,2074,ch4,-0.0829780481821166
recommendation,ssp126,2075,ch4,-0.08495256573825433
recommendation,ssp126,2076,ch4,-0.08694484275420311
recommendation,ssp126,2077,ch4,-0.08895551469621427
recommendation,ssp126,2078,ch4,-0.09098618894220878
recommendation,ssp126,2079,ch4,-0.09303704776720981
recommendation,ssp126,2080,ch4,-0.09510828104385532
recommendation,ssp126,2081,ch4,-0.09720008968198063
recommendation,ssp126,2082,ch4,-0.09931211831766582
recommendation,ssp126,2083,ch4,-0.10142912115633079
recommendation,ssp126,2084,ch4,-0.10352496218087379
recommendation,ssp126,2085,ch4,-0.1055813589523977
recommendation,ssp126,2086,ch4,-0.10758650902988773
recommendation,ssp126,2087,ch4,-0.10953293128729558
recommendation,ssp126,2088,ch4,-0.11141641539884664
recommendation,ssp126,2089,ch4,-0.1132352350999459
recommendation,ssp126,2090,ch4,-0.11498955112992484
recommendation,ssp126,2091,ch4,-0.11668039532801064
recommendation,ssp126,2092,ch4,-0.1183100527076118
recommendation,ssp126,2093,ch4,-0.11988060557065089
recommendation,ssp126,2094,ch4,-0.1213957437466448
recommendation,ssp126,2095,ch4,-0.12285865512766214
recommendation,ssp126,2096,ch4,-0.124272161281054
recommendation,ssp126,2097,ch4,-0.12564000154452581
recommendation,ssp126,2098,ch4,-0.1269648530775926
recommendation,ssp126,2099,ch4,-0.12825038047420334
recommendation,ssp126,2100,ch4,-0.12949863776784332
recommendation,ssp245,2019,ch4,0.0
recommendation,ssp245,2020,ch4,0.0017660168004393073
recommendation,ssp245,2021,ch4,0.00508403173028793
recommendation,ssp245,2022,ch4,0.008130089683077824
recommendation,ssp245,2023,ch4,0.010949245467872348
recommendation,ssp245,2024,ch4,0.0135819549223119
recommendation,ssp245,2025,ch4,0.016059781310532095
recommendation,ssp245,2026,ch4,0.018407632145610087
recommendation,ssp245,2027,ch4,0.020645434691501596
recommendation,ssp245,2028,ch4,0.022788965068543443
recommendation,ssp245,2029,ch4,0.024850472911038424
recommendation,ssp245,2030,ch4,0.02684080568631092
recommendation,ssp245,2031,ch4,0.028768105500099284
recommendation,ssp245,2032,ch4,0.03063931628430877
recommendation,ssp245,2033,ch4,0.03244429685345529
recommendation,ssp245,2034,ch4,0.03416225692352537
recommendation,ssp245,2035,ch4,0.03577981148143039
recommendation,ssp245,2036,ch4,0.0372894794313649
recommendation,ssp245,2037,ch4,0.038688535730432516
recommendation,ssp245,2038,ch4,0.03997659472993875
recommendation,ssp245,2039,ch4,0.041155797694492235
recommendation,ssp245,2040,ch4,0.0422289324027752
recommendation,ssp245,2041,ch4,0.04320008592783081
recommendation,ssp245,2042,ch4,0.04407428065849894
recommendation,ssp245,2043,ch4,0.044848039019025676
recommendation,ssp245,2044,ch4,0.04551190169585423
recommendation,ssp245,2045,ch4,0.046061504377235496
recommendation,ssp245,2046,ch4,0.0464958940400233
recommendation,ssp245,2047,ch4,0.0468158296780562
recommendation,ssp245,2048,ch4,0.047024168559065216
recommendation,ssp245,2049,ch4,0.04712450512888444
recommendation,ssp245,2050,ch4,0.047121402447221516
recommendation,ssp245,2051,ch4,0.04701974185583219
recommendation,ssp245,2052,ch4,0.04682423572362637
recommendation,ssp245,2053,ch4,0.04653706290021464
recommendation,ssp245,2054,ch4,0.046158480748429154
recommendation,ssp245,2055,ch4,0.04569012650528026
recommendation,ssp245,2056,ch4,0.04513467528108811
recommendation,ssp245,2057,ch4,0.04449517460470925
recommendation,ssp245,2058,ch4,0.043775370246859735
recommendation,ssp245,2059,ch4,0.04297872276609771
recommendation,ssp245,2060,ch4,0.04210929692348664
recommendation,ssp245,2061,ch4,0.04117080601080769
recommendation,ssp245,2062,ch4,0.040166714891451405
recommendation,ssp245,2063,ch4,0.039112371922234546
recommendation,ssp245,2064,ch4,0.03803051881956837
recommendation,ssp245,2065,ch4,0.036937018095316465
recommendation,ssp245,2066,ch4,0.03584383114560302
recommendation,ssp245,2067,ch4,0.03475874497436032
recommendation,ssp245,2068,ch4,0.03368724973984427
recommendation,ssp245,2069,ch4,0.03263269216446152
recommendation,ssp245,2070,ch4,0.031598085738005044
recommendation,ssp245,2071,ch4,0.03058406538723135
recommendation,ssp245,2072,ch4,0.02959118079029932
recommendation,ssp245,2073,ch4,0.028616511119870847
recommendation,ssp245,2074,ch4,0.027654496386198102
recommendation,ssp245,2075,ch4,0.026700994191060312
recommendation,ssp245,2076,ch4,0.025752910178809763
recommendation,ssp245,2077,ch4,0.024807946634523625
recommendation,ssp245,2078,ch4,0.023864810029281203
recommendation,ssp245,2079,ch4,0.02292255236393631
recommendation,ssp245,2080,ch4,0.021980464415460865
recommendation,ssp245,2081,ch4,0.021038035427277113
recommendation,ssp245,2082,ch4,0.02009531905914158
recommendation,ssp245,2083,ch4,0.01915980283049379
recommendation,ssp245,2084,ch4,0.018244615218695137
recommendation,ssp245,2085,ch4,0.017358824580489762
recommendation,ssp245,2086,ch4,0.016508021006777673
recommendation,ssp245,2087,ch4,0.01569562118884671
recommendation,ssp245,2088,ch4,0.014923841098506918
recommendation,ssp245,2089,ch4,0.0141926781733972
recommendation,ssp245,2090,ch4,0.01350265380740856
recommendation,ssp245,2091,ch4,0.012852470557863094
recommendation,ssp245,2092,ch4,0.01224078378108423
recommendation,ssp245,2093,ch4,0.011667109847221302
recommendation,ssp245,2094,ch4,0.011130265907704273
recommendation,ssp245,2095,ch4,0.010629422117442278
recommendation,ssp245,2096,ch4,0.01016267980526403
recommendation,ssp245,2097,ch4,0.00972867186807913
recommendation,ssp245,2098,ch4,0.009325532466239017
recommendation,ssp245,2099,ch4,0.00895190458947126
recommendation,ssp245,2100,ch4,0.008605923947457794
recommendation,ssp434,2019,ch4,0.0
recommendation,ssp434,2020,ch4,0.0017660168004393073
recommendation,ssp434,2021,ch4,0.006039531954272259
recommendation,ssp434,2022,ch4,0.010298320832487273
recommendation,ssp434,2023,ch4,0.014517404863594818
recommendation,ssp434,2024,ch4,0.01859396613318498
recommendation,ssp434,2025,ch4,0.022461484966274536
recommendation,ssp434,2026,ch4,0.026078120692567652
recommendation,ssp434,2027,ch4,0.029420510584200865
recommendation,ssp434,2028,ch4,0.032478413693735386
recommendation,ssp434,2029,ch4,0.03524957140187346
recommendation,ssp434,2030,ch4,0.03773909963284844
recommendation,ssp434,2031,ch4,0.03995507019930772
recommendation,ssp434,2032,ch4,0.041908473413843794
recommendation,ssp434,2033,ch4,0.04365163343044093
recommendation,ssp434,2034,ch4,0.045265246379780744
recommendation,ssp434,2035,ch4,0.0468071304410127
recommendation,ssp434,2036,ch4,0.048319233422302266
recommendation,ssp434,2037,ch4,0.04983123061425698
recommendation,ssp434,2038,ch4,0.05136402041584659
recommendation,ssp434,2039,ch4,0.052931560735201166
recommendation,ssp434,2040,ch4,0.054543405770761944
recommendation,ssp434,2041,ch4,0.056204667502073646
recommendation,ssp434,2042,ch4,0.05791866765882747
recommendation,ssp434,2043,ch4,0.059676552846421926
recommendation,ssp434,2044,ch4,0.06146082607825598
recommendation,ssp434,2045,ch4,0.06325922784905424
recommendation,ssp434,2046,ch4,0.06506340374505781
recommendation,ssp434,2047,ch4,0.06686714332473453
recommendation,ssp434,2048,ch4,0.06866659127018998
recommendation,ssp434,2049,ch4,0.07045888818937934
recommendation,ssp434,2050,ch4,0.07224229738903493
recommendation,ssp434,2051,ch4,0.0740159227291271
recommendation,ssp434,2052,ch4,0.07577947744556723
recommendation,ssp434,2053,ch4,0.07752935641053199
recommendation,ssp434,2054,ch4,0.07925985021653648
recommendation,ssp434,2055,ch4,0.08096711971260023
recommendation,ssp434,2056,ch4,0.08264869651913342
recommendation,ssp434,2057,ch4,0.08430427702376131
recommendation,ssp434,2058,ch4,0.08593328222160662
recommendation,ssp434,2059,ch4,0.08753605475683746
recommendation,ssp434,2060,ch4,0.0891136210953265
recommendation,ssp434,2061,ch4,0.09066675472258978
recommendation,ssp434,2062,ch4,0.09219717037305358
recommendation,ssp434,2063,ch4,0.09370318596104382
recommendation,ssp434,2064,ch4,0.09518207172927068
recommendation,ssp434,2065,ch4,0.09663255942248339
recommendation,ssp434,2066,ch4,0.09805371654425604
recommendation,ssp434,2067,ch4,0.0994459726084157
recommendation,ssp434,2068,ch4,0.10081003361459079
recommendation,ssp434,2069,ch4,0.10214679872344601
recommendation,ssp434,2070,ch4,0.10345769899378443
recommendation,ssp434,2071,ch4,0.10474417504140782
recommendation,ssp434,2072,ch4,0.10600767091121055
recommendation,ssp434,2073,ch4,0.10724340884611172
recommendation,ssp434,2074,ch4,0.10844270489448116
recommendation,ssp434,2075,ch4,0.10960055574579713
recommendation,ssp434,2076,ch4,0.11071358932586406
recommendation,ssp434,2077,ch4,0.11178075473231447
recommendation,ssp434,2078,ch4,0.11280200168028504
recommendation,ssp434,2079,ch4,0.11377839386443095
recommendation,ssp434,2080,ch4,0.1147110670150327
recommendation,ssp434,2081,ch4,0.11560197456402871
recommendation,ssp434,2082,ch4,0.11645292345263447
recommendation,ssp434,2083,ch4,0.11725870850572401
recommendation,ssp434,2084,ch4,0.11800888786691172
recommendation,ssp434,2085,ch4,0.11869671202930754
recommendation,ssp434,2086,ch4,0.11931928758671584
recommendation,ssp434,2087,ch4,0.11987477097890054
recommendation,ssp434,2088,ch4,0.12036390538353808
recommendation,ssp434,2089,ch4,0.12078794676406912
recommendation,ssp434,2090,ch4,0.12114884942329002
recommendation,ssp434,2091,ch4,0.12144949523278648
recommendation,ssp434,2092,ch4,0.12169234111570526
recommendation,ssp434,2093,ch4,0.12188139152596078
recommendation,ssp434,2094,ch4,0.12202142532433458
recommendation,ssp434,2095,ch4,0.12211671953209863
recommendation,ssp434,2096,ch4,0.12217078454033747
recommendation,ssp434,2097,ch4,0.12218694719927697
recommendation,ssp434,2098,ch4,0.12216802907117452
recommendation,ssp434,2099,ch4,0.12211720275063609
recommendation,ssp434,2100,ch4,0.12203644988626416
recommendation,ssp370-lowNTCF-gidden,2019,ch4,0.0
recommendation,ssp370-lowNTCF-gidden,2020,ch4,0.0017660168004393073
recommendation,ssp370-lowNTCF-gidden,2021,ch4,0.005334546037670973
recommendation,ssp370-lowNTCF-gidden,2022,ch4,0.008697821743054335
recommendation,ssp370-lowNTCF-gidden,2023,ch4,0.011776367888182593
recommendation,ssp370-lowNTCF-gidden,2024,ch4,0.014396022803925212
recommendation,ssp370-lowNTCF-gidden,2025,ch4,0.016445099788032713
recommendation,ssp370-lowNTCF-gidden,2026,ch4,0.017854500419548225
recommendation,ssp370-lowNTCF-gidden,2027,ch4,0.01858682100916309
recommendation,ssp370-lowNTCF-gidden,2028,ch4,0.018625526764176503
recommendation,ssp370-lowNTCF-gidden,2029,ch4,0.017967843280740692
recommendation,ssp370-lowNTCF-gidden,2030,ch4,0.016620387931080782
recommendation,ssp370-lowNTCF-gidden,2031,ch4,0.014596430505494584
recommendation,ssp370-lowNTCF-gidden,2032,ch4,0.011911375839620153
recommendation,ssp370-lowNTCF-gidden,2033,ch4,0.008662606294257857
recommendation,ssp370-lowNTCF-gidden,2034,ch4,0.00500523534225189
recommendation,ssp370-lowNTCF-gidden,2035,ch4,0.0010539439823527008
recommendation,ssp370-lowNTCF-gidden,2036,ch4,-0.003106853369128193
recommendation,ssp370-lowNTCF-gidden,2037,ch4,-0.007414964356755482
recommendation,ssp370-lowNTCF-gidden,2038,ch4,-0.011825287534988072
recommendation,ssp370-lowNTCF-gidden,2039,ch4,-0.016304628267109544
recommendation,ssp370-lowNTCF-gidden,2040,ch4,-0.02082916992838163
recommendation,ssp370-lowNTCF-gidden,2041,ch4,-0.02538216727582554
recommendation,ssp370-lowNTCF-gidden,2042,ch4,-0.02995170215757098
recommendation,ssp370-lowNTCF-gidden,2043,ch4,-0.034497722326751495
recommendation,ssp370-lowNTCF-gidden,2044,ch4,-0.0389588838657928
recommendation,ssp370-lowNTCF-gidden,2045,ch4,-0.04329405139782927
recommendation,ssp370-lowNTCF-gidden,2046,ch4,-0.04747552265894142
recommendation,ssp370-lowNTCF-gidden,2047,ch4,-0.05148635126786591
recommendation,ssp370-lowNTCF-gidden,2048,ch4,-0.05531734769870922
recommendation,ssp370-lowNTCF-gidden,2049,ch4,-0.05896482019318028
recommendation,ssp370-lowNTCF-gidden,2050,ch4,-0.06242935749663048
recommendation,ssp370-lowNTCF-gidden,2051,ch4,-0.06571389163874469
recommendation,ssp370-lowNTCF-gidden,2052,ch4,-0.06882426308011494
recommendation,ssp370-lowNTCF-gidden,2053,ch4,-0.07175931194726265
recommendation,ssp370-lowNTCF-gidden,2054,ch4,-0.07451415613812157
recommendation,ssp370-lowNTCF-gidden,2055,ch4,-0.07708788229581676
recommendation,ssp370-lowNTCF-gidden,2056,ch4,-0.0794826776369073
recommendation,ssp370-lowNTCF-gidden,2057,ch4,-0.0817031633147946
recommendation,ssp370-lowNTCF-gidden,2058,ch4,-0.08375535039631116
recommendation,ssp370-lowNTCF-gidden,2059,ch4,-0.08564585412081632
recommendation,ssp370-lowNTCF-gidden,2060,ch4,-0.08738287106897896
recommendation,ssp370-lowNTCF-gidden,2061,ch4,-0.08897372492485106
recommendation,ssp370-lowNTCF-gidden,2062,ch4,-0.09042674793020183
recommendation,ssp370-lowNTCF-gidden,2063,ch4,-0.09175804373865201
recommendation,ssp370-lowNTCF-gidden,2064,ch4,-0.0929896557720063
recommendation,ssp370-lowNTCF-gidden,2065,ch4,-0.09413849241981942
recommendation,ssp370-lowNTCF-gidden,2066,ch4,-0.09521817003500396
recommendation,ssp370-lowNTCF-gidden,2067,ch4,-0.09623932404498742
recommendation,ssp370-lowNTCF-gidden,2068,ch4,-0.09720983375396985
recommendation,ssp370-lowNTCF-gidden,2069,ch4,-0.0981360547538774
recommendation,ssp370-lowNTCF-gidden,2070,ch4,-0.09902375996872903
recommendation,ssp370-lowNTCF-gidden,2071,ch4,-0.0998777530979037
recommendation,ssp370-lowNTCF-gidden,2072,ch4,-0.1007010269034509
recommendation,ssp370-lowNTCF-gidden,2073,ch4,-0.10148320506852695
recommendation,ssp370-lowNTCF-gidden,2074,ch4,-0.10220381266178374
recommendation,ssp370-lowNTCF-gidden,2075,ch4,-0.10284955601251675
recommendation,ssp370-lowNTCF-gidden,2076,ch4,-0.10341197814128122
recommendation,ssp370-lowNTCF-gidden,2077,ch4,-0.10388847079752034
recommendation,ssp370-lowNTCF-gidden,2078,ch4,-0.10427753076132212
recommendation,ssp370-lowNTCF-gidden,2079,ch4,-0.10458014478221261
recommendation,ssp370-lowNTCF-gidden,2080,ch4,-0.10479918091839271
recommendation,ssp370-lowNTCF-gidden,2081,ch4,-0.10493782194636142
recommendation,ssp370-lowNTCF-gidden,2082,ch4,-0.1050000573581526
recommendation,ssp370-lowNTCF-gidden,2083,ch4,-0.10499651678573657
recommendation,ssp370-lowNTCF-gidden,2084,ch4,-0.10494169759338823
recommendation,ssp370-lowNTCF-gidden,2085,ch4,-0.10484642827888366
recommendation,ssp370-lowNTCF-gidden,2086,ch4,-0.1047193350227611
recommendation,ssp370-lowNTCF-gidden,2087,ch4,-0.10456686069037816
recommendation,ssp370-lowNTCF-gidden,2088,ch4,-0.10439381406061612
recommendation,ssp370-lowNTCF-gidden,2089,ch4,-0.10420432627116294
recommendation,ssp370-lowNTCF-gidden,2090,ch4,-0.10400148747121796
recommendation,ssp370-lowNTCF-gidden,2091,ch4,-0.10378705252663512
recommendation,ssp370-lowNTCF-gidden,2092,ch4,-0.10356287919205925
recommendation,ssp370-lowNTCF-gidden,2093,ch4,-0.10332598675151614
recommendation,ssp370-lowNTCF-gidden,2094,ch4,-0.10307032418319917
recommendation,ssp370-lowNTCF-gidden,2095,ch4,-0.1027908245656432
recommendation,ssp370-lowNTCF-gidden,2096,ch4,-0.10248587687017999
recommendation,ssp370-lowNTCF-gidden,2097,ch4,-0.10215428044173705
recommendation,ssp370-lowNTCF-gidden,2098,ch4,-0.10179622291765522
recommendation,ssp370-lowNTCF-gidden,2099,ch4,-0.10141184969851952
recommendation,ssp370-lowNTCF-gidden,2100,ch4,-0.10100181248965026
