scenario,year,p95-p50,p05-p50,base_period,variable
ssp119,2020,0.0,0.0,2020,HFCs
ssp119,2021,0.000340036288535219,-0.0002686646263186788,2020,HFCs
ssp119,2022,0.0007036008710411017,-0.0005553701904867965,2020,HFCs
ssp119,2023,0.0010850535928668824,-0.0008477103275193438,2020,HFCs
ssp119,2024,0.001474757364597064,-0.0011587154258401683,2020,HFCs
ssp119,2025,0.001841958812588471,-0.0014591180720104377,2020,HFCs
ssp119,2026,0.0022102459216299304,-0.001771759501005148,2020,HFCs
ssp119,2027,0.0025923752834485078,-0.0020517128185877182,2020,HFCs
ssp119,2028,0.0029190342826968256,-0.002279239630563606,2020,HFCs
ssp119,2029,0.0032643623874929716,-0.002465973635551716,2020,HFCs
ssp119,2030,0.003550707226432548,-0.0026302449155954735,2020,HFCs
ssp119,2031,0.0037862642575983404,-0.0027493730507779147,2020,HFCs
ssp119,2032,0.003998764972493636,-0.002828795624516634,2020,HFCs
ssp119,2033,0.0041063435246858826,-0.002874602339673357,2020,HFCs
ssp119,2034,0.004208803815155123,-0.0028939287477830933,2020,HFCs
ssp119,2035,0.004250733884788935,-0.002887309942722668,2020,HFCs
ssp119,2036,0.004243113789432791,-0.002857308222918065,2020,HFCs
ssp119,2037,0.004205488755704205,-0.002815079723307186,2020,HFCs
ssp119,2038,0.004179870118417164,-0.002741300829368158,2020,HFCs
ssp119,2039,0.004154374590982939,-0.002669886199419703,2020,HFCs
ssp119,2040,0.004090831890763761,-0.002583898414941807,2020,HFCs
ssp119,2041,0.004024952054108016,-0.002493651611185064,2020,HFCs
ssp119,2042,0.003939888786268826,-0.002375914939033283,2020,HFCs
ssp119,2043,0.003825196553212984,-0.0022672495026146715,2020,HFCs
ssp119,2044,0.0036854609997082908,-0.0021955135995473936,2020,HFCs
ssp119,2045,0.003569134409585794,-0.002071936646345215,2020,HFCs
ssp119,2046,0.003483628241925236,-0.0019590571940047794,2020,HFCs
ssp119,2047,0.0033994372468925307,-0.0018574942695103517,2020,HFCs
ssp119,2048,0.003277628947894106,-0.0017705488829936234,2020,HFCs
ssp119,2049,0.003214749738997864,-0.0016844694138366217,2020,HFCs
ssp119,2050,0.003143877084554525,-0.001606742942876062,2020,HFCs
ssp119,2051,0.0030141522479791147,-0.0015522939059663093,2020,HFCs
ssp119,2052,0.0029403783121265364,-0.0014836667573095365,2020,HFCs
ssp119,2053,0.002884722211299823,-0.0014278756258622228,2020,HFCs
ssp119,2054,0.002829693296006716,-0.0013821788322189777,2020,HFCs
ssp119,2055,0.0027934329500402875,-0.001314768355397781,2020,HFCs
ssp119,2056,0.002728144924274253,-0.0012774354302337242,2020,HFCs
ssp119,2057,0.0026495810889158432,-0.001252245736123997,2020,HFCs
ssp119,2058,0.0026068152912213836,-0.0012099966949886052,2020,HFCs
ssp119,2059,0.0025710374082747013,-0.0011871730178047305,2020,HFCs
ssp119,2060,0.0025238108006647,-0.0011673343142103328,2020,HFCs
ssp119,2061,0.0025161204718971895,-0.0011414442100154223,2020,HFCs
ssp119,2062,0.0024756185265927197,-0.0011186204100055565,2020,HFCs
ssp119,2063,0.0024038297851584987,-0.0011061377551526163,2020,HFCs
ssp119,2064,0.0023309902705778525,-0.0010957824169712145,2020,HFCs
ssp119,2065,0.002301491233784877,-0.0010849929984813821,2020,HFCs
ssp119,2066,0.0023037116183098213,-0.0010777903019787056,2020,HFCs
ssp119,2067,0.002297213195998922,-0.0010805148140650867,2020,HFCs
ssp119,2068,0.002220098541441782,-0.0010774006064923005,2020,HFCs
ssp119,2069,0.0022146303707120305,-0.0010850949247143999,2020,HFCs
ssp119,2070,0.0021996742462335405,-0.0011016304456647104,2020,HFCs
ssp119,2071,0.002186484817527759,-0.0011050619752083653,2020,HFCs
ssp119,2072,0.0021854378637784122,-0.0011066402518180758,2020,HFCs
ssp119,2073,0.0021838427975660445,-0.0011130354767312166,2020,HFCs
ssp119,2074,0.002163073734450505,-0.0011191607284228259,2020,HFCs
ssp119,2075,0.0021761253622289436,-0.0011384392482561472,2020,HFCs
ssp119,2076,0.0021743965846189217,-0.0011582217125369984,2020,HFCs
ssp119,2077,0.002200060609665245,-0.0011631161872417703,2020,HFCs
ssp119,2078,0.0022185930784456207,-0.001168049147542141,2020,HFCs
ssp119,2079,0.002217092181017343,-0.0011805303395163319,2020,HFCs
ssp119,2080,0.0022307063169115966,-0.0011804879689175432,2020,HFCs
ssp119,2081,0.002254276043499509,-0.001186985460218098,2020,HFCs
ssp119,2082,0.0022501921367690412,-0.0011939573074695935,2020,HFCs
ssp119,2083,0.0022472643928223204,-0.001195964872475702,2020,HFCs
ssp119,2084,0.002244820005839801,-0.0012109744809322843,2020,HFCs
ssp119,2085,0.002246131793179572,-0.0012336954094760433,2020,HFCs
ssp119,2086,0.0022649704093246435,-0.0012456470727718351,2020,HFCs
ssp119,2087,0.0022868704253419915,-0.0012640047171074119,2020,HFCs
ssp119,2088,0.0023087985302192027,-0.0012749547669236778,2020,HFCs
ssp119,2089,0.0023280365718544274,-0.0012795090538130854,2020,HFCs
ssp119,2090,0.002348737328805659,-0.0012904224444158998,2020,HFCs
ssp119,2091,0.0023690756612283256,-0.0012935709535887223,2020,HFCs
ssp119,2092,0.002383183085733698,-0.0012999719342765231,2020,HFCs
ssp119,2093,0.00239021338928668,-0.0013134972054946624,2020,HFCs
ssp119,2094,0.00240020768798177,-0.0013192174194082624,2020,HFCs
ssp119,2095,0.0024157160577874697,-0.001324660020473579,2020,HFCs
ssp119,2096,0.0024260305267770365,-0.001329896574723121,2020,HFCs
ssp119,2097,0.0024402627258749594,-0.0013394887668845231,2020,HFCs
ssp119,2098,0.0024424247903629477,-0.0013520199301911787,2020,HFCs
ssp119,2099,0.0024542112216489197,-0.0013636103270364798,2020,HFCs
ssp119,2100,0.0024677487563595224,-0.001372461273103574,2020,HFCs
ssp126,2020,0.0,0.0,2020,HFCs
ssp126,2021,0.00033806696285575133,-0.00026620763626111586,2020,HFCs
ssp126,2022,0.0006965438742173528,-0.000549434875688078,2020,HFCs
ssp126,2023,0.0010801349709899436,-0.0008452070536178274,2020,HFCs
ssp126,2024,0.0014862022190848473,-0.001160128538950413,2020,HFCs
ssp126,2025,0.0018889026670794293,-0.0014848439945285227,2020,HFCs
ssp126,2026,0.0022898318178766583,-0.0018059723194690646,2020,HFCs
ssp126,2027,0.002696188524008562,-0.002127726993813162,2020,HFCs
ssp126,2028,0.0031048534188463602,-0.002450269847205993,2020,HFCs
ssp126,2029,0.0035187557044337207,-0.0027576189384348705,2020,HFCs
ssp126,2030,0.0039581356576565896,-0.003058879619513644,2020,HFCs
ssp126,2031,0.004351971972477209,-0.003346901708037499,2020,HFCs
ssp126,2032,0.004783946522649828,-0.003625133924913765,2020,HFCs
ssp126,2033,0.005150286411101154,-0.003905158931779857,2020,HFCs
ssp126,2034,0.0054926345693679535,-0.0041417543175264505,2020,HFCs
ssp126,2035,0.005873153810960397,-0.004362755857861311,2020,HFCs
ssp126,2036,0.00618182135970758,-0.004554167641913203,2020,HFCs
ssp126,2037,0.006480381558388475,-0.004726382760620381,2020,HFCs
ssp126,2038,0.006637348281265566,-0.0048410896550451195,2020,HFCs
ssp126,2039,0.006818330817067079,-0.004915881708956383,2020,HFCs
ssp126,2040,0.006978356052307759,-0.004990349869557934,2020,HFCs
ssp126,2041,0.007067045105155575,-0.0049925704329854695,2020,HFCs
ssp126,2042,0.0070655678962735224,-0.004944030131600731,2020,HFCs
ssp126,2043,0.007130404084825822,-0.004890777151997891,2020,HFCs
ssp126,2044,0.00716269816303327,-0.0048027281751434866,2020,HFCs
ssp126,2045,0.0070979534038240815,-0.004723383484010454,2020,HFCs
ssp126,2046,0.00701775536746318,-0.00462197961193768,2020,HFCs
ssp126,2047,0.006882326561757665,-0.004498766300442866,2020,HFCs
ssp126,2048,0.006744033230394525,-0.004367202513655093,2020,HFCs
ssp126,2049,0.006627246768841318,-0.004184621149849788,2020,HFCs
ssp126,2050,0.006426585171079259,-0.004075627490924398,2020,HFCs
ssp126,2051,0.0062680169181749575,-0.003944719851939486,2020,HFCs
ssp126,2052,0.006092883550090923,-0.003822411439997808,2020,HFCs
ssp126,2053,0.005930578501709907,-0.003701820355667674,2020,HFCs
ssp126,2054,0.005800986902713335,-0.0035499166688738423,2020,HFCs
ssp126,2055,0.005653102284320443,-0.0033800198026574173,2020,HFCs
ssp126,2056,0.005544279486257253,-0.003228929761582806,2020,HFCs
ssp126,2057,0.005353854206322973,-0.0030710794650639505,2020,HFCs
ssp126,2058,0.005287348057685957,-0.0029219331895569234,2020,HFCs
ssp126,2059,0.005118899144088025,-0.002792342552238052,2020,HFCs
ssp126,2060,0.005031043901526729,-0.0026946897103663986,2020,HFCs
ssp126,2061,0.004917634219053668,-0.0025879778576232155,2020,HFCs
ssp126,2062,0.00480832228696134,-0.0024973512941820117,2020,HFCs
ssp126,2063,0.004692040903606487,-0.0023875854241113994,2020,HFCs
ssp126,2064,0.00458158524905547,-0.0023093306713972378,2020,HFCs
ssp126,2065,0.004470794068342725,-0.0022168861498722205,2020,HFCs
ssp126,2066,0.004437826778209854,-0.002132332906062318,2020,HFCs
ssp126,2067,0.004345134465369198,-0.0020594997335049805,2020,HFCs
ssp126,2068,0.004296910898107505,-0.0019961012846078444,2020,HFCs
ssp126,2069,0.004191513428065324,-0.0019560228276109663,2020,HFCs
ssp126,2070,0.004125762130113985,-0.0019061290543449672,2020,HFCs
ssp126,2071,0.004083166127357718,-0.001836579685980582,2020,HFCs
ssp126,2072,0.003995752827701113,-0.0017903350155615125,2020,HFCs
ssp126,2073,0.003903300709780239,-0.0017561923071675038,2020,HFCs
ssp126,2074,0.0038449290507870672,-0.0017342049695598947,2020,HFCs
ssp126,2075,0.0038538866709443512,-0.00172244787258688,2020,HFCs
ssp126,2076,0.0038320408258396897,-0.001688388372462011,2020,HFCs
ssp126,2077,0.0037635112852955847,-0.0016627528244129448,2020,HFCs
ssp126,2078,0.003712203885756035,-0.0016310881803484481,2020,HFCs
ssp126,2079,0.003659467258760473,-0.0016239068864754979,2020,HFCs
ssp126,2080,0.003590291157319944,-0.0015983020284770016,2020,HFCs
ssp126,2081,0.0036015399240484696,-0.0015891469826754955,2020,HFCs
ssp126,2082,0.0036254101105456012,-0.0015719128142250862,2020,HFCs
ssp126,2083,0.003544382777185466,-0.0015639537229560512,2020,HFCs
ssp126,2084,0.003528219269085119,-0.0015501987959708659,2020,HFCs
ssp126,2085,0.0035206465026364543,-0.00155047421681702,2020,HFCs
ssp126,2086,0.0034915811051824865,-0.0015379809781498285,2020,HFCs
ssp126,2087,0.0034748599738996357,-0.0015455424722695232,2020,HFCs
ssp126,2088,0.0034842903687209693,-0.001535227218103486,2020,HFCs
ssp126,2089,0.003493821591416668,-0.001536272460572164,2020,HFCs
ssp126,2090,0.00348342388489968,-0.0015422292651685674,2020,HFCs
ssp126,2091,0.0035120752317939663,-0.0015434726975786487,2020,HFCs
ssp126,2092,0.0034841557554468852,-0.001542335185079258,2020,HFCs
ssp126,2093,0.003484500867429503,-0.001552758427941108,2020,HFCs
ssp126,2094,0.003499481951670938,-0.0015606973929731523,2020,HFCs
ssp126,2095,0.003501567575006005,-0.0015834592136463907,2020,HFCs
ssp126,2096,0.0035195855939612543,-0.001582554708216892,2020,HFCs
ssp126,2097,0.003540514960850121,-0.0015950393877082972,2020,HFCs
ssp126,2098,0.0035602778112036764,-0.0015990671152376203,2020,HFCs
ssp126,2099,0.0035820168028473606,-0.001602671362537057,2020,HFCs
ssp126,2100,0.0035860555981289924,-0.001610806838161341,2020,HFCs
ssp245,2020,0.0,0.0,2020,HFCs
ssp245,2021,0.00035154792196159633,-0.0002783371694564867,2020,HFCs
ssp245,2022,0.0007338704234315244,-0.0005829517907100087,2020,HFCs
ssp245,2023,0.001145198628167162,-0.0009148314421178403,2020,HFCs
ssp245,2024,0.0015870663839843686,-0.0012548120188722773,2020,HFCs
ssp245,2025,0.002049164746773157,-0.0016093067048067915,2020,HFCs
ssp245,2026,0.0025073437243468832,-0.0019702622890365082,2020,HFCs
ssp245,2027,0.0030089871947330117,-0.0023612277846058946,2020,HFCs
ssp245,2028,0.00350800745353122,-0.0027522457237088974,2020,HFCs
ssp245,2029,0.003969914821409446,-0.0031367441678254696,2020,HFCs
ssp245,2030,0.0044883541074894895,-0.0035192940366313083,2020,HFCs
ssp245,2031,0.004958739055845142,-0.003931588365158645,2020,HFCs
ssp245,2032,0.005476489374486445,-0.004323661646933878,2020,HFCs
ssp245,2033,0.0059795419042927775,-0.004686387953385479,2020,HFCs
ssp245,2034,0.006466374673963225,-0.005069028152737917,2020,HFCs
ssp245,2035,0.007002997731331223,-0.005434892169894073,2020,HFCs
ssp245,2036,0.0075073688114617645,-0.005789480393763592,2020,HFCs
ssp245,2037,0.008031550937688708,-0.006119571439950249,2020,HFCs
ssp245,2038,0.00854994079439172,-0.00644101225078062,2020,HFCs
ssp245,2039,0.009039585833407882,-0.00676719409681719,2020,HFCs
ssp245,2040,0.009488079892858712,-0.007080833859713302,2020,HFCs
ssp245,2041,0.009894698006905638,-0.007384037067053418,2020,HFCs
ssp245,2042,0.010318010394009225,-0.007678649422962241,2020,HFCs
ssp245,2043,0.010777959324837596,-0.007939914872079441,2020,HFCs
ssp245,2044,0.011198199655728321,-0.008197185136132235,2020,HFCs
ssp245,2045,0.01158797264148603,-0.008425504689273099,2020,HFCs
ssp245,2046,0.012031075990790622,-0.008653700025304465,2020,HFCs
ssp245,2047,0.012395538127061024,-0.008898434542072963,2020,HFCs
ssp245,2048,0.012726390498161547,-0.009107124587560645,2020,HFCs
ssp245,2049,0.013031681976184295,-0.00931112544172994,2020,HFCs
ssp245,2050,0.013336748863960253,-0.009489795805398113,2020,HFCs
ssp245,2051,0.013591551907663755,-0.00968223184233239,2020,HFCs
ssp245,2052,0.013822389020278918,-0.009850504774351348,2020,HFCs
ssp245,2053,0.014029391414295652,-0.010006660912814169,2020,HFCs
ssp245,2054,0.014263024691450582,-0.010152262657066041,2020,HFCs
ssp245,2055,0.014519060475586933,-0.010289512398758133,2020,HFCs
ssp245,2056,0.014697132764759369,-0.010420257996444667,2020,HFCs
ssp245,2057,0.014877528808327751,-0.010533404109242259,2020,HFCs
ssp245,2058,0.015030128654530697,-0.010672886886113309,2020,HFCs
ssp245,2059,0.015296571143132303,-0.010772589231139483,2020,HFCs
ssp245,2060,0.015565139932414146,-0.010911254931645962,2020,HFCs
ssp245,2061,0.015831680105127605,-0.011004231312115559,2020,HFCs
ssp245,2062,0.015969687570217456,-0.011091488749025916,2020,HFCs
ssp245,2063,0.01614155633609196,-0.011188527223038456,2020,HFCs
ssp245,2064,0.016360948191618607,-0.011313094150391235,2020,HFCs
ssp245,2065,0.016592558589325037,-0.011432148165165091,2020,HFCs
ssp245,2066,0.01678399394013484,-0.011531540728242454,2020,HFCs
ssp245,2067,0.017063889850378343,-0.011630799590087995,2020,HFCs
ssp245,2068,0.0172814350793262,-0.011736683144825498,2020,HFCs
ssp245,2069,0.017449507445005476,-0.011859511058740706,2020,HFCs
ssp245,2070,0.017638184511044406,-0.011983706460347306,2020,HFCs
ssp245,2071,0.017810185059049556,-0.012100289065491503,2020,HFCs
ssp245,2072,0.01801708814252942,-0.012211372930779008,2020,HFCs
ssp245,2073,0.01818659551862527,-0.012311265595538794,2020,HFCs
ssp245,2074,0.0183100274031137,-0.012452712222248093,2020,HFCs
ssp245,2075,0.01849153154052627,-0.01254705188995027,2020,HFCs
ssp245,2076,0.018659156134914454,-0.01265247643747537,2020,HFCs
ssp245,2077,0.018781581230443843,-0.012809941932323725,2020,HFCs
ssp245,2078,0.01895616015714905,-0.012942468067993386,2020,HFCs
ssp245,2079,0.019143932514160633,-0.013027583179121423,2020,HFCs
ssp245,2080,0.019355827053007195,-0.013130954893200233,2020,HFCs
ssp245,2081,0.0194734802275759,-0.013234631203678477,2020,HFCs
ssp245,2082,0.019675274140680578,-0.013360746098952188,2020,HFCs
ssp245,2083,0.019846044062105984,-0.013426632588408057,2020,HFCs
ssp245,2084,0.019991443955240724,-0.013539351054438297,2020,HFCs
ssp245,2085,0.020130242688760323,-0.013655458676188538,2020,HFCs
ssp245,2086,0.020246664808194627,-0.0137756642559371,2020,HFCs
ssp245,2087,0.020487976633036732,-0.013831861091929082,2020,HFCs
ssp245,2088,0.020616244700920976,-0.013936765277550382,2020,HFCs
ssp245,2089,0.02078903084040915,-0.014030825218896653,2020,HFCs
ssp245,2090,0.020902747749599115,-0.014141898416968206,2020,HFCs
ssp245,2091,0.021013403370792206,-0.014219292120802331,2020,HFCs
ssp245,2092,0.021122871851795604,-0.01431498568044006,2020,HFCs
ssp245,2093,0.02135949307594618,-0.01438279126743367,2020,HFCs
ssp245,2094,0.021658100147871853,-0.014480767445993964,2020,HFCs
ssp245,2095,0.02195759328427216,-0.014553112889456501,2020,HFCs
ssp245,2096,0.022244649104512196,-0.014626420798686193,2020,HFCs
ssp245,2097,0.022454165605124983,-0.01469325242698429,2020,HFCs
ssp245,2098,0.022622251338653056,-0.014746014418620836,2020,HFCs
ssp245,2099,0.022793370097452113,-0.014831347738886946,2020,HFCs
ssp245,2100,0.022989846725120156,-0.014906462989904026,2020,HFCs
ssp334,2020,0.0,0.0,2020,HFCs
ssp334,2021,0.00034003628830002567,-0.0002686646274786279,2020,HFCs
ssp334,2022,0.0007036008722962108,-0.0005553701897877164,2020,HFCs
ssp334,2023,0.0010850535945040336,-0.0008477103269610275,2020,HFCs
ssp334,2024,0.0014747573639187475,-0.0011587154407536097,2020,HFCs
ssp334,2025,0.001841958815684086,-0.0014591180727510516,2020,HFCs
ssp334,2026,0.002210245925308985,-0.0017717595036586492,2020,HFCs
ssp334,2027,0.0025923752830449343,-0.0020517128199098625,2020,HFCs
ssp334,2028,0.002919034284112795,-0.0022792396306119777,2020,HFCs
ssp334,2029,0.0032643623861770355,-0.002465973637530905,2020,HFCs
ssp334,2030,0.0035507072415031896,-0.0026302449158519528,2020,HFCs
ssp334,2031,0.003786264264735135,-0.0027493730487573352,2020,HFCs
ssp334,2032,0.003998764976333885,-0.002828795624163597,2020,HFCs
ssp334,2033,0.004106343522521467,-0.0028746023408839174,2020,HFCs
ssp334,2034,0.004208803812980581,-0.0028939287461842165,2020,HFCs
ssp334,2035,0.00425073388502362,-0.00288730994106585,2020,HFCs
ssp334,2036,0.004243113834672485,-0.0028573081824100942,2020,HFCs
ssp334,2037,0.004205488757535134,-0.002815079722917645,2020,HFCs
ssp334,2038,0.004179870116205244,-0.002741300829476797,2020,HFCs
ssp334,2039,0.004154374595112649,-0.0026698861958541994,2020,HFCs
ssp334,2040,0.004090831889231669,-0.0025838984116201102,2020,HFCs
ssp334,2041,0.004024952057394558,-0.002493651607630603,2020,HFCs
ssp334,2042,0.003939888785032214,-0.002375914938955994,2020,HFCs
ssp334,2043,0.003825196551768054,-0.0022672495048539705,2020,HFCs
ssp334,2044,0.003685460990654633,-0.0021955136020379807,2020,HFCs
ssp334,2045,0.003569134404687892,-0.002071936649628059,2020,HFCs
ssp334,2046,0.00348362824076975,-0.001959057195525647,2020,HFCs
ssp334,2047,0.0033994372394863174,-0.0018574942799165712,2020,HFCs
ssp334,2048,0.0032776289469236067,-0.0017705488874746084,2020,HFCs
ssp334,2049,0.003214749736699919,-0.0016844694114714859,2020,HFCs
ssp334,2050,0.0031438770860191543,-0.0016067429509470119,2020,HFCs
ssp334,2051,0.0030141522509734508,-0.0015522939016944124,2020,HFCs
ssp334,2052,0.0029403783154431373,-0.0014836667526927172,2020,HFCs
ssp334,2053,0.0028847222105640386,-0.0014278756138961922,2020,HFCs
ssp334,2054,0.002829693294071793,-0.001382178821947976,2020,HFCs
ssp334,2055,0.002793432931662986,-0.001314768355746456,2020,HFCs
ssp334,2056,0.0027281449289255828,-0.0012774354252757672,2020,HFCs
ssp334,2057,0.00264958108472914,-0.001252245736600973,2020,HFCs
ssp334,2058,0.002606815288241085,-0.0012099966979081825,2020,HFCs
ssp334,2059,0.0025710374076785814,-0.0011871730155479918,2020,HFCs
ssp334,2060,0.0025238107944120787,-0.001167334316249424,2020,HFCs
ssp334,2061,0.0025161204944329743,-0.0011414441996223223,2020,HFCs
ssp334,2062,0.0024756185254154036,-0.0011186204075084411,2020,HFCs
ssp334,2063,0.0024038297735443563,-0.00110613776542157,2020,HFCs
ssp334,2064,0.0023309902707312263,-0.0010957824198366227,2020,HFCs
ssp334,2065,0.0023014912394698013,-0.0010849929986393866,2020,HFCs
ssp334,2066,0.0023037116174925896,-0.0010777903037474856,2020,HFCs
ssp334,2067,0.002297213195972256,-0.0010805148112376156,2020,HFCs
ssp334,2068,0.0022200985443973724,-0.001077400607489873,2020,HFCs
ssp334,2069,0.0022146303605878786,-0.0010850949274627062,2020,HFCs
ssp334,2070,0.002199674234199849,-0.0011016304661538778,2020,HFCs
ssp334,2071,0.002186484804810222,-0.0011050619762792901,2020,HFCs
ssp334,2072,0.0021854378545792183,-0.00110664025127463,2020,HFCs
ssp334,2073,0.002183842775726024,-0.0011130354817960003,2020,HFCs
ssp334,2074,0.0021630736562462767,-0.0011191607340259862,2020,HFCs
ssp334,2075,0.0021761253496182385,-0.0011384392618656643,2020,HFCs
ssp334,2076,0.002174396593337275,-0.0011582217084861273,2020,HFCs
ssp334,2077,0.002200060603315984,-0.0011631161892157963,2020,HFCs
ssp334,2078,0.0022185930793749745,-0.0011680491435483232,2020,HFCs
ssp334,2079,0.0022170921771264814,-0.0011805303433895737,2020,HFCs
ssp334,2080,0.0022307063182560117,-0.001180487975592377,2020,HFCs
ssp334,2081,0.00225427604592527,-0.0011869854642089946,2020,HFCs
ssp334,2082,0.0022501921423220164,-0.0011939573088160114,2020,HFCs
ssp334,2083,0.0022472643982412686,-0.0011959648610911087,2020,HFCs
ssp334,2084,0.0022448200094761267,-0.0012109744812940765,2020,HFCs
ssp334,2085,0.0022461317911584393,-0.0012336954149543145,2020,HFCs
ssp334,2086,0.0022649703917647195,-0.0012456470865525651,2020,HFCs
ssp334,2087,0.002286870432255146,-0.0012640047207581329,2020,HFCs
ssp334,2088,0.0023087985412090267,-0.0012749547664504548,2020,HFCs
ssp334,2089,0.0023280365789732907,-0.0012795090540133004,2020,HFCs
ssp334,2090,0.0023487373362672944,-0.001290422447563965,2020,HFCs
ssp334,2091,0.002369075668222272,-0.001293570954043021,2020,HFCs
ssp334,2092,0.0023831830861087743,-0.0012999719344768854,2020,HFCs
ssp334,2093,0.0023902133826424064,-0.0013134971995959455,2020,HFCs
ssp334,2094,0.0024002076945261273,-0.0013192174126602214,2020,HFCs
ssp334,2095,0.002415716050322753,-0.0013246600266636945,2020,HFCs
ssp334,2096,0.0024260305255301507,-0.0013298965774720488,2020,HFCs
ssp334,2097,0.002440262756880282,-0.001339488778049521,2020,HFCs
ssp334,2098,0.002442424781501321,-0.001352019934477483,2020,HFCs
ssp334,2099,0.002454211222074538,-0.0013636103254151151,2020,HFCs
ssp334,2100,0.002467748753131159,-0.0013724612742667165,2020,HFCs
ssp370,2020,0.0,0.0,2020,HFCs
ssp370,2021,0.00033030247046048875,-0.0002556044984313861,2020,HFCs
ssp370,2022,0.0006826838682857497,-0.0005273312649839917,2020,HFCs
ssp370,2023,0.0010539032951967548,-0.0008181704432196769,2020,HFCs
ssp370,2024,0.0014357051574885107,-0.001122362053800352,2020,HFCs
ssp370,2025,0.001820752164577995,-0.0014344924098755245,2020,HFCs
ssp370,2026,0.0022344321494006275,-0.0017529099724917791,2020,HFCs
ssp370,2027,0.002645994496583947,-0.0020720509871357136,2020,HFCs
ssp370,2028,0.0030666864318745633,-0.002415848444402208,2020,HFCs
ssp370,2029,0.003502096800954545,-0.002761221397474374,2020,HFCs
ssp370,2030,0.003944637127470246,-0.003082917744318577,2020,HFCs
ssp370,2031,0.004386262841257411,-0.0034229505099092118,2020,HFCs
ssp370,2032,0.004837966917715356,-0.003763423271485452,2020,HFCs
ssp370,2033,0.005311827000357562,-0.004105008198112447,2020,HFCs
ssp370,2034,0.005762637449852762,-0.004445922751850972,2020,HFCs
ssp370,2035,0.006226657557454719,-0.004783354593244213,2020,HFCs
ssp370,2036,0.00670032254340909,-0.005127130519260568,2020,HFCs
ssp370,2037,0.007176661151243782,-0.0054681348292970515,2020,HFCs
ssp370,2038,0.007654939208915675,-0.005784845205401183,2020,HFCs
ssp370,2039,0.00811305672572047,-0.006123713896263021,2020,HFCs
ssp370,2040,0.008577887421449281,-0.006458275059882605,2020,HFCs
ssp370,2041,0.009035800044921513,-0.0068019872140304815,2020,HFCs
ssp370,2042,0.009491571406578242,-0.007136211306894175,2020,HFCs
ssp370,2043,0.009934423167194874,-0.007479529161930637,2020,HFCs
ssp370,2044,0.010404590401968734,-0.007829063372595124,2020,HFCs
ssp370,2045,0.01085063613791767,-0.008179407299933671,2020,HFCs
ssp370,2046,0.011324536445377568,-0.008523406677629233,2020,HFCs
ssp370,2047,0.011781969194613159,-0.008867543082364766,2020,HFCs
ssp370,2048,0.012261752371515208,-0.009194673380956609,2020,HFCs
ssp370,2049,0.012822652617064698,-0.00951838933058921,2020,HFCs
ssp370,2050,0.013314392309829722,-0.009870279269537744,2020,HFCs
ssp370,2051,0.013779248408380202,-0.010188985494085395,2020,HFCs
ssp370,2052,0.014244471057004014,-0.010505057887224825,2020,HFCs
ssp370,2053,0.014719763763197268,-0.010841097143385338,2020,HFCs
ssp370,2054,0.015186413271524802,-0.01118178313170857,2020,HFCs
ssp370,2055,0.0156592124114457,-0.011515357919775683,2020,HFCs
ssp370,2056,0.016104186736336255,-0.01186263688055121,2020,HFCs
ssp370,2057,0.01656906644825351,-0.012202078714608187,2020,HFCs
ssp370,2058,0.01704405237829115,-0.012526959844576004,2020,HFCs
ssp370,2059,0.017522700007016816,-0.012854492986354422,2020,HFCs
ssp370,2060,0.01807681872076493,-0.013169506742784916,2020,HFCs
ssp370,2061,0.018524646000011125,-0.013498095940065109,2020,HFCs
ssp370,2062,0.018924187417741066,-0.013834920814123389,2020,HFCs
ssp370,2063,0.019336635237745467,-0.014151394314305331,2020,HFCs
ssp370,2064,0.019780027029246423,-0.014472733016065808,2020,HFCs
ssp370,2065,0.020208322022249644,-0.014814667026571474,2020,HFCs
ssp370,2066,0.020635302578639585,-0.015130765639185183,2020,HFCs
ssp370,2067,0.021069612954626907,-0.015434653822446156,2020,HFCs
ssp370,2068,0.02153779441334459,-0.015657203409654093,2020,HFCs
ssp370,2069,0.022022935516336092,-0.015876760707233067,2020,HFCs
ssp370,2070,0.022458250949509893,-0.01612537241928181,2020,HFCs
ssp370,2071,0.02288581959043313,-0.016409509063251233,2020,HFCs
ssp370,2072,0.023279027282602033,-0.01669439349722551,2020,HFCs
ssp370,2073,0.02369833305221853,-0.01698326694663584,2020,HFCs
ssp370,2074,0.02415402405284504,-0.017256839102143626,2020,HFCs
ssp370,2075,0.024592152374170256,-0.017545533798864144,2020,HFCs
ssp370,2076,0.025045263687808305,-0.017801583422373722,2020,HFCs
ssp370,2077,0.025433283785135045,-0.018107018248569154,2020,HFCs
ssp370,2078,0.025867786400753694,-0.01839352972561421,2020,HFCs
ssp370,2079,0.026356833036485488,-0.01868397670804839,2020,HFCs
ssp370,2080,0.026811146852173673,-0.018981224507539043,2020,HFCs
ssp370,2081,0.0272958709837973,-0.01925669291007716,2020,HFCs
ssp370,2082,0.027732999647360427,-0.019551798842971237,2020,HFCs
ssp370,2083,0.02812588132286303,-0.019861674689043575,2020,HFCs
ssp370,2084,0.028544150366401563,-0.020165775085895746,2020,HFCs
ssp370,2085,0.02898129185336409,-0.020453953790689913,2020,HFCs
ssp370,2086,0.029423304777084842,-0.020736647301300724,2020,HFCs
ssp370,2087,0.029894140447070398,-0.021027699053345145,2020,HFCs
ssp370,2088,0.030430317941581304,-0.02127706258848668,2020,HFCs
ssp370,2089,0.030877197886761003,-0.02153340536929158,2020,HFCs
ssp370,2090,0.03133773985304368,-0.02178203121072436,2020,HFCs
ssp370,2091,0.031759023665768216,-0.022088735715722847,2020,HFCs
ssp370,2092,0.03217494484343285,-0.02238881688161492,2020,HFCs
ssp370,2093,0.03256782893131667,-0.022614971563085638,2020,HFCs
ssp370,2094,0.032945969275726544,-0.022852920921153017,2020,HFCs
ssp370,2095,0.03331013049834898,-0.023184649268243318,2020,HFCs
ssp370,2096,0.03373803990448693,-0.023502824913431326,2020,HFCs
ssp370,2097,0.03413670509580261,-0.023782024825970298,2020,HFCs
ssp370,2098,0.03457054611626947,-0.024078534337526825,2020,HFCs
ssp370,2099,0.03500590951832353,-0.024358862544810803,2020,HFCs
ssp370,2100,0.035407452898377864,-0.024632111335517286,2020,HFCs
ssp370-lowNTCF-aerchemmip,2020,0.0,0.0,2020,HFCs
ssp370-lowNTCF-aerchemmip,2021,0.0003303024687535944,-0.0002556044985492187,2020,HFCs
ssp370-lowNTCF-aerchemmip,2022,0.0006826838679577291,-0.0005273312654479793,2020,HFCs
ssp370-lowNTCF-aerchemmip,2023,0.0010539032951804622,-0.0008181704438781945,2020,HFCs
ssp370-lowNTCF-aerchemmip,2024,0.001435705158046139,-0.0011223620538297473,2020,HFCs
ssp370-lowNTCF-aerchemmip,2025,0.0018207521651921097,-0.0014344924092945103,2020,HFCs
ssp370-lowNTCF-aerchemmip,2026,0.002234432152052959,-0.001752909971188416,2020,HFCs
ssp370-lowNTCF-aerchemmip,2027,0.0026459945091823448,-0.002072051000683805,2020,HFCs
ssp370-lowNTCF-aerchemmip,2028,0.0030666864290277538,-0.0024158484598221794,2020,HFCs
ssp370-lowNTCF-aerchemmip,2029,0.0035020968025117082,-0.0027612214258531465,2020,HFCs
ssp370-lowNTCF-aerchemmip,2030,0.003944637130458869,-0.003082917745520119,2020,HFCs
ssp370-lowNTCF-aerchemmip,2031,0.0043862628405035445,-0.0034229505106936997,2020,HFCs
ssp370-lowNTCF-aerchemmip,2032,0.004837966926145249,-0.0037634232641562144,2020,HFCs
ssp370-lowNTCF-aerchemmip,2033,0.005311827000715266,-0.00410500819798353,2020,HFCs
ssp370-lowNTCF-aerchemmip,2034,0.0057626374478273856,-0.0044459227537852345,2020,HFCs
ssp370-lowNTCF-aerchemmip,2035,0.006226657560210812,-0.0047833545940523005,2020,HFCs
ssp370-lowNTCF-aerchemmip,2036,0.006700322542208787,-0.00512713051831335,2020,HFCs
ssp370-lowNTCF-aerchemmip,2037,0.007176661149415578,-0.005468134828661596,2020,HFCs
ssp370-lowNTCF-aerchemmip,2038,0.007654939213883131,-0.005784845208113133,2020,HFCs
ssp370-lowNTCF-aerchemmip,2039,0.00811305671803257,-0.006123713896258402,2020,HFCs
ssp370-lowNTCF-aerchemmip,2040,0.008577887417271772,-0.006458275058184913,2020,HFCs
ssp370-lowNTCF-aerchemmip,2041,0.00903580004127234,-0.0068019872143815574,2020,HFCs
ssp370-lowNTCF-aerchemmip,2042,0.00949157140178482,-0.007136211308667274,2020,HFCs
ssp370-lowNTCF-aerchemmip,2043,0.00993442316272753,-0.00747952916441798,2020,HFCs
ssp370-lowNTCF-aerchemmip,2044,0.0104045903987805,-0.007829063372523176,2020,HFCs
ssp370-lowNTCF-aerchemmip,2045,0.010850636132835526,-0.008179407306033361,2020,HFCs
ssp370-lowNTCF-aerchemmip,2046,0.011324536435073907,-0.008523406682329085,2020,HFCs
ssp370-lowNTCF-aerchemmip,2047,0.011781969187848679,-0.008867543082947103,2020,HFCs
ssp370-lowNTCF-aerchemmip,2048,0.012261752368214238,-0.009194673381589706,2020,HFCs
ssp370-lowNTCF-aerchemmip,2049,0.01282265261570995,-0.009518389329448318,2020,HFCs
ssp370-lowNTCF-aerchemmip,2050,0.0133143922970811,-0.009870279266415911,2020,HFCs
ssp370-lowNTCF-aerchemmip,2051,0.013779248391110966,-0.010188985518222645,2020,HFCs
ssp370-lowNTCF-aerchemmip,2052,0.014244471045451469,-0.010505057877632222,2020,HFCs
ssp370-lowNTCF-aerchemmip,2053,0.01471976373869432,-0.010841097142827508,2020,HFCs
ssp370-lowNTCF-aerchemmip,2054,0.015186413250501508,-0.011181783132773388,2020,HFCs
ssp370-lowNTCF-aerchemmip,2055,0.015659212390987498,-0.011515357918533132,2020,HFCs
ssp370-lowNTCF-aerchemmip,2056,0.01610418673830708,-0.011862636880278476,2020,HFCs
ssp370-lowNTCF-aerchemmip,2057,0.016569066456338884,-0.01220207870624982,2020,HFCs
ssp370-lowNTCF-aerchemmip,2058,0.017044052392398056,-0.012526959830164414,2020,HFCs
ssp370-lowNTCF-aerchemmip,2059,0.017522700017219856,-0.012854492981889523,2020,HFCs
ssp370-lowNTCF-aerchemmip,2060,0.018076818724675776,-0.013169506746234063,2020,HFCs
ssp370-lowNTCF-aerchemmip,2061,0.018524646003311423,-0.013498095938912817,2020,HFCs
ssp370-lowNTCF-aerchemmip,2062,0.018924187414141924,-0.013834920820292682,2020,HFCs
ssp370-lowNTCF-aerchemmip,2063,0.019336635236883948,-0.014151394318030638,2020,HFCs
ssp370-lowNTCF-aerchemmip,2064,0.019780027072542453,-0.014472733011146368,2020,HFCs
ssp370-lowNTCF-aerchemmip,2065,0.02020832200518629,-0.014814667039482705,2020,HFCs
ssp370-lowNTCF-aerchemmip,2066,0.020635302570295052,-0.015130765642484485,2020,HFCs
ssp370-lowNTCF-aerchemmip,2067,0.02106961292860615,-0.01543465383496846,2020,HFCs
ssp370-lowNTCF-aerchemmip,2068,0.021537794419274458,-0.015657203460247824,2020,HFCs
ssp370-lowNTCF-aerchemmip,2069,0.022022935522746846,-0.01587676074444553,2020,HFCs
ssp370-lowNTCF-aerchemmip,2070,0.02245825093465452,-0.01612537240981983,2020,HFCs
ssp370-lowNTCF-aerchemmip,2071,0.02288581959468291,-0.016409509052909922,2020,HFCs
ssp370-lowNTCF-aerchemmip,2072,0.023279027318772003,-0.01669439345192215,2020,HFCs
ssp370-lowNTCF-aerchemmip,2073,0.023698333030341565,-0.0169832669512522,2020,HFCs
ssp370-lowNTCF-aerchemmip,2074,0.02415402404588454,-0.017256839105436593,2020,HFCs
ssp370-lowNTCF-aerchemmip,2075,0.02459215237153353,-0.017545533786700738,2020,HFCs
ssp370-lowNTCF-aerchemmip,2076,0.025045263695311876,-0.017801583396641823,2020,HFCs
ssp370-lowNTCF-aerchemmip,2077,0.02543328378926815,-0.01810701823313896,2020,HFCs
ssp370-lowNTCF-aerchemmip,2078,0.025867786397352804,-0.018393529721962475,2020,HFCs
ssp370-lowNTCF-aerchemmip,2079,0.02635683293659236,-0.018683976705717305,2020,HFCs
ssp370-lowNTCF-aerchemmip,2080,0.026811146829947438,-0.018981224504848647,2020,HFCs
ssp370-lowNTCF-aerchemmip,2081,0.027295870972219357,-0.019256692901858392,2020,HFCs
ssp370-lowNTCF-aerchemmip,2082,0.027732999628366013,-0.019551798848911586,2020,HFCs
ssp370-lowNTCF-aerchemmip,2083,0.02812588130611547,-0.01986167466823385,2020,HFCs
ssp370-lowNTCF-aerchemmip,2084,0.02854415034203307,-0.02016577507787643,2020,HFCs
ssp370-lowNTCF-aerchemmip,2085,0.02898129182246608,-0.02045395378941057,2020,HFCs
ssp370-lowNTCF-aerchemmip,2086,0.029423304740228494,-0.02073664730321567,2020,HFCs
ssp370-lowNTCF-aerchemmip,2087,0.029894140446365337,-0.02102769904939951,2020,HFCs
ssp370-lowNTCF-aerchemmip,2088,0.030430317954097896,-0.02127706257957616,2020,HFCs
ssp370-lowNTCF-aerchemmip,2089,0.030877197893108315,-0.021533405358878453,2020,HFCs
ssp370-lowNTCF-aerchemmip,2090,0.031337739857491,-0.021782031202358127,2020,HFCs
ssp370-lowNTCF-aerchemmip,2091,0.03175902373600116,-0.022088735642330035,2020,HFCs
ssp370-lowNTCF-aerchemmip,2092,0.03217494483273826,-0.022388816890620392,2020,HFCs
ssp370-lowNTCF-aerchemmip,2093,0.03256782893461742,-0.022614971553881168,2020,HFCs
ssp370-lowNTCF-aerchemmip,2094,0.03294596924888776,-0.02285292092202385,2020,HFCs
ssp370-lowNTCF-aerchemmip,2095,0.0333101304800022,-0.02318464928577825,2020,HFCs
ssp370-lowNTCF-aerchemmip,2096,0.03373803989013973,-0.02350282494404335,2020,HFCs
ssp370-lowNTCF-aerchemmip,2097,0.034136705081035196,-0.023782024820816226,2020,HFCs
ssp370-lowNTCF-aerchemmip,2098,0.03457054607831606,-0.024078534353868385,2020,HFCs
ssp370-lowNTCF-aerchemmip,2099,0.035005909497481356,-0.02435886258143237,2020,HFCs
ssp370-lowNTCF-aerchemmip,2100,0.0354074528796636,-0.02463211135919261,2020,HFCs
ssp370-lowNTCF-gidden,2020,0.0,0.0,2020,HFCs
ssp370-lowNTCF-gidden,2021,0.0003306871303133224,-0.00025717350659455697,2020,HFCs
ssp370-lowNTCF-gidden,2022,0.0006838608290709585,-0.0005290161065628593,2020,HFCs
ssp370-lowNTCF-gidden,2023,0.0010585757945138965,-0.000820614707245193,2020,HFCs
ssp370-lowNTCF-gidden,2024,0.0014441623735636977,-0.0011273901491358027,2020,HFCs
ssp370-lowNTCF-gidden,2025,0.0018376769339067565,-0.0014434190211268948,2020,HFCs
ssp370-lowNTCF-gidden,2026,0.002242341686861451,-0.0017666737574898786,2020,HFCs
ssp370-lowNTCF-gidden,2027,0.002680469603822339,-0.002088974189371444,2020,HFCs
ssp370-lowNTCF-gidden,2028,0.003087318310194061,-0.0024285118480984152,2020,HFCs
ssp370-lowNTCF-gidden,2029,0.0035249533404968936,-0.0027834811517035525,2020,HFCs
ssp370-lowNTCF-gidden,2030,0.003975049436871977,-0.003114493368666701,2020,HFCs
ssp370-lowNTCF-gidden,2031,0.004431468279979649,-0.0034539767070090347,2020,HFCs
ssp370-lowNTCF-gidden,2032,0.004872757605362299,-0.0037974445207988746,2020,HFCs
ssp370-lowNTCF-gidden,2033,0.00534984404871284,-0.004145320693839836,2020,HFCs
ssp370-lowNTCF-gidden,2034,0.005814546243829655,-0.004489883897703024,2020,HFCs
ssp370-lowNTCF-gidden,2035,0.006276467954398255,-0.004826955645392009,2020,HFCs
ssp370-lowNTCF-gidden,2036,0.006756682710354513,-0.005169093893772754,2020,HFCs
ssp370-lowNTCF-gidden,2037,0.007234143393329975,-0.005501731444291125,2020,HFCs
ssp370-lowNTCF-gidden,2038,0.007712368071138586,-0.005822107594349685,2020,HFCs
ssp370-lowNTCF-gidden,2039,0.008171741820504385,-0.006156856899939512,2020,HFCs
ssp370-lowNTCF-gidden,2040,0.008625208297622736,-0.006489625267805687,2020,HFCs
ssp370-lowNTCF-gidden,2041,0.009069171969835036,-0.006819007231548157,2020,HFCs
ssp370-lowNTCF-gidden,2042,0.00951030867916367,-0.007139865424801546,2020,HFCs
ssp370-lowNTCF-gidden,2043,0.009964752834828795,-0.0074572270069901015,2020,HFCs
ssp370-lowNTCF-gidden,2044,0.01043334141549514,-0.007788601614370855,2020,HFCs
ssp370-lowNTCF-gidden,2045,0.010895545435145437,-0.008118956524825364,2020,HFCs
ssp370-lowNTCF-gidden,2046,0.01133272624513533,-0.008441686382799464,2020,HFCs
ssp370-lowNTCF-gidden,2047,0.011769954319210227,-0.008742085700074556,2020,HFCs
ssp370-lowNTCF-gidden,2048,0.012231555608097982,-0.009044911670201819,2020,HFCs
ssp370-lowNTCF-gidden,2049,0.01271490004120976,-0.009351004853929201,2020,HFCs
ssp370-lowNTCF-gidden,2050,0.013167630562805755,-0.009641106263766856,2020,HFCs
ssp370-lowNTCF-gidden,2051,0.013633319949899228,-0.009954070667067334,2020,HFCs
ssp370-lowNTCF-gidden,2052,0.014092512194226456,-0.010278302357416976,2020,HFCs
ssp370-lowNTCF-gidden,2053,0.014543331431847986,-0.010581535552053526,2020,HFCs
ssp370-lowNTCF-gidden,2054,0.014985772279347982,-0.010880446828779752,2020,HFCs
ssp370-lowNTCF-gidden,2055,0.015418032942630057,-0.01118860540934348,2020,HFCs
ssp370-lowNTCF-gidden,2056,0.01584400500498078,-0.011494935298519925,2020,HFCs
ssp370-lowNTCF-gidden,2057,0.016259954789965562,-0.011796860772944949,2020,HFCs
ssp370-lowNTCF-gidden,2058,0.01666526026643927,-0.012075873469274209,2020,HFCs
ssp370-lowNTCF-gidden,2059,0.017056561165371954,-0.012352014418887954,2020,HFCs
ssp370-lowNTCF-gidden,2060,0.017448260579654207,-0.012620568838915915,2020,HFCs
ssp370-lowNTCF-gidden,2061,0.017812915542605664,-0.012889812657667721,2020,HFCs
ssp370-lowNTCF-gidden,2062,0.018191680618950056,-0.013160290468522073,2020,HFCs
ssp370-lowNTCF-gidden,2063,0.018536011452821556,-0.013442633194215547,2020,HFCs
ssp370-lowNTCF-gidden,2064,0.018872517684860982,-0.01370020145517531,2020,HFCs
ssp370-lowNTCF-gidden,2065,0.01929045815874735,-0.013935365179730649,2020,HFCs
ssp370-lowNTCF-gidden,2066,0.01968888325090063,-0.014167761245578593,2020,HFCs
ssp370-lowNTCF-gidden,2067,0.020104062244701328,-0.014378195074753642,2020,HFCs
ssp370-lowNTCF-gidden,2068,0.020505857848725568,-0.014593590089908537,2020,HFCs
ssp370-lowNTCF-gidden,2069,0.020855482822741207,-0.014825737503604082,2020,HFCs
ssp370-lowNTCF-gidden,2070,0.02124426506220889,-0.01504738294603248,2020,HFCs
ssp370-lowNTCF-gidden,2071,0.021599977459926263,-0.015295207383283993,2020,HFCs
ssp370-lowNTCF-gidden,2072,0.021965632614454056,-0.015541613788477406,2020,HFCs
ssp370-lowNTCF-gidden,2073,0.022332460099308518,-0.015753361080285386,2020,HFCs
ssp370-lowNTCF-gidden,2074,0.022659341717663664,-0.01595451374384155,2020,HFCs
ssp370-lowNTCF-gidden,2075,0.023001420217671584,-0.01614615825008202,2020,HFCs
ssp370-lowNTCF-gidden,2076,0.023292353490825042,-0.016356174668101246,2020,HFCs
ssp370-lowNTCF-gidden,2077,0.023711084900340705,-0.01657539444762867,2020,HFCs
ssp370-lowNTCF-gidden,2078,0.024048675106953847,-0.01680030113647146,2020,HFCs
ssp370-lowNTCF-gidden,2079,0.024411010853141384,-0.016993926226763746,2020,HFCs
ssp370-lowNTCF-gidden,2080,0.024740046988072875,-0.01720905043441196,2020,HFCs
ssp370-lowNTCF-gidden,2081,0.025069897717378883,-0.017420893481041443,2020,HFCs
ssp370-lowNTCF-gidden,2082,0.02540446075837941,-0.017604305387161418,2020,HFCs
ssp370-lowNTCF-gidden,2083,0.02578383853379851,-0.017812224712829165,2020,HFCs
ssp370-lowNTCF-gidden,2084,0.026136310392469417,-0.018041819782345012,2020,HFCs
ssp370-lowNTCF-gidden,2085,0.026489623726927397,-0.018238830056214336,2020,HFCs
ssp370-lowNTCF-gidden,2086,0.026761927827549423,-0.01845065817016662,2020,HFCs
ssp370-lowNTCF-gidden,2087,0.02703820511603248,-0.01862353036696179,2020,HFCs
ssp370-lowNTCF-gidden,2088,0.027282635000479123,-0.018833764137445138,2020,HFCs
ssp370-lowNTCF-gidden,2089,0.02755602700041112,-0.01906579489599183,2020,HFCs
ssp370-lowNTCF-gidden,2090,0.02799001705835299,-0.019243164270953208,2020,HFCs
ssp370-lowNTCF-gidden,2091,0.02836242011411756,-0.019453292994545908,2020,HFCs
ssp370-lowNTCF-gidden,2092,0.028665654235137075,-0.01967695389415855,2020,HFCs
ssp370-lowNTCF-gidden,2093,0.028953165180152382,-0.019928135985266358,2020,HFCs
ssp370-lowNTCF-gidden,2094,0.029294833802875363,-0.020123467651299968,2020,HFCs
ssp370-lowNTCF-gidden,2095,0.029584962901300166,-0.020363581652457278,2020,HFCs
ssp370-lowNTCF-gidden,2096,0.029973026156448274,-0.020580913314501226,2020,HFCs
ssp370-lowNTCF-gidden,2097,0.030372739491856485,-0.020792364214016024,2020,HFCs
ssp370-lowNTCF-gidden,2098,0.03068153306965799,-0.021039351040704805,2020,HFCs
ssp370-lowNTCF-gidden,2099,0.030912445634224184,-0.02128598224430739,2020,HFCs
ssp370-lowNTCF-gidden,2100,0.031231641351161053,-0.021476003804314667,2020,HFCs
ssp434,2020,0.0,0.0,2020,HFCs
ssp434,2021,0.0002945035026135313,-0.0002328058793151573,2020,HFCs
ssp434,2022,0.0005916592135954946,-0.00046458024812724735,2020,HFCs
ssp434,2023,0.0008887890567722766,-0.0006885971895712985,2020,HFCs
ssp434,2024,0.0011963708173716144,-0.00090217722030517,2020,HFCs
ssp434,2025,0.0014886577557637211,-0.0010994437365597427,2020,HFCs
ssp434,2026,0.0017552225208572307,-0.0012941046142022265,2020,HFCs
ssp434,2027,0.0020153245197118714,-0.0014627911669905312,2020,HFCs
ssp434,2028,0.0022593815132634235,-0.0016076508517360068,2020,HFCs
ssp434,2029,0.0024801957117503407,-0.0017316890548460524,2020,HFCs
ssp434,2030,0.0026345295137588987,-0.0018255282467268402,2020,HFCs
ssp434,2031,0.002793091665425911,-0.0019153930333549811,2020,HFCs
ssp434,2032,0.0029304607164626563,-0.0019782202249087784,2020,HFCs
ssp434,2033,0.0030104187922199025,-0.002022079622742529,2020,HFCs
ssp434,2034,0.0030675398940894147,-0.002045505363128095,2020,HFCs
ssp434,2035,0.003098827493189593,-0.002056347502454569,2020,HFCs
ssp434,2036,0.0031400136027363297,-0.0020411494335963666,2020,HFCs
ssp434,2037,0.003175216297207324,-0.0020272178670794165,2020,HFCs
ssp434,2038,0.003169782196518013,-0.001978519718045392,2020,HFCs
ssp434,2039,0.003169963828346113,-0.0019463859167566184,2020,HFCs
ssp434,2040,0.0031368130063185503,-0.0018865430419086212,2020,HFCs
ssp434,2041,0.003088604846694758,-0.0018271330178573693,2020,HFCs
ssp434,2042,0.0030175647807748436,-0.0017774812735494453,2020,HFCs
ssp434,2043,0.0029609950249872485,-0.0017153681126982907,2020,HFCs
ssp434,2044,0.0029011003122210465,-0.0016409915671183168,2020,HFCs
ssp434,2045,0.0028553628856114945,-0.001583504711504871,2020,HFCs
ssp434,2046,0.0028114403816691044,-0.001514695044948774,2020,HFCs
ssp434,2047,0.002732777175316456,-0.0014573913532741646,2020,HFCs
ssp434,2048,0.00271633252899213,-0.0013941289347381084,2020,HFCs
ssp434,2049,0.0026531087827911257,-0.0013463273953726834,2020,HFCs
ssp434,2050,0.0025473246395069423,-0.0013114139845884667,2020,HFCs
ssp434,2051,0.0025182196604985984,-0.0012558666611085449,2020,HFCs
ssp434,2052,0.0024632992449655725,-0.0012041678266330011,2020,HFCs
ssp434,2053,0.0024173407390299783,-0.0011699532038694752,2020,HFCs
ssp434,2054,0.002348728377066903,-0.0011290786414862425,2020,HFCs
ssp434,2055,0.0023155080645486685,-0.0010948367107326746,2020,HFCs
ssp434,2056,0.0022494038257591764,-0.0010599469161605888,2020,HFCs
ssp434,2057,0.002220722899143725,-0.0010308482599929126,2020,HFCs
ssp434,2058,0.0022004095596708023,-0.0010069341408489682,2020,HFCs
ssp434,2059,0.0021083076183204628,-0.000996094826339514,2020,HFCs
ssp434,2060,0.002053580333659094,-0.0010058781977860876,2020,HFCs
ssp434,2061,0.0020107924474296554,-0.0009994549169443875,2020,HFCs
ssp434,2062,0.0019656835834731203,-0.0010068602865735492,2020,HFCs
ssp434,2063,0.0019127750946389063,-0.0010130097338469917,2020,HFCs
ssp434,2064,0.0018498796842063923,-0.0010054797454997458,2020,HFCs
ssp434,2065,0.0018241045626128133,-0.0010343200666461296,2020,HFCs
ssp434,2066,0.0018060063005132718,-0.001055883394484991,2020,HFCs
ssp434,2067,0.0017723054081088857,-0.0010664486841593884,2020,HFCs
ssp434,2068,0.0017476687899141941,-0.0010823691721816911,2020,HFCs
ssp434,2069,0.0017735855722306462,-0.0010904817501350336,2020,HFCs
ssp434,2070,0.0017793893558477247,-0.0011084606690979044,2020,HFCs
ssp434,2071,0.001765868622857593,-0.0011378979824980453,2020,HFCs
ssp434,2072,0.0017458173165235855,-0.0011489295346875533,2020,HFCs
ssp434,2073,0.0017527652371406774,-0.001167828764171661,2020,HFCs
ssp434,2074,0.0017538475878529454,-0.001186154253513002,2020,HFCs
ssp434,2075,0.0017530819607672477,-0.0012028856738896447,2020,HFCs
ssp434,2076,0.0017387330890200848,-0.0012202924956449084,2020,HFCs
ssp434,2077,0.0017486765795082576,-0.0012454820269712345,2020,HFCs
ssp434,2078,0.0017757805457376478,-0.0012593321035636268,2020,HFCs
ssp434,2079,0.0017883385501071825,-0.001279667567840431,2020,HFCs
ssp434,2080,0.001787660790616196,-0.0012977341978228389,2020,HFCs
ssp434,2081,0.0018032439522728642,-0.0013073786709302507,2020,HFCs
ssp434,2082,0.0017922006455837608,-0.0013393181750819385,2020,HFCs
ssp434,2083,0.0018186755643151257,-0.0013518582347928796,2020,HFCs
ssp434,2084,0.0018285133921994107,-0.0013674117814545294,2020,HFCs
ssp434,2085,0.0018418162147770293,-0.0013789417184752219,2020,HFCs
ssp434,2086,0.0018381227639458412,-0.0013921767175402399,2020,HFCs
ssp434,2087,0.0018454636168150414,-0.0014200092727875936,2020,HFCs
ssp434,2088,0.0018543068975154385,-0.001434860104067853,2020,HFCs
ssp434,2089,0.0018603571699793962,-0.0014583932312872336,2020,HFCs
ssp434,2090,0.0018667585041344695,-0.001489256467869817,2020,HFCs
ssp434,2091,0.001868007227188626,-0.001507295276838216,2020,HFCs
ssp434,2092,0.0018815124335198278,-0.0015259426216873027,2020,HFCs
ssp434,2093,0.001887140160829197,-0.001541464636004317,2020,HFCs
ssp434,2094,0.001895532409557954,-0.0015695833286139566,2020,HFCs
ssp434,2095,0.0019150651771405712,-0.0015866619234066862,2020,HFCs
ssp434,2096,0.001925353060309972,-0.0016075813894563618,2020,HFCs
ssp434,2097,0.0019299169875685155,-0.001628044386089102,2020,HFCs
ssp434,2098,0.0019179346422421204,-0.0016409246557454594,2020,HFCs
ssp434,2099,0.0019196297686520092,-0.0016553956576448843,2020,HFCs
ssp434,2100,0.0019225753757327988,-0.0016769455311009998,2020,HFCs
ssp460,2020,0.0,0.0,2020,HFCs
ssp460,2021,0.0002945033349050612,-0.00023280573652192403,2020,HFCs
ssp460,2022,0.0005929770680131496,-0.0004662475847071532,2020,HFCs
ssp460,2023,0.0008999911647786247,-0.0006954469273675853,2020,HFCs
ssp460,2024,0.0012171382618229982,-0.0009321337578665748,2020,HFCs
ssp460,2025,0.0015547993591257688,-0.0011855506069668076,2020,HFCs
ssp460,2026,0.0018967213276201028,-0.0014596223529951744,2020,HFCs
ssp460,2027,0.002301421548682248,-0.0017494680863581775,2020,HFCs
ssp460,2028,0.002732972819653453,-0.0020894855165079483,2020,HFCs
ssp460,2029,0.0032195529843043512,-0.002469572899683894,2020,HFCs
ssp460,2030,0.003741946386482301,-0.002879824600969378,2020,HFCs
ssp460,2031,0.00433636523248741,-0.003341936717350277,2020,HFCs
ssp460,2032,0.004987483654212266,-0.0038424658854108533,2020,HFCs
ssp460,2033,0.005667743669093724,-0.00439064118155572,2020,HFCs
ssp460,2034,0.006377995395811023,-0.004961244539967943,2020,HFCs
ssp460,2035,0.0070994306107819835,-0.005530456048127322,2020,HFCs
ssp460,2036,0.00786520206217273,-0.006149624102867821,2020,HFCs
ssp460,2037,0.00858565429473287,-0.006731358224894679,2020,HFCs
ssp460,2038,0.00938700997527349,-0.007320293462354314,2020,HFCs
ssp460,2039,0.010184140924114498,-0.007946752421992411,2020,HFCs
ssp460,2040,0.011020499826731861,-0.00853949639472833,2020,HFCs
ssp460,2041,0.011892065474509675,-0.009124421861237797,2020,HFCs
ssp460,2042,0.012666545784706258,-0.009802623416185327,2020,HFCs
ssp460,2043,0.01334479717174113,-0.010446028551429152,2020,HFCs
ssp460,2044,0.01414897112859156,-0.01106745045337176,2020,HFCs
ssp460,2045,0.014914100224425197,-0.01162024903262243,2020,HFCs
ssp460,2046,0.015682041222449535,-0.01218297980862318,2020,HFCs
ssp460,2047,0.016385265342479572,-0.012729259979728947,2020,HFCs
ssp460,2048,0.017047383347025363,-0.013220946551004769,2020,HFCs
ssp460,2049,0.017801272293183686,-0.013705411495704402,2020,HFCs
ssp460,2050,0.018513373800530756,-0.014190539125757282,2020,HFCs
ssp460,2051,0.01927888383341411,-0.014691744626279112,2020,HFCs
ssp460,2052,0.019940914028740108,-0.015162340263555703,2020,HFCs
ssp460,2053,0.020535825765926528,-0.015595313523716351,2020,HFCs
ssp460,2054,0.021061857675275093,-0.016021757828973367,2020,HFCs
ssp460,2055,0.021678192585685437,-0.01641312169048576,2020,HFCs
ssp460,2056,0.022202183452192735,-0.016751795602781575,2020,HFCs
ssp460,2057,0.022883342349215307,-0.01701374199689909,2020,HFCs
ssp460,2058,0.0234990773980267,-0.01725754396496298,2020,HFCs
ssp460,2059,0.024013907031655218,-0.01754058566203961,2020,HFCs
ssp460,2060,0.024566445717777604,-0.017813972188911287,2020,HFCs
ssp460,2061,0.025078077094183044,-0.018015810566368574,2020,HFCs
ssp460,2062,0.025406725077748486,-0.01818320467945441,2020,HFCs
ssp460,2063,0.02558761947509869,-0.018379624561972636,2020,HFCs
ssp460,2064,0.02571830499363291,-0.018556805163703696,2020,HFCs
ssp460,2065,0.02595978124624401,-0.01859787878284289,2020,HFCs
ssp460,2066,0.02620403132046138,-0.01868273172309485,2020,HFCs
ssp460,2067,0.02636044201391195,-0.01871212635462146,2020,HFCs
ssp460,2068,0.026529941977505928,-0.01876124994023917,2020,HFCs
ssp460,2069,0.02680260470170807,-0.018776162323943517,2020,HFCs
ssp460,2070,0.026971212740456,-0.018775578324008342,2020,HFCs
ssp460,2071,0.026946760791739275,-0.018718933755889334,2020,HFCs
ssp460,2072,0.02686019733544907,-0.01863586185890134,2020,HFCs
ssp460,2073,0.027072240571119073,-0.01858058219852235,2020,HFCs
ssp460,2074,0.027047221405465106,-0.018443578238850164,2020,HFCs
ssp460,2075,0.027017372154986837,-0.018275007354904484,2020,HFCs
ssp460,2076,0.026753763017750266,-0.01811789871486654,2020,HFCs
ssp460,2077,0.026617275109889482,-0.017956337070678317,2020,HFCs
ssp460,2078,0.026483349286509545,-0.017799067251996585,2020,HFCs
ssp460,2079,0.02625310909669529,-0.01764931203693373,2020,HFCs
ssp460,2080,0.026096803606873224,-0.01749879206131773,2020,HFCs
ssp460,2081,0.025895110955904847,-0.01730980731078847,2020,HFCs
ssp460,2082,0.02574289894179995,-0.017106738251560078,2020,HFCs
ssp460,2083,0.02551097728507982,-0.01690473067204391,2020,HFCs
ssp460,2084,0.025316991201978126,-0.016695045369178253,2020,HFCs
ssp460,2085,0.02501985920561971,-0.016374536316837524,2020,HFCs
ssp460,2086,0.024772894059548002,-0.01600603163683098,2020,HFCs
ssp460,2087,0.02445671316497517,-0.015691341761541463,2020,HFCs
ssp460,2088,0.02406311283984381,-0.015387080097185707,2020,HFCs
ssp460,2089,0.023891565324361964,-0.015152046891382215,2020,HFCs
ssp460,2090,0.023580322660905942,-0.014954438677556194,2020,HFCs
ssp460,2091,0.023354429281971765,-0.01468282403156002,2020,HFCs
ssp460,2092,0.023042980073488033,-0.014399467655235037,2020,HFCs
ssp460,2093,0.022596635922047335,-0.014091752881950154,2020,HFCs
ssp460,2094,0.022000648834865803,-0.013854194227564785,2020,HFCs
ssp460,2095,0.02168746726118838,-0.013560416633975171,2020,HFCs
ssp460,2096,0.02145729974855589,-0.01323519146901973,2020,HFCs
ssp460,2097,0.02118673257121512,-0.012864536246123123,2020,HFCs
ssp460,2098,0.020902129328119023,-0.012467898200923816,2020,HFCs
ssp460,2099,0.020610585879069304,-0.012206768513960447,2020,HFCs
ssp460,2100,0.02044532048624309,-0.011930592540451729,2020,HFCs
ssp534-over,2020,0.0,0.0,2020,HFCs
ssp534-over,2021,0.0003473069355058982,-0.00027636916936779106,2020,HFCs
ssp534-over,2022,0.0007258378768411642,-0.0005773787352570198,2020,HFCs
ssp534-over,2023,0.001135028117031214,-0.0009053368563788948,2020,HFCs
ssp534-over,2024,0.0015760486285739748,-0.001257136297783587,2020,HFCs
ssp534-over,2025,0.0020545330549278018,-0.0016290621130328146,2020,HFCs
ssp534-over,2026,0.002567322748445316,-0.0020290340980522025,2020,HFCs
ssp534-over,2027,0.0031025630018532754,-0.0024530509481232236,2020,HFCs
ssp534-over,2028,0.0036688091190917515,-0.0029001586802160128,2020,HFCs
ssp534-over,2029,0.004284833276271374,-0.0033706476800901765,2020,HFCs
ssp534-over,2030,0.004910304935612455,-0.003867520240487675,2020,HFCs
ssp534-over,2031,0.005556214630210074,-0.004371512279844762,2020,HFCs
ssp534-over,2032,0.006223916845494105,-0.004901963380195929,2020,HFCs
ssp534-over,2033,0.006957322499267513,-0.005439566623988025,2020,HFCs
ssp534-over,2034,0.00770470161049508,-0.006027886227478212,2020,HFCs
ssp534-over,2035,0.008474794766533462,-0.00659612408237637,2020,HFCs
ssp534-over,2036,0.009229755094880695,-0.007192607986345645,2020,HFCs
ssp534-over,2037,0.009976861974705237,-0.0078115610660291915,2020,HFCs
ssp534-over,2038,0.010755016719921252,-0.008438029737216876,2020,HFCs
ssp534-over,2039,0.011576962931096236,-0.009091745193172303,2020,HFCs
ssp534-over,2040,0.012459523636569372,-0.00971607205969958,2020,HFCs
ssp534-over,2041,0.013287089733482985,-0.010356117553693348,2020,HFCs
ssp534-over,2042,0.014148222278293616,-0.011026806855994708,2020,HFCs
ssp534-over,2043,0.014981496916681023,-0.011661666114380827,2020,HFCs
ssp534-over,2044,0.01578551758684016,-0.012254378992192788,2020,HFCs
ssp534-over,2045,0.016575333824865635,-0.012879522929679409,2020,HFCs
ssp534-over,2046,0.017316074132646086,-0.013466126688063892,2020,HFCs
ssp534-over,2047,0.018053648842379606,-0.013989546736827002,2020,HFCs
ssp534-over,2048,0.018838162397979745,-0.014518615390322894,2020,HFCs
ssp534-over,2049,0.0195975012706935,-0.015014313094276218,2020,HFCs
ssp534-over,2050,0.020383896735704305,-0.015448236912928567,2020,HFCs
ssp534-over,2051,0.02093159124111897,-0.015806467051513316,2020,HFCs
ssp534-over,2052,0.021455401848019136,-0.016188499167048766,2020,HFCs
ssp534-over,2053,0.02215818897263057,-0.016421402235558373,2020,HFCs
ssp534-over,2054,0.02267664247040155,-0.016650803423813147,2020,HFCs
ssp534-over,2055,0.023149788880143907,-0.016821064873892025,2020,HFCs
ssp534-over,2056,0.02352823682825334,-0.0169975840612926,2020,HFCs
ssp534-over,2057,0.023765382630751185,-0.01702232952549351,2020,HFCs
ssp534-over,2058,0.023815566979651,-0.017045088427109636,2020,HFCs
ssp534-over,2059,0.02387648987637009,-0.017020694531345602,2020,HFCs
ssp534-over,2060,0.023910518819030894,-0.016912477904900323,2020,HFCs
ssp534-over,2061,0.023693779058666167,-0.0166934343793477,2020,HFCs
ssp534-over,2062,0.023268050115656327,-0.016511776645546036,2020,HFCs
ssp534-over,2063,0.02314262986833531,-0.01615774597245585,2020,HFCs
ssp534-over,2064,0.02273449648776112,-0.015827796334210498,2020,HFCs
ssp534-over,2065,0.0222052720335496,-0.015398596187372285,2020,HFCs
ssp534-over,2066,0.022020864921582485,-0.014834330686541183,2020,HFCs
ssp534-over,2067,0.021262917374754036,-0.014344215851293042,2020,HFCs
ssp534-over,2068,0.02086667436668935,-0.013876995527975245,2020,HFCs
ssp534-over,2069,0.02022521356298777,-0.01353028397782675,2020,HFCs
ssp534-over,2070,0.019861757663805674,-0.013177156975648814,2020,HFCs
ssp534-over,2071,0.01934136105940881,-0.012754801682870505,2020,HFCs
ssp534-over,2072,0.018957893306560936,-0.012287030972694454,2020,HFCs
ssp534-over,2073,0.018518339291763636,-0.011827158972475339,2020,HFCs
ssp534-over,2074,0.018060091680904177,-0.01128546971532543,2020,HFCs
ssp534-over,2075,0.017728452411169236,-0.01102083293286317,2020,HFCs
ssp534-over,2076,0.01731596931918702,-0.01060118980352743,2020,HFCs
ssp534-over,2077,0.016943535304753402,-0.010255001481580423,2020,HFCs
ssp534-over,2078,0.016500342834033586,-0.009924497038087765,2020,HFCs
ssp534-over,2079,0.01614495930356653,-0.009604081188034977,2020,HFCs
ssp534-over,2080,0.01578972881504863,-0.009240794929200736,2020,HFCs
ssp534-over,2081,0.015334900079484149,-0.008877440607799995,2020,HFCs
ssp534-over,2082,0.015134909296370295,-0.008585097266162165,2020,HFCs
ssp534-over,2083,0.01486447801097035,-0.008290621210956865,2020,HFCs
ssp534-over,2084,0.014372201797754941,-0.008035614908054245,2020,HFCs
ssp534-over,2085,0.01396807901678903,-0.007781697758958771,2020,HFCs
ssp534-over,2086,0.013688527136057893,-0.0075550322011953795,2020,HFCs
ssp534-over,2087,0.013457606957828541,-0.0073534307367586465,2020,HFCs
ssp534-over,2088,0.01322722680239942,-0.0070919114740482046,2020,HFCs
ssp534-over,2089,0.012990056312001754,-0.006908483505274521,2020,HFCs
ssp534-over,2090,0.012678070605273884,-0.006765200755098689,2020,HFCs
ssp534-over,2091,0.012515545347864757,-0.006554325077500667,2020,HFCs
ssp534-over,2092,0.012440153027082058,-0.006409852875066867,2020,HFCs
ssp534-over,2093,0.01241612879171823,-0.0062521671103642614,2020,HFCs
ssp534-over,2094,0.012217826090629052,-0.0060644915966591465,2020,HFCs
ssp534-over,2095,0.012079239119120644,-0.005959654083533165,2020,HFCs
ssp534-over,2096,0.011986402397185366,-0.005832514297075242,2020,HFCs
ssp534-over,2097,0.011783565060883905,-0.005702777051373409,2020,HFCs
ssp534-over,2098,0.011694862221962445,-0.005599825879329315,2020,HFCs
ssp534-over,2099,0.011708932061531539,-0.005497672655586959,2020,HFCs
ssp534-over,2100,0.01156110974728184,-0.0053839230828598835,2020,HFCs
ssp585,2020,0.0,0.0,2020,HFCs
ssp585,2021,0.0003473154145371695,-0.0002763794920717692,2020,HFCs
ssp585,2022,0.0007258689645450294,-0.0005773852675446937,2020,HFCs
ssp585,2023,0.0011350025685507859,-0.0009053676222209859,2020,HFCs
ssp585,2024,0.001576129088420804,-0.0012570200296479974,2020,HFCs
ssp585,2025,0.0020545525756179954,-0.0016288811389593373,2020,HFCs
ssp585,2026,0.002567093327218261,-0.0020289459664286297,2020,HFCs
ssp585,2027,0.0031017754448189453,-0.0024529188893636722,2020,HFCs
ssp585,2028,0.003668833430086807,-0.002899432237280867,2020,HFCs
ssp585,2029,0.004284451764692015,-0.003370167862783661,2020,HFCs
ssp585,2030,0.004909208721117843,-0.0038662353947647205,2020,HFCs
ssp585,2031,0.005554805814963667,-0.004369748871009485,2020,HFCs
ssp585,2032,0.006222574407838644,-0.004900733955828332,2020,HFCs
ssp585,2033,0.006955706086953375,-0.005438325904329507,2020,HFCs
ssp585,2034,0.007702712582352187,-0.0060262272069852825,2020,HFCs
ssp585,2035,0.008472100232164012,-0.006593922165539358,2020,HFCs
ssp585,2036,0.009226422162675125,-0.007190415055364839,2020,HFCs
ssp585,2037,0.009973428008252136,-0.007809211347972801,2020,HFCs
ssp585,2038,0.010751585293118725,-0.008435132769230134,2020,HFCs
ssp585,2039,0.011574026885304749,-0.009089432220655499,2020,HFCs
ssp585,2040,0.012457290257196295,-0.009713363092163944,2020,HFCs
ssp585,2041,0.013284222599410426,-0.010352946403639,2020,HFCs
ssp585,2042,0.014141385498145167,-0.011023981825529728,2020,HFCs
ssp585,2043,0.014988615821418584,-0.011682814163641007,2020,HFCs
ssp585,2044,0.01579615438559656,-0.012329891134260437,2020,HFCs
ssp585,2045,0.01670225358347268,-0.012983651079218068,2020,HFCs
ssp585,2046,0.017572661953016173,-0.013662474565100637,2020,HFCs
ssp585,2047,0.018429915898821064,-0.014356432009442125,2020,HFCs
ssp585,2048,0.019294116060287133,-0.0150475624742778,2020,HFCs
ssp585,2049,0.020190548170430794,-0.015733468264152225,2020,HFCs
ssp585,2050,0.021143589139805657,-0.016423529467102516,2020,HFCs
ssp585,2051,0.0221099374793057,-0.01712558641919714,2020,HFCs
ssp585,2052,0.023070156987472647,-0.017836541494938723,2020,HFCs
ssp585,2053,0.02400803033103094,-0.018582869132939304,2020,HFCs
ssp585,2054,0.024961444430308153,-0.01932853581610016,2020,HFCs
ssp585,2055,0.025930244673336305,-0.020090053439363025,2020,HFCs
ssp585,2056,0.02693199463335433,-0.020863993174776916,2020,HFCs
ssp585,2057,0.027940638403953572,-0.02164535342958443,2020,HFCs
ssp585,2058,0.02896520092508529,-0.022428942919109286,2020,HFCs
ssp585,2059,0.029979990777021962,-0.02325022288823907,2020,HFCs
ssp585,2060,0.03108861185869981,-0.02407121336236224,2020,HFCs
ssp585,2061,0.0322079020847916,-0.024902959994305116,2020,HFCs
ssp585,2062,0.0334168164250495,-0.02572664097150575,2020,HFCs
ssp585,2063,0.03467837409743596,-0.026564843717751113,2020,HFCs
ssp585,2064,0.03597100430019332,-0.02739884831905224,2020,HFCs
ssp585,2065,0.03711866014967511,-0.028287771856023543,2020,HFCs
ssp585,2066,0.03828552022721352,-0.02918770269155346,2020,HFCs
ssp585,2067,0.03954591884205706,-0.03010003841941304,2020,HFCs
ssp585,2068,0.04082984624315866,-0.031005344010619055,2020,HFCs
ssp585,2069,0.04207459146459797,-0.031952480236655534,2020,HFCs
ssp585,2070,0.043335234720171555,-0.03290587926729819,2020,HFCs
ssp585,2071,0.04462216721895825,-0.03385477735913992,2020,HFCs
ssp585,2072,0.04594653454356773,-0.03478923820428316,2020,HFCs
ssp585,2073,0.04727869352333778,-0.03572111755328556,2020,HFCs
ssp585,2074,0.048637845517165365,-0.03666093407246104,2020,HFCs
ssp585,2075,0.04999447144824789,-0.03761874826012651,2020,HFCs
ssp585,2076,0.05134005979176587,-0.038636570564769074,2020,HFCs
ssp585,2077,0.052661412341057895,-0.039691129594177914,2020,HFCs
ssp585,2078,0.05402490900986677,-0.04066296203288426,2020,HFCs
ssp585,2079,0.05529798753277772,-0.041666355938891904,2020,HFCs
ssp585,2080,0.05656527507596344,-0.0426662179558257,2020,HFCs
ssp585,2081,0.0579802493251387,-0.04350315658336738,2020,HFCs
ssp585,2082,0.05941987808232479,-0.04433757784645512,2020,HFCs
ssp585,2083,0.06077810541350402,-0.045201355320857235,2020,HFCs
ssp585,2084,0.06206534993671328,-0.046130139938293215,2020,HFCs
ssp585,2085,0.06329807459116872,-0.0470943206585903,2020,HFCs
ssp585,2086,0.064618400796813,-0.047928967851871056,2020,HFCs
ssp585,2087,0.06580462615778203,-0.04881871758489604,2020,HFCs
ssp585,2088,0.06702517590114232,-0.04961233656469668,2020,HFCs
ssp585,2089,0.06814453376407639,-0.050359294747570234,2020,HFCs
ssp585,2090,0.06923989601275785,-0.05117298593349841,2020,HFCs
ssp585,2091,0.07053587585810112,-0.05194569831831111,2020,HFCs
ssp585,2092,0.07185034073417422,-0.05264133554855166,2020,HFCs
ssp585,2093,0.07283478472223087,-0.05328341870095428,2020,HFCs
ssp585,2094,0.07383167277390938,-0.0538095296556346,2020,HFCs
ssp585,2095,0.07490687978459794,-0.05439375223419555,2020,HFCs
ssp585,2096,0.07582550041243083,-0.055046965677026015,2020,HFCs
ssp585,2097,0.07694758616703085,-0.055582665100849867,2020,HFCs
ssp585,2098,0.07790001952559428,-0.05625208196402865,2020,HFCs
ssp585,2099,0.07894250299660885,-0.056719586853164874,2020,HFCs
ssp585,2100,0.07975530143153362,-0.05720725201502671,2020,HFCs
