scenario,year,p95-p50,p05-p50,variable
ssp119,2020,,,aerosol-total-with_bc-snow
ssp119,2021,0.006247867702628059,-0.0062478677026280615,aerosol-total-with_bc-snow
ssp119,2022,0.013711909048267024,-0.013711909048267029,aerosol-total-with_bc-snow
ssp119,2023,0.022537529608591893,-0.0225375296085919,aerosol-total-with_bc-snow
ssp119,2024,0.032225190862057614,-0.03222519086205763,aerosol-total-with_bc-snow
ssp119,2025,0.042508906606600234,-0.04250890660660025,aerosol-total-with_bc-snow
ssp119,2026,0.05343449841147681,-0.05343449841147683,aerosol-total-with_bc-snow
ssp119,2027,0.06476429128409565,-0.06476429128409567,aerosol-total-with_bc-snow
ssp119,2028,0.07683420585066217,-0.0768342058506622,aerosol-total-with_bc-snow
ssp119,2029,0.08981012073942304,-0.08981012073942309,aerosol-total-with_bc-snow
ssp119,2030,0.10299044965007279,-0.10299044965007281,aerosol-total-with_bc-snow
ssp119,2031,0.11574279893491568,-0.11574279893491575,aerosol-total-with_bc-snow
ssp119,2032,0.12598394990651623,-0.12598394990651626,aerosol-total-with_bc-snow
ssp119,2033,0.1348127828794125,-0.1348127828794126,aerosol-total-with_bc-snow
ssp119,2034,0.14278438822880993,-0.14278438822880998,aerosol-total-with_bc-snow
ssp119,2035,0.1493935362278716,-0.1493935362278717,aerosol-total-with_bc-snow
ssp119,2036,0.15552806636789862,-0.15552806636789865,aerosol-total-with_bc-snow
ssp119,2037,0.16123238690789252,-0.16123238690789254,aerosol-total-with_bc-snow
ssp119,2038,0.16508675262896005,-0.16508675262896017,aerosol-total-with_bc-snow
ssp119,2039,0.16985640148717562,-0.16985640148717573,aerosol-total-with_bc-snow
ssp119,2040,0.17446295094713804,-0.1744629509471381,aerosol-total-with_bc-snow
ssp119,2041,0.17819864389899687,-0.17819864389899698,aerosol-total-with_bc-snow
ssp119,2042,0.18180253301555097,-0.18180253301555105,aerosol-total-with_bc-snow
ssp119,2043,0.18569277166698395,-0.18569277166698403,aerosol-total-with_bc-snow
ssp119,2044,0.18966246298272416,-0.18966246298272418,aerosol-total-with_bc-snow
ssp119,2045,0.1930483992416984,-0.19304839924169845,aerosol-total-with_bc-snow
ssp119,2046,0.19655254183780177,-0.19655254183780183,aerosol-total-with_bc-snow
ssp119,2047,0.1999103304028432,-0.19991033040284328,aerosol-total-with_bc-snow
ssp119,2048,0.20321168205214177,-0.20321168205214188,aerosol-total-with_bc-snow
ssp119,2049,0.2066692857296344,-0.20666928572963447,aerosol-total-with_bc-snow
ssp119,2050,0.21058761584289162,-0.21058761584289168,aerosol-total-with_bc-snow
ssp119,2051,0.21447565092738574,-0.2144756509273858,aerosol-total-with_bc-snow
ssp119,2052,0.2166023086677254,-0.21660230866772548,aerosol-total-with_bc-snow
ssp119,2053,0.22003043476616374,-0.22003043476616382,aerosol-total-with_bc-snow
ssp119,2054,0.22269141680184812,-0.2226914168018482,aerosol-total-with_bc-snow
ssp119,2055,0.2252841126063638,-0.22528411260636394,aerosol-total-with_bc-snow
ssp119,2056,0.22727703361268028,-0.2272770336126804,aerosol-total-with_bc-snow
ssp119,2057,0.22981534135739537,-0.22981534135739548,aerosol-total-with_bc-snow
ssp119,2058,0.2318882942633721,-0.2318882942633722,aerosol-total-with_bc-snow
ssp119,2059,0.23374047136453263,-0.23374047136453271,aerosol-total-with_bc-snow
ssp119,2060,0.23600927900783597,-0.23600927900783608,aerosol-total-with_bc-snow
ssp119,2061,0.2377692659324429,-0.237769265932443,aerosol-total-with_bc-snow
ssp119,2062,0.23905045854183038,-0.23905045854183046,aerosol-total-with_bc-snow
ssp119,2063,0.24033300708403038,-0.24033300708403046,aerosol-total-with_bc-snow
ssp119,2064,0.24176432362404665,-0.2417643236240467,aerosol-total-with_bc-snow
ssp119,2065,0.24314412810206731,-0.24314412810206742,aerosol-total-with_bc-snow
ssp119,2066,0.24446861691617883,-0.2444686169161789,aerosol-total-with_bc-snow
ssp119,2067,0.24531859560946728,-0.24531859560946737,aerosol-total-with_bc-snow
ssp119,2068,0.24614296765956245,-0.24614296765956253,aerosol-total-with_bc-snow
ssp119,2069,0.24733734300800658,-0.24733734300800664,aerosol-total-with_bc-snow
ssp119,2070,0.24849518217790267,-0.2484951821779028,aerosol-total-with_bc-snow
ssp119,2071,0.24930870340438893,-0.249308703404389,aerosol-total-with_bc-snow
ssp119,2072,0.25071197487481295,-0.250711974874813,aerosol-total-with_bc-snow
ssp119,2073,0.25244464397477917,-0.2524446439747793,aerosol-total-with_bc-snow
ssp119,2074,0.2540882550693841,-0.2540882550693842,aerosol-total-with_bc-snow
ssp119,2075,0.2557255036693345,-0.2557255036693346,aerosol-total-with_bc-snow
ssp119,2076,0.25690181587157723,-0.25690181587157734,aerosol-total-with_bc-snow
ssp119,2077,0.257935525616395,-0.25793552561639516,aerosol-total-with_bc-snow
ssp119,2078,0.25959805233058286,-0.2595980523305829,aerosol-total-with_bc-snow
ssp119,2079,0.2613864817078208,-0.2613864817078209,aerosol-total-with_bc-snow
ssp119,2080,0.2630234859049346,-0.2630234859049347,aerosol-total-with_bc-snow
ssp119,2081,0.26459348347076855,-0.26459348347076866,aerosol-total-with_bc-snow
ssp119,2082,0.2661103408771711,-0.2661103408771712,aerosol-total-with_bc-snow
ssp119,2083,0.2670952005017193,-0.2670952005017194,aerosol-total-with_bc-snow
ssp119,2084,0.2685259024966648,-0.2685259024966649,aerosol-total-with_bc-snow
ssp119,2085,0.26989223905029697,-0.2698922390502971,aerosol-total-with_bc-snow
ssp119,2086,0.2710892720381828,-0.2710892720381829,aerosol-total-with_bc-snow
ssp119,2087,0.2722330878694358,-0.27223308786943584,aerosol-total-with_bc-snow
ssp119,2088,0.2735912420321207,-0.27359124203212076,aerosol-total-with_bc-snow
ssp119,2089,0.2748907515484478,-0.27489075154844783,aerosol-total-with_bc-snow
ssp119,2090,0.2760220042929232,-0.2760220042929233,aerosol-total-with_bc-snow
ssp119,2091,0.277232253195016,-0.2772322531950161,aerosol-total-with_bc-snow
ssp119,2092,0.27807721291847654,-0.2780772129184767,aerosol-total-with_bc-snow
ssp119,2093,0.279809286943412,-0.27980928694341217,aerosol-total-with_bc-snow
ssp119,2094,0.2817002799623957,-0.2817002799623958,aerosol-total-with_bc-snow
ssp119,2095,0.2834032839841597,-0.28340328398415987,aerosol-total-with_bc-snow
ssp119,2096,0.2849031643132693,-0.2849031643132694,aerosol-total-with_bc-snow
ssp119,2097,0.28612209719572884,-0.286122097195729,aerosol-total-with_bc-snow
ssp119,2098,0.28765673153912774,-0.2876567315391278,aerosol-total-with_bc-snow
ssp119,2099,0.28927743393411776,-0.28927743393411787,aerosol-total-with_bc-snow
ssp119,2100,0.29149027025404894,-0.29149027025404906,aerosol-total-with_bc-snow
ssp126,2020,,,aerosol-total-with_bc-snow
ssp126,2021,0.005951859844355865,-0.0059518598443558685,aerosol-total-with_bc-snow
ssp126,2022,0.012682651269960259,-0.012682651269960262,aerosol-total-with_bc-snow
ssp126,2023,0.02057434340605506,-0.02057434340605507,aerosol-total-with_bc-snow
ssp126,2024,0.02889923994370063,-0.02889923994370065,aerosol-total-with_bc-snow
ssp126,2025,0.03758307007129751,-0.03758307007129753,aerosol-total-with_bc-snow
ssp126,2026,0.046639689962024326,-0.04663968996202435,aerosol-total-with_bc-snow
ssp126,2027,0.05650373085256015,-0.05650373085256016,aerosol-total-with_bc-snow
ssp126,2028,0.06629859366648815,-0.06629859366648817,aerosol-total-with_bc-snow
ssp126,2029,0.07688968691448111,-0.07688968691448114,aerosol-total-with_bc-snow
ssp126,2030,0.08724804530339905,-0.08724804530339908,aerosol-total-with_bc-snow
ssp126,2031,0.097005647682623,-0.09700564768262304,aerosol-total-with_bc-snow
ssp126,2032,0.10539345639780963,-0.10539345639780967,aerosol-total-with_bc-snow
ssp126,2033,0.11351526313579957,-0.11351526313579963,aerosol-total-with_bc-snow
ssp126,2034,0.12065453670676926,-0.1206545367067693,aerosol-total-with_bc-snow
ssp126,2035,0.12705610447731372,-0.12705610447731375,aerosol-total-with_bc-snow
ssp126,2036,0.13310018843748597,-0.13310018843748603,aerosol-total-with_bc-snow
ssp126,2037,0.13908421287188535,-0.1390842128718854,aerosol-total-with_bc-snow
ssp126,2038,0.14408128775156795,-0.14408128775156798,aerosol-total-with_bc-snow
ssp126,2039,0.14925355696090095,-0.149253556960901,aerosol-total-with_bc-snow
ssp126,2040,0.15461399822402394,-0.15461399822402405,aerosol-total-with_bc-snow
ssp126,2041,0.15941764281877097,-0.15941764281877105,aerosol-total-with_bc-snow
ssp126,2042,0.1639348801636372,-0.1639348801636373,aerosol-total-with_bc-snow
ssp126,2043,0.1679424784716108,-0.16794247847161092,aerosol-total-with_bc-snow
ssp126,2044,0.17181736055114133,-0.17181736055114144,aerosol-total-with_bc-snow
ssp126,2045,0.17564680508728306,-0.17564680508728314,aerosol-total-with_bc-snow
ssp126,2046,0.17964734723328651,-0.17964734723328663,aerosol-total-with_bc-snow
ssp126,2047,0.18287636073328717,-0.1828763607332872,aerosol-total-with_bc-snow
ssp126,2048,0.18596915670549932,-0.1859691567054994,aerosol-total-with_bc-snow
ssp126,2049,0.18895114062334223,-0.18895114062334228,aerosol-total-with_bc-snow
ssp126,2050,0.19261062906076928,-0.1926106290607693,aerosol-total-with_bc-snow
ssp126,2051,0.19557867278484806,-0.19557867278484817,aerosol-total-with_bc-snow
ssp126,2052,0.19819298628708484,-0.1981929862870849,aerosol-total-with_bc-snow
ssp126,2053,0.20046159997194665,-0.2004615999719467,aerosol-total-with_bc-snow
ssp126,2054,0.20344362655721326,-0.20344362655721335,aerosol-total-with_bc-snow
ssp126,2055,0.20583382283927143,-0.2058338228392715,aerosol-total-with_bc-snow
ssp126,2056,0.20833203256840854,-0.20833203256840863,aerosol-total-with_bc-snow
ssp126,2057,0.21038726685700987,-0.21038726685700995,aerosol-total-with_bc-snow
ssp126,2058,0.21243784208506064,-0.21243784208506072,aerosol-total-with_bc-snow
ssp126,2059,0.21442636061646903,-0.2144263606164691,aerosol-total-with_bc-snow
ssp126,2060,0.21656485371339607,-0.21656485371339615,aerosol-total-with_bc-snow
ssp126,2061,0.21855291932537296,-0.21855291932537302,aerosol-total-with_bc-snow
ssp126,2062,0.22072040373895366,-0.22072040373895377,aerosol-total-with_bc-snow
ssp126,2063,0.22291429840606078,-0.22291429840606086,aerosol-total-with_bc-snow
ssp126,2064,0.22481070332441996,-0.22481070332442007,aerosol-total-with_bc-snow
ssp126,2065,0.2260118597450393,-0.22601185974503937,aerosol-total-with_bc-snow
ssp126,2066,0.22719927637309828,-0.2271992763730984,aerosol-total-with_bc-snow
ssp126,2067,0.22837232174610367,-0.22837232174610378,aerosol-total-with_bc-snow
ssp126,2068,0.22973071332367329,-0.22973071332367337,aerosol-total-with_bc-snow
ssp126,2069,0.23140794761253658,-0.23140794761253666,aerosol-total-with_bc-snow
ssp126,2070,0.2328514241288589,-0.23285142412885898,aerosol-total-with_bc-snow
ssp126,2071,0.23421344770965774,-0.23421344770965785,aerosol-total-with_bc-snow
ssp126,2072,0.23536230175534045,-0.23536230175534054,aerosol-total-with_bc-snow
ssp126,2073,0.23677122113988913,-0.23677122113988922,aerosol-total-with_bc-snow
ssp126,2074,0.23825856222456654,-0.23825856222456662,aerosol-total-with_bc-snow
ssp126,2075,0.24017512548568465,-0.24017512548568473,aerosol-total-with_bc-snow
ssp126,2076,0.2419552396591369,-0.24195523965913698,aerosol-total-with_bc-snow
ssp126,2077,0.2439432720837974,-0.24394327208379746,aerosol-total-with_bc-snow
ssp126,2078,0.2452083720002025,-0.2452083720002026,aerosol-total-with_bc-snow
ssp126,2079,0.24729583184964077,-0.24729583184964088,aerosol-total-with_bc-snow
ssp126,2080,0.24915629527351213,-0.2491562952735122,aerosol-total-with_bc-snow
ssp126,2081,0.2510258257178772,-0.2510258257178773,aerosol-total-with_bc-snow
ssp126,2082,0.25299381240633184,-0.2529938124063319,aerosol-total-with_bc-snow
ssp126,2083,0.25471017533403584,-0.25471017533403595,aerosol-total-with_bc-snow
ssp126,2084,0.2563181995899392,-0.25631819958993923,aerosol-total-with_bc-snow
ssp126,2085,0.25828158790262673,-0.2582815879026269,aerosol-total-with_bc-snow
ssp126,2086,0.25969352652937033,-0.2596935265293704,aerosol-total-with_bc-snow
ssp126,2087,0.26126324150347696,-0.2612632415034771,aerosol-total-with_bc-snow
ssp126,2088,0.26298806725412843,-0.2629880672541285,aerosol-total-with_bc-snow
ssp126,2089,0.2641957764601709,-0.264195776460171,aerosol-total-with_bc-snow
ssp126,2090,0.26568103389320374,-0.2656810338932038,aerosol-total-with_bc-snow
ssp126,2091,0.2670075614854838,-0.26700756148548394,aerosol-total-with_bc-snow
ssp126,2092,0.2683156921096246,-0.26831569210962475,aerosol-total-with_bc-snow
ssp126,2093,0.26992441853364774,-0.2699244185336478,aerosol-total-with_bc-snow
ssp126,2094,0.27192180959415196,-0.2719218095941521,aerosol-total-with_bc-snow
ssp126,2095,0.27381457906753215,-0.2738145790675323,aerosol-total-with_bc-snow
ssp126,2096,0.2761828200185626,-0.2761828200185627,aerosol-total-with_bc-snow
ssp126,2097,0.27843337059010304,-0.2784333705901032,aerosol-total-with_bc-snow
ssp126,2098,0.2804892713177483,-0.2804892713177484,aerosol-total-with_bc-snow
ssp126,2099,0.2827612276354497,-0.28276122763544975,aerosol-total-with_bc-snow
ssp126,2100,0.28540175607501833,-0.2854017560750185,aerosol-total-with_bc-snow
ssp245,2020,,,aerosol-total-with_bc-snow
ssp245,2021,0.005656632014642805,-0.005656632014642808,aerosol-total-with_bc-snow
ssp245,2022,0.009841826500402981,-0.009841826500402984,aerosol-total-with_bc-snow
ssp245,2023,0.013056874327909616,-0.013056874327909621,aerosol-total-with_bc-snow
ssp245,2024,0.01530250668204872,-0.015302506682048729,aerosol-total-with_bc-snow
ssp245,2025,0.017265709383986763,-0.01726570938398677,aerosol-total-with_bc-snow
ssp245,2026,0.018498454413406328,-0.018498454413406334,aerosol-total-with_bc-snow
ssp245,2027,0.01942855967832232,-0.01942855967832233,aerosol-total-with_bc-snow
ssp245,2028,0.020236432044910293,-0.020236432044910296,aerosol-total-with_bc-snow
ssp245,2029,0.0208879028078579,-0.020887902807857905,aerosol-total-with_bc-snow
ssp245,2030,0.02142245391627984,-0.021422453916279848,aerosol-total-with_bc-snow
ssp245,2031,0.022046202662858706,-0.022046202662858717,aerosol-total-with_bc-snow
ssp245,2032,0.02287821001204314,-0.022878210012043147,aerosol-total-with_bc-snow
ssp245,2033,0.024009391826656058,-0.02400939182665607,aerosol-total-with_bc-snow
ssp245,2034,0.025479077604235296,-0.02547907760423531,aerosol-total-with_bc-snow
ssp245,2035,0.027081484416392885,-0.027081484416392895,aerosol-total-with_bc-snow
ssp245,2036,0.02922547426063302,-0.029225474260633034,aerosol-total-with_bc-snow
ssp245,2037,0.031579094624203295,-0.03157909462420331,aerosol-total-with_bc-snow
ssp245,2038,0.03390443720515868,-0.03390443720515869,aerosol-total-with_bc-snow
ssp245,2039,0.036447901366084494,-0.036447901366084515,aerosol-total-with_bc-snow
ssp245,2040,0.03881868290106889,-0.03881868290106891,aerosol-total-with_bc-snow
ssp245,2041,0.04155005885944678,-0.0415500588594468,aerosol-total-with_bc-snow
ssp245,2042,0.04479360852415059,-0.04479360852415061,aerosol-total-with_bc-snow
ssp245,2043,0.047796810340699505,-0.04779681034069952,aerosol-total-with_bc-snow
ssp245,2044,0.05095142078321671,-0.05095142078321674,aerosol-total-with_bc-snow
ssp245,2045,0.05412995925169232,-0.05412995925169234,aerosol-total-with_bc-snow
ssp245,2046,0.057252226200476056,-0.057252226200476077,aerosol-total-with_bc-snow
ssp245,2047,0.06091351490350879,-0.06091351490350882,aerosol-total-with_bc-snow
ssp245,2048,0.06437580098427634,-0.06437580098427637,aerosol-total-with_bc-snow
ssp245,2049,0.0680704130985113,-0.06807041309851133,aerosol-total-with_bc-snow
ssp245,2050,0.07148851707843581,-0.07148851707843584,aerosol-total-with_bc-snow
ssp245,2051,0.07514024859856912,-0.07514024859856916,aerosol-total-with_bc-snow
ssp245,2052,0.07861067298905937,-0.07861067298905938,aerosol-total-with_bc-snow
ssp245,2053,0.08246514056935322,-0.08246514056935325,aerosol-total-with_bc-snow
ssp245,2054,0.08584099077304351,-0.08584099077304357,aerosol-total-with_bc-snow
ssp245,2055,0.08930964515352705,-0.08930964515352707,aerosol-total-with_bc-snow
ssp245,2056,0.09252550062163602,-0.09252550062163607,aerosol-total-with_bc-snow
ssp245,2057,0.09559118911748597,-0.09559118911748603,aerosol-total-with_bc-snow
ssp245,2058,0.09923321528188604,-0.09923321528188608,aerosol-total-with_bc-snow
ssp245,2059,0.1028355087038139,-0.10283550870381396,aerosol-total-with_bc-snow
ssp245,2060,0.10670051198905338,-0.1067005119890534,aerosol-total-with_bc-snow
ssp245,2061,0.11041940919340679,-0.11041940919340681,aerosol-total-with_bc-snow
ssp245,2062,0.11449845852505042,-0.11449845852505047,aerosol-total-with_bc-snow
ssp245,2063,0.11790969796181336,-0.11790969796181339,aerosol-total-with_bc-snow
ssp245,2064,0.12153730781264692,-0.12153730781264696,aerosol-total-with_bc-snow
ssp245,2065,0.1249757586194814,-0.12497575861948144,aerosol-total-with_bc-snow
ssp245,2066,0.12833675358888874,-0.12833675358888877,aerosol-total-with_bc-snow
ssp245,2067,0.13166524226124793,-0.13166524226124796,aerosol-total-with_bc-snow
ssp245,2068,0.13510659934691832,-0.1351065993469184,aerosol-total-with_bc-snow
ssp245,2069,0.13830996781014795,-0.138309967810148,aerosol-total-with_bc-snow
ssp245,2070,0.14156975580574152,-0.14156975580574155,aerosol-total-with_bc-snow
ssp245,2071,0.1450962721782218,-0.1450962721782219,aerosol-total-with_bc-snow
ssp245,2072,0.1482370740428839,-0.14823707404288397,aerosol-total-with_bc-snow
ssp245,2073,0.1526304864534525,-0.15263048645345256,aerosol-total-with_bc-snow
ssp245,2074,0.15592459895129798,-0.1559245989512981,aerosol-total-with_bc-snow
ssp245,2075,0.15913708398609921,-0.15913708398609927,aerosol-total-with_bc-snow
ssp245,2076,0.16261823747236806,-0.16261823747236814,aerosol-total-with_bc-snow
ssp245,2077,0.16599749634178987,-0.16599749634178995,aerosol-total-with_bc-snow
ssp245,2078,0.16927040959504952,-0.16927040959504958,aerosol-total-with_bc-snow
ssp245,2079,0.17193379267767758,-0.1719337926776776,aerosol-total-with_bc-snow
ssp245,2080,0.1753058347304386,-0.1753058347304387,aerosol-total-with_bc-snow
ssp245,2081,0.1793092713285817,-0.1793092713285818,aerosol-total-with_bc-snow
ssp245,2082,0.18374616738918836,-0.18374616738918842,aerosol-total-with_bc-snow
ssp245,2083,0.187755498750616,-0.18775549875061612,aerosol-total-with_bc-snow
ssp245,2084,0.1913507493917111,-0.19135074939171115,aerosol-total-with_bc-snow
ssp245,2085,0.19543066014151877,-0.19543066014151886,aerosol-total-with_bc-snow
ssp245,2086,0.19898702928808387,-0.19898702928808398,aerosol-total-with_bc-snow
ssp245,2087,0.20250025920749615,-0.20250025920749617,aerosol-total-with_bc-snow
ssp245,2088,0.20592087539367965,-0.20592087539367976,aerosol-total-with_bc-snow
ssp245,2089,0.20988990056138945,-0.20988990056138954,aerosol-total-with_bc-snow
ssp245,2090,0.2125325710936995,-0.21253257109369955,aerosol-total-with_bc-snow
ssp245,2091,0.21537768841304766,-0.21537768841304777,aerosol-total-with_bc-snow
ssp245,2092,0.21833508649835015,-0.21833508649835023,aerosol-total-with_bc-snow
ssp245,2093,0.221656548021689,-0.22165654802168908,aerosol-total-with_bc-snow
ssp245,2094,0.22403612073080253,-0.22403612073080265,aerosol-total-with_bc-snow
ssp245,2095,0.22592716077557157,-0.22592716077557168,aerosol-total-with_bc-snow
ssp245,2096,0.22849294712875662,-0.22849294712875673,aerosol-total-with_bc-snow
ssp245,2097,0.2312352608702903,-0.23123526087029037,aerosol-total-with_bc-snow
ssp245,2098,0.2338389690955196,-0.23383896909551968,aerosol-total-with_bc-snow
ssp245,2099,0.23555020553793365,-0.23555020553793374,aerosol-total-with_bc-snow
ssp245,2100,0.23738037490581393,-0.237380374905814,aerosol-total-with_bc-snow
ssp370,2020,,,aerosol-total-with_bc-snow
ssp370,2021,0.009442346734872058,-0.009442346734872063,aerosol-total-with_bc-snow
ssp370,2022,0.01729719238398722,-0.017297192383987227,aerosol-total-with_bc-snow
ssp370,2023,0.02401233020629357,-0.02401233020629358,aerosol-total-with_bc-snow
ssp370,2024,0.02968475508860404,-0.02968475508860405,aerosol-total-with_bc-snow
ssp370,2025,0.03436543408621508,-0.03436543408621509,aerosol-total-with_bc-snow
ssp370,2026,0.03872919908304395,-0.038729199083043966,aerosol-total-with_bc-snow
ssp370,2027,0.042802630518124746,-0.04280263051812476,aerosol-total-with_bc-snow
ssp370,2028,0.04642128962136452,-0.04642128962136453,aerosol-total-with_bc-snow
ssp370,2029,0.04985875578008328,-0.0498587557800833,aerosol-total-with_bc-snow
ssp370,2030,0.0531060841077246,-0.05310608410772463,aerosol-total-with_bc-snow
ssp370,2031,0.05588986408479241,-0.055889864084792434,aerosol-total-with_bc-snow
ssp370,2032,0.05858061054013483,-0.058580610540134845,aerosol-total-with_bc-snow
ssp370,2033,0.06096243522671258,-0.0609624352267126,aerosol-total-with_bc-snow
ssp370,2034,0.06300730328593178,-0.0630073032859318,aerosol-total-with_bc-snow
ssp370,2035,0.06503197330427801,-0.06503197330427804,aerosol-total-with_bc-snow
ssp370,2036,0.06715147401466,-0.06715147401466003,aerosol-total-with_bc-snow
ssp370,2037,0.06939246325260336,-0.06939246325260338,aerosol-total-with_bc-snow
ssp370,2038,0.07102077765593685,-0.07102077765593688,aerosol-total-with_bc-snow
ssp370,2039,0.07284486068332498,-0.07284486068332502,aerosol-total-with_bc-snow
ssp370,2040,0.07454686713030848,-0.0745468671303085,aerosol-total-with_bc-snow
ssp370,2041,0.07622442585849692,-0.07622442585849695,aerosol-total-with_bc-snow
ssp370,2042,0.07774015876768854,-0.07774015876768858,aerosol-total-with_bc-snow
ssp370,2043,0.0790758637702822,-0.07907586377028222,aerosol-total-with_bc-snow
ssp370,2044,0.08057088065722538,-0.08057088065722542,aerosol-total-with_bc-snow
ssp370,2045,0.08173911946969994,-0.08173911946969999,aerosol-total-with_bc-snow
ssp370,2046,0.08276440278560825,-0.08276440278560829,aerosol-total-with_bc-snow
ssp370,2047,0.08342968965446029,-0.0834296896544603,aerosol-total-with_bc-snow
ssp370,2048,0.08425277813776129,-0.0842527781377613,aerosol-total-with_bc-snow
ssp370,2049,0.08527546905091979,-0.08527546905091982,aerosol-total-with_bc-snow
ssp370,2050,0.08628691941271903,-0.08628691941271907,aerosol-total-with_bc-snow
ssp370,2051,0.08701035869887606,-0.08701035869887608,aerosol-total-with_bc-snow
ssp370,2052,0.08762344198286319,-0.08762344198286322,aerosol-total-with_bc-snow
ssp370,2053,0.08794023887566235,-0.08794023887566238,aerosol-total-with_bc-snow
ssp370,2054,0.08769739225093093,-0.08769739225093096,aerosol-total-with_bc-snow
ssp370,2055,0.08794076208267484,-0.08794076208267489,aerosol-total-with_bc-snow
ssp370,2056,0.08808264853769154,-0.08808264853769157,aerosol-total-with_bc-snow
ssp370,2057,0.08820893070335531,-0.08820893070335535,aerosol-total-with_bc-snow
ssp370,2058,0.08818176719266575,-0.08818176719266578,aerosol-total-with_bc-snow
ssp370,2059,0.087770289824727,-0.08777028982472704,aerosol-total-with_bc-snow
ssp370,2060,0.08724763956341273,-0.08724763956341275,aerosol-total-with_bc-snow
ssp370,2061,0.08704944757420978,-0.0870494475742098,aerosol-total-with_bc-snow
ssp370,2062,0.08638224582697353,-0.08638224582697357,aerosol-total-with_bc-snow
ssp370,2063,0.0863560975319269,-0.08635609753192693,aerosol-total-with_bc-snow
ssp370,2064,0.08564432844977528,-0.08564432844977533,aerosol-total-with_bc-snow
ssp370,2065,0.08510728926594459,-0.08510728926594463,aerosol-total-with_bc-snow
ssp370,2066,0.08440417834497836,-0.0844041783449784,aerosol-total-with_bc-snow
ssp370,2067,0.0842519575013929,-0.08425195750139294,aerosol-total-with_bc-snow
ssp370,2068,0.08397544691036328,-0.08397544691036332,aerosol-total-with_bc-snow
ssp370,2069,0.08346016602135051,-0.08346016602135055,aerosol-total-with_bc-snow
ssp370,2070,0.08276596426712649,-0.08276596426712653,aerosol-total-with_bc-snow
ssp370,2071,0.0818938763976047,-0.08189387639760473,aerosol-total-with_bc-snow
ssp370,2072,0.08138958255908353,-0.08138958255908356,aerosol-total-with_bc-snow
ssp370,2073,0.08046762339971089,-0.08046762339971092,aerosol-total-with_bc-snow
ssp370,2074,0.07990671257312128,-0.07990671257312132,aerosol-total-with_bc-snow
ssp370,2075,0.07968158722947269,-0.07968158722947272,aerosol-total-with_bc-snow
ssp370,2076,0.07940836024498235,-0.07940836024498238,aerosol-total-with_bc-snow
ssp370,2077,0.07883277040555078,-0.07883277040555081,aerosol-total-with_bc-snow
ssp370,2078,0.07792143376708965,-0.07792143376708968,aerosol-total-with_bc-snow
ssp370,2079,0.0773031453404918,-0.07730314534049185,aerosol-total-with_bc-snow
ssp370,2080,0.07690899425343702,-0.07690899425343704,aerosol-total-with_bc-snow
ssp370,2081,0.07657072651418038,-0.07657072651418043,aerosol-total-with_bc-snow
ssp370,2082,0.0759944002122877,-0.07599440021228773,aerosol-total-with_bc-snow
ssp370,2083,0.0755773795171266,-0.07557737951712663,aerosol-total-with_bc-snow
ssp370,2084,0.07488015843082386,-0.07488015843082388,aerosol-total-with_bc-snow
ssp370,2085,0.07467516789178777,-0.0746751678917878,aerosol-total-with_bc-snow
ssp370,2086,0.0745617593718639,-0.07456175937186393,aerosol-total-with_bc-snow
ssp370,2087,0.07427256990553298,-0.074272569905533,aerosol-total-with_bc-snow
ssp370,2088,0.07374385893142549,-0.07374385893142552,aerosol-total-with_bc-snow
ssp370,2089,0.07397088051394896,-0.07397088051394898,aerosol-total-with_bc-snow
ssp370,2090,0.07405028789746539,-0.0740502878974654,aerosol-total-with_bc-snow
ssp370,2091,0.07383518871617772,-0.07383518871617775,aerosol-total-with_bc-snow
ssp370,2092,0.07344734178463247,-0.0734473417846325,aerosol-total-with_bc-snow
ssp370,2093,0.07339352045140235,-0.07339352045140238,aerosol-total-with_bc-snow
ssp370,2094,0.07274340054609606,-0.07274340054609608,aerosol-total-with_bc-snow
ssp370,2095,0.07214015036155819,-0.07214015036155821,aerosol-total-with_bc-snow
ssp370,2096,0.07181940170677549,-0.0718194017067755,aerosol-total-with_bc-snow
ssp370,2097,0.07150297033690484,-0.07150297033690486,aerosol-total-with_bc-snow
ssp370,2098,0.07095058150202554,-0.07095058150202557,aerosol-total-with_bc-snow
ssp370,2099,0.07101316099884532,-0.07101316099884536,aerosol-total-with_bc-snow
ssp370,2100,0.07103018530147329,-0.07103018530147331,aerosol-total-with_bc-snow
ssp370-lowNTCF-aerchemmip,2020,,,aerosol-total-with_bc-snow
ssp370-lowNTCF-aerchemmip,2021,0.006353098150697998,-0.006353098150698001,aerosol-total-with_bc-snow
ssp370-lowNTCF-aerchemmip,2022,0.010737547545706551,-0.010737547545706555,aerosol-total-with_bc-snow
ssp370-lowNTCF-aerchemmip,2023,0.013654253742026426,-0.013654253742026433,aerosol-total-with_bc-snow
ssp370-lowNTCF-aerchemmip,2024,0.015641172254337605,-0.015641172254337612,aerosol-total-with_bc-snow
ssp370-lowNTCF-aerchemmip,2025,0.01722446830081346,-0.017224468300813468,aerosol-total-with_bc-snow
ssp370-lowNTCF-aerchemmip,2026,0.01827005566928889,-0.018270055669288895,aerosol-total-with_bc-snow
ssp370-lowNTCF-aerchemmip,2027,0.019005784801437026,-0.019005784801437033,aerosol-total-with_bc-snow
ssp370-lowNTCF-aerchemmip,2028,0.019872200643934225,-0.019872200643934235,aerosol-total-with_bc-snow
ssp370-lowNTCF-aerchemmip,2029,0.021006929713622842,-0.02100692971362285,aerosol-total-with_bc-snow
ssp370-lowNTCF-aerchemmip,2030,0.0224484900932854,-0.022448490093285412,aerosol-total-with_bc-snow
ssp370-lowNTCF-aerchemmip,2031,0.02408613823281746,-0.02408613823281747,aerosol-total-with_bc-snow
ssp370-lowNTCF-aerchemmip,2032,0.025550438632282197,-0.02555043863228221,aerosol-total-with_bc-snow
ssp370-lowNTCF-aerchemmip,2033,0.02742682208198498,-0.027426822081984995,aerosol-total-with_bc-snow
ssp370-lowNTCF-aerchemmip,2034,0.029675095557057683,-0.029675095557057697,aerosol-total-with_bc-snow
ssp370-lowNTCF-aerchemmip,2035,0.032007050077109335,-0.03200705007710935,aerosol-total-with_bc-snow
ssp370-lowNTCF-aerchemmip,2036,0.03523921886079231,-0.03523921886079232,aerosol-total-with_bc-snow
ssp370-lowNTCF-aerchemmip,2037,0.038810376897608224,-0.03881037689760824,aerosol-total-with_bc-snow
ssp370-lowNTCF-aerchemmip,2038,0.04236325685849584,-0.04236325685849586,aerosol-total-with_bc-snow
ssp370-lowNTCF-aerchemmip,2039,0.046553717219483946,-0.046553717219483974,aerosol-total-with_bc-snow
ssp370-lowNTCF-aerchemmip,2040,0.05029582474562025,-0.05029582474562028,aerosol-total-with_bc-snow
ssp370-lowNTCF-aerchemmip,2041,0.054831415294075814,-0.05483141529407583,aerosol-total-with_bc-snow
ssp370-lowNTCF-aerchemmip,2042,0.05916258360554845,-0.05916258360554847,aerosol-total-with_bc-snow
ssp370-lowNTCF-aerchemmip,2043,0.0645510365198551,-0.06455103651985514,aerosol-total-with_bc-snow
ssp370-lowNTCF-aerchemmip,2044,0.07031512627169337,-0.07031512627169341,aerosol-total-with_bc-snow
ssp370-lowNTCF-aerchemmip,2045,0.0759445258970279,-0.07594452589702791,aerosol-total-with_bc-snow
ssp370-lowNTCF-aerchemmip,2046,0.08234449837522989,-0.08234449837522993,aerosol-total-with_bc-snow
ssp370-lowNTCF-aerchemmip,2047,0.08854859851477807,-0.0885485985147781,aerosol-total-with_bc-snow
ssp370-lowNTCF-aerchemmip,2048,0.09472171368165884,-0.09472171368165888,aerosol-total-with_bc-snow
ssp370-lowNTCF-aerchemmip,2049,0.10120780273505468,-0.10120780273505474,aerosol-total-with_bc-snow
ssp370-lowNTCF-aerchemmip,2050,0.10834305076604323,-0.10834305076604328,aerosol-total-with_bc-snow
ssp370-lowNTCF-aerchemmip,2051,0.11492395796525079,-0.11492395796525087,aerosol-total-with_bc-snow
ssp370-lowNTCF-aerchemmip,2052,0.12065475511421864,-0.12065475511421865,aerosol-total-with_bc-snow
ssp370-lowNTCF-aerchemmip,2053,0.1258031806672431,-0.1258031806672432,aerosol-total-with_bc-snow
ssp370-lowNTCF-aerchemmip,2054,0.12999628066014174,-0.1299962806601418,aerosol-total-with_bc-snow
ssp370-lowNTCF-aerchemmip,2055,0.13383939482145477,-0.13383939482145482,aerosol-total-with_bc-snow
ssp370-lowNTCF-aerchemmip,2056,0.13771363347525126,-0.13771363347525134,aerosol-total-with_bc-snow
ssp370-lowNTCF-aerchemmip,2057,0.14075673110660306,-0.14075673110660314,aerosol-total-with_bc-snow
ssp370-lowNTCF-aerchemmip,2058,0.14353480720832312,-0.14353480720832318,aerosol-total-with_bc-snow
ssp370-lowNTCF-aerchemmip,2059,0.1459600569116819,-0.14596005691168193,aerosol-total-with_bc-snow
ssp370-lowNTCF-aerchemmip,2060,0.1484498687377926,-0.14844986873779267,aerosol-total-with_bc-snow
ssp370-lowNTCF-aerchemmip,2061,0.15092390928292443,-0.15092390928292448,aerosol-total-with_bc-snow
ssp370-lowNTCF-aerchemmip,2062,0.1528996581135658,-0.15289965811356587,aerosol-total-with_bc-snow
ssp370-lowNTCF-aerchemmip,2063,0.15501294575950392,-0.15501294575950397,aerosol-total-with_bc-snow
ssp370-lowNTCF-aerchemmip,2064,0.15658764167964206,-0.15658764167964212,aerosol-total-with_bc-snow
ssp370-lowNTCF-aerchemmip,2065,0.15826571091598388,-0.1582657109159839,aerosol-total-with_bc-snow
ssp370-lowNTCF-aerchemmip,2066,0.16020480648359453,-0.16020480648359461,aerosol-total-with_bc-snow
ssp370-lowNTCF-aerchemmip,2067,0.1622805665717884,-0.16228056657178846,aerosol-total-with_bc-snow
ssp370-lowNTCF-aerchemmip,2068,0.16416230474485874,-0.16416230474485877,aerosol-total-with_bc-snow
ssp370-lowNTCF-aerchemmip,2069,0.16621062110942153,-0.16621062110942159,aerosol-total-with_bc-snow
ssp370-lowNTCF-aerchemmip,2070,0.16823355295569187,-0.16823355295569192,aerosol-total-with_bc-snow
ssp370-lowNTCF-aerchemmip,2071,0.16984025437407807,-0.16984025437407815,aerosol-total-with_bc-snow
ssp370-lowNTCF-aerchemmip,2072,0.17156248278760977,-0.17156248278760983,aerosol-total-with_bc-snow
ssp370-lowNTCF-aerchemmip,2073,0.17322815735396874,-0.1732281573539688,aerosol-total-with_bc-snow
ssp370-lowNTCF-aerchemmip,2074,0.17473930238344088,-0.17473930238344093,aerosol-total-with_bc-snow
ssp370-lowNTCF-aerchemmip,2075,0.17634177092511988,-0.17634177092511993,aerosol-total-with_bc-snow
ssp370-lowNTCF-aerchemmip,2076,0.1780310108775409,-0.178031010877541,aerosol-total-with_bc-snow
ssp370-lowNTCF-aerchemmip,2077,0.17966531089212778,-0.17966531089212787,aerosol-total-with_bc-snow
ssp370-lowNTCF-aerchemmip,2078,0.18104067565550797,-0.18104067565550802,aerosol-total-with_bc-snow
ssp370-lowNTCF-aerchemmip,2079,0.1826551556142833,-0.18265515561428336,aerosol-total-with_bc-snow
ssp370-lowNTCF-aerchemmip,2080,0.1843431845601426,-0.18434318456014268,aerosol-total-with_bc-snow
ssp370-lowNTCF-aerchemmip,2081,0.1865585114013939,-0.186558511401394,aerosol-total-with_bc-snow
ssp370-lowNTCF-aerchemmip,2082,0.18831521613408686,-0.18831521613408692,aerosol-total-with_bc-snow
ssp370-lowNTCF-aerchemmip,2083,0.19005296274387892,-0.190052962743879,aerosol-total-with_bc-snow
ssp370-lowNTCF-aerchemmip,2084,0.19143857743607992,-0.19143857743607998,aerosol-total-with_bc-snow
ssp370-lowNTCF-aerchemmip,2085,0.19337147089988305,-0.1933714708998831,aerosol-total-with_bc-snow
ssp370-lowNTCF-aerchemmip,2086,0.19505822060394293,-0.19505822060394298,aerosol-total-with_bc-snow
ssp370-lowNTCF-aerchemmip,2087,0.19688653587090385,-0.1968865358709039,aerosol-total-with_bc-snow
ssp370-lowNTCF-aerchemmip,2088,0.19801325462095848,-0.19801325462095853,aerosol-total-with_bc-snow
ssp370-lowNTCF-aerchemmip,2089,0.1995042400664808,-0.19950424006648085,aerosol-total-with_bc-snow
ssp370-lowNTCF-aerchemmip,2090,0.20132597363144572,-0.20132597363144578,aerosol-total-with_bc-snow
ssp370-lowNTCF-aerchemmip,2091,0.203184712797905,-0.20318471279790512,aerosol-total-with_bc-snow
ssp370-lowNTCF-aerchemmip,2092,0.20469608216130103,-0.2046960821613011,aerosol-total-with_bc-snow
ssp370-lowNTCF-aerchemmip,2093,0.2064667878127039,-0.20646678781270397,aerosol-total-with_bc-snow
ssp370-lowNTCF-aerchemmip,2094,0.20821297644259742,-0.2082129764425975,aerosol-total-with_bc-snow
ssp370-lowNTCF-aerchemmip,2095,0.20995116774063677,-0.20995116774063685,aerosol-total-with_bc-snow
ssp370-lowNTCF-aerchemmip,2096,0.21176663967664755,-0.21176663967664766,aerosol-total-with_bc-snow
ssp370-lowNTCF-aerchemmip,2097,0.213474703414026,-0.21347470341402608,aerosol-total-with_bc-snow
ssp370-lowNTCF-aerchemmip,2098,0.2153952148814163,-0.21539521488141639,aerosol-total-with_bc-snow
ssp370-lowNTCF-aerchemmip,2099,0.2170016878308769,-0.21700168783087695,aerosol-total-with_bc-snow
ssp370-lowNTCF-aerchemmip,2100,0.21885790962195276,-0.21885790962195284,aerosol-total-with_bc-snow
ssp370-lowNTCF-gidden,2020,,,aerosol-total-with_bc-snow
ssp370-lowNTCF-gidden,2021,0.006353098150598006,-0.006353098150598009,aerosol-total-with_bc-snow
ssp370-lowNTCF-gidden,2022,0.010737547545072232,-0.010737547545072236,aerosol-total-with_bc-snow
ssp370-lowNTCF-gidden,2023,0.013654253743913936,-0.013654253743913942,aerosol-total-with_bc-snow
ssp370-lowNTCF-gidden,2024,0.015641172252641763,-0.01564117225264177,aerosol-total-with_bc-snow
ssp370-lowNTCF-gidden,2025,0.01722446830026116,-0.017224468300261166,aerosol-total-with_bc-snow
ssp370-lowNTCF-gidden,2026,0.018270055661029523,-0.01827005566102953,aerosol-total-with_bc-snow
ssp370-lowNTCF-gidden,2027,0.019005784806436526,-0.019005784806436533,aerosol-total-with_bc-snow
ssp370-lowNTCF-gidden,2028,0.019872200644303003,-0.019872200644303006,aerosol-total-with_bc-snow
ssp370-lowNTCF-gidden,2029,0.02100692971554484,-0.021006929715544846,aerosol-total-with_bc-snow
ssp370-lowNTCF-gidden,2030,0.022448490094932532,-0.02244849009493254,aerosol-total-with_bc-snow
ssp370-lowNTCF-gidden,2031,0.02408613823308799,-0.024086138233087997,aerosol-total-with_bc-snow
ssp370-lowNTCF-gidden,2032,0.02555043862934816,-0.025550438629348166,aerosol-total-with_bc-snow
ssp370-lowNTCF-gidden,2033,0.02742682208779475,-0.02742682208779476,aerosol-total-with_bc-snow
ssp370-lowNTCF-gidden,2034,0.02967509555618905,-0.029675095556189062,aerosol-total-with_bc-snow
ssp370-lowNTCF-gidden,2035,0.03200705007870207,-0.03200705007870208,aerosol-total-with_bc-snow
ssp370-lowNTCF-gidden,2036,0.035239218878536475,-0.03523921887853648,aerosol-total-with_bc-snow
ssp370-lowNTCF-gidden,2037,0.0388103769023969,-0.03881037690239692,aerosol-total-with_bc-snow
ssp370-lowNTCF-gidden,2038,0.042363256858623466,-0.04236325685862349,aerosol-total-with_bc-snow
ssp370-lowNTCF-gidden,2039,0.04655371721890031,-0.04655371721890032,aerosol-total-with_bc-snow
ssp370-lowNTCF-gidden,2040,0.050295824741586045,-0.05029582474158606,aerosol-total-with_bc-snow
ssp370-lowNTCF-gidden,2041,0.05483141529194585,-0.05483141529194588,aerosol-total-with_bc-snow
ssp370-lowNTCF-gidden,2042,0.059162583603147995,-0.059162583603148036,aerosol-total-with_bc-snow
ssp370-lowNTCF-gidden,2043,0.06455103652034618,-0.0645510365203462,aerosol-total-with_bc-snow
ssp370-lowNTCF-gidden,2044,0.07031512627222854,-0.07031512627222856,aerosol-total-with_bc-snow
ssp370-lowNTCF-gidden,2045,0.07594452590054308,-0.07594452590054311,aerosol-total-with_bc-snow
ssp370-lowNTCF-gidden,2046,0.08234449836776749,-0.08234449836776754,aerosol-total-with_bc-snow
ssp370-lowNTCF-gidden,2047,0.08854859851800655,-0.08854859851800659,aerosol-total-with_bc-snow
ssp370-lowNTCF-gidden,2048,0.09472171367456202,-0.09472171367456206,aerosol-total-with_bc-snow
ssp370-lowNTCF-gidden,2049,0.10120780273250968,-0.10120780273250973,aerosol-total-with_bc-snow
ssp370-lowNTCF-gidden,2050,0.10834305076349249,-0.10834305076349253,aerosol-total-with_bc-snow
ssp370-lowNTCF-gidden,2051,0.11492395796539384,-0.11492395796539388,aerosol-total-with_bc-snow
ssp370-lowNTCF-gidden,2052,0.1206547551160243,-0.12065475511602436,aerosol-total-with_bc-snow
ssp370-lowNTCF-gidden,2053,0.12580318066532462,-0.1258031806653247,aerosol-total-with_bc-snow
ssp370-lowNTCF-gidden,2054,0.1299962806497184,-0.12999628064971847,aerosol-total-with_bc-snow
ssp370-lowNTCF-gidden,2055,0.13383939482302942,-0.13383939482302948,aerosol-total-with_bc-snow
ssp370-lowNTCF-gidden,2056,0.13771363348651283,-0.13771363348651292,aerosol-total-with_bc-snow
ssp370-lowNTCF-gidden,2057,0.14075673111263137,-0.14075673111263143,aerosol-total-with_bc-snow
ssp370-lowNTCF-gidden,2058,0.14353480721719752,-0.14353480721719758,aerosol-total-with_bc-snow
ssp370-lowNTCF-gidden,2059,0.1459600569217938,-0.14596005692179384,aerosol-total-with_bc-snow
ssp370-lowNTCF-gidden,2060,0.14844986873626537,-0.14844986873626542,aerosol-total-with_bc-snow
ssp370-lowNTCF-gidden,2061,0.1509239092800878,-0.15092390928008786,aerosol-total-with_bc-snow
ssp370-lowNTCF-gidden,2062,0.15289965811708633,-0.1528996581170864,aerosol-total-with_bc-snow
ssp370-lowNTCF-gidden,2063,0.15501294577427,-0.15501294577427008,aerosol-total-with_bc-snow
ssp370-lowNTCF-gidden,2064,0.15658764169425982,-0.15658764169425987,aerosol-total-with_bc-snow
ssp370-lowNTCF-gidden,2065,0.15826571092812802,-0.15826571092812813,aerosol-total-with_bc-snow
ssp370-lowNTCF-gidden,2066,0.16020480648778881,-0.16020480648778893,aerosol-total-with_bc-snow
ssp370-lowNTCF-gidden,2067,0.16228056658345885,-0.16228056658345894,aerosol-total-with_bc-snow
ssp370-lowNTCF-gidden,2068,0.16416230477357607,-0.16416230477357613,aerosol-total-with_bc-snow
ssp370-lowNTCF-gidden,2069,0.16621062111944387,-0.1662106211194439,aerosol-total-with_bc-snow
ssp370-lowNTCF-gidden,2070,0.16823355295407824,-0.1682335529540783,aerosol-total-with_bc-snow
ssp370-lowNTCF-gidden,2071,0.16984025437139028,-0.16984025437139033,aerosol-total-with_bc-snow
ssp370-lowNTCF-gidden,2072,0.17156248278884245,-0.17156248278884254,aerosol-total-with_bc-snow
ssp370-lowNTCF-gidden,2073,0.1732281573560317,-0.17322815735603178,aerosol-total-with_bc-snow
ssp370-lowNTCF-gidden,2074,0.17473930238112093,-0.17473930238112098,aerosol-total-with_bc-snow
ssp370-lowNTCF-gidden,2075,0.17634177093093495,-0.17634177093093503,aerosol-total-with_bc-snow
ssp370-lowNTCF-gidden,2076,0.17803101087142315,-0.17803101087142323,aerosol-total-with_bc-snow
ssp370-lowNTCF-gidden,2077,0.17966531088774745,-0.17966531088774756,aerosol-total-with_bc-snow
ssp370-lowNTCF-gidden,2078,0.18104067564932722,-0.1810406756493273,aerosol-total-with_bc-snow
ssp370-lowNTCF-gidden,2079,0.18265515561472254,-0.1826551556147226,aerosol-total-with_bc-snow
ssp370-lowNTCF-gidden,2080,0.1843431845570554,-0.18434318455705548,aerosol-total-with_bc-snow
ssp370-lowNTCF-gidden,2081,0.18655851139750976,-0.1865585113975098,aerosol-total-with_bc-snow
ssp370-lowNTCF-gidden,2082,0.18831521613663,-0.18831521613663008,aerosol-total-with_bc-snow
ssp370-lowNTCF-gidden,2083,0.19005296274185762,-0.1900529627418577,aerosol-total-with_bc-snow
ssp370-lowNTCF-gidden,2084,0.19143857742421916,-0.19143857742421927,aerosol-total-with_bc-snow
ssp370-lowNTCF-gidden,2085,0.19337147089025586,-0.19337147089025591,aerosol-total-with_bc-snow
ssp370-lowNTCF-gidden,2086,0.19505822059358105,-0.19505822059358113,aerosol-total-with_bc-snow
ssp370-lowNTCF-gidden,2087,0.19688653587043592,-0.196886535870436,aerosol-total-with_bc-snow
ssp370-lowNTCF-gidden,2088,0.19801325462668035,-0.19801325462668043,aerosol-total-with_bc-snow
ssp370-lowNTCF-gidden,2089,0.1995042400644729,-0.19950424006447295,aerosol-total-with_bc-snow
ssp370-lowNTCF-gidden,2090,0.20132597361772248,-0.20132597361772256,aerosol-total-with_bc-snow
ssp370-lowNTCF-gidden,2091,0.20318471279228303,-0.2031847127922831,aerosol-total-with_bc-snow
ssp370-lowNTCF-gidden,2092,0.20469608215970686,-0.20469608215970697,aerosol-total-with_bc-snow
ssp370-lowNTCF-gidden,2093,0.20646678781937572,-0.2064667878193758,aerosol-total-with_bc-snow
ssp370-lowNTCF-gidden,2094,0.20821297647573353,-0.2082129764757336,aerosol-total-with_bc-snow
ssp370-lowNTCF-gidden,2095,0.20995116774390665,-0.20995116774390674,aerosol-total-with_bc-snow
ssp370-lowNTCF-gidden,2096,0.21176663966662945,-0.21176663966662954,aerosol-total-with_bc-snow
ssp370-lowNTCF-gidden,2097,0.2134747034196251,-0.2134747034196252,aerosol-total-with_bc-snow
ssp370-lowNTCF-gidden,2098,0.215395214896388,-0.21539521489638808,aerosol-total-with_bc-snow
ssp370-lowNTCF-gidden,2099,0.21700168784330073,-0.21700168784330084,aerosol-total-with_bc-snow
ssp370-lowNTCF-gidden,2100,0.21885790963407425,-0.21885790963407434,aerosol-total-with_bc-snow
ssp585,2020,,,aerosol-total-with_bc-snow
ssp585,2021,0.0054356418308398585,-0.005435641830839859,aerosol-total-with_bc-snow
ssp585,2022,0.010084377025521455,-0.01008437702552146,aerosol-total-with_bc-snow
ssp585,2023,0.014070060023816118,-0.014070060023816127,aerosol-total-with_bc-snow
ssp585,2024,0.018101052506240445,-0.018101052506240452,aerosol-total-with_bc-snow
ssp585,2025,0.022663065095916854,-0.022663065095916868,aerosol-total-with_bc-snow
ssp585,2026,0.02725445407168508,-0.027254454071685086,aerosol-total-with_bc-snow
ssp585,2027,0.032404313583557075,-0.03240431358355709,aerosol-total-with_bc-snow
ssp585,2028,0.038232164406866144,-0.03823216440686616,aerosol-total-with_bc-snow
ssp585,2029,0.04406723345832589,-0.0440672334583259,aerosol-total-with_bc-snow
ssp585,2030,0.04930030702935524,-0.04930030702935526,aerosol-total-with_bc-snow
ssp585,2031,0.05426719188796973,-0.054267191887969746,aerosol-total-with_bc-snow
ssp585,2032,0.05921865481734159,-0.05921865481734163,aerosol-total-with_bc-snow
ssp585,2033,0.06396107765519761,-0.06396107765519765,aerosol-total-with_bc-snow
ssp585,2034,0.06811962829334443,-0.06811962829334448,aerosol-total-with_bc-snow
ssp585,2035,0.07186052634577565,-0.07186052634577568,aerosol-total-with_bc-snow
ssp585,2036,0.07547238629424467,-0.07547238629424471,aerosol-total-with_bc-snow
ssp585,2037,0.07890790236062571,-0.07890790236062574,aerosol-total-with_bc-snow
ssp585,2038,0.08195169781554901,-0.08195169781554905,aerosol-total-with_bc-snow
ssp585,2039,0.08581091585279443,-0.08581091585279446,aerosol-total-with_bc-snow
ssp585,2040,0.08906463972051916,-0.08906463972051919,aerosol-total-with_bc-snow
ssp585,2041,0.09175124045361324,-0.0917512404536133,aerosol-total-with_bc-snow
ssp585,2042,0.09466703387851427,-0.0946670338785143,aerosol-total-with_bc-snow
ssp585,2043,0.09744919318150141,-0.09744919318150144,aerosol-total-with_bc-snow
ssp585,2044,0.1000686146072118,-0.10006861460721182,aerosol-total-with_bc-snow
ssp585,2045,0.1023755853099109,-0.10237558530991092,aerosol-total-with_bc-snow
ssp585,2046,0.10471705305299744,-0.10471705305299749,aerosol-total-with_bc-snow
ssp585,2047,0.10760722249811172,-0.10760722249811175,aerosol-total-with_bc-snow
ssp585,2048,0.10977824838866204,-0.10977824838866208,aerosol-total-with_bc-snow
ssp585,2049,0.11258226184358507,-0.11258226184358512,aerosol-total-with_bc-snow
ssp585,2050,0.11518042944960824,-0.1151804294496083,aerosol-total-with_bc-snow
ssp585,2051,0.11788504653619891,-0.11788504653619897,aerosol-total-with_bc-snow
ssp585,2052,0.12001750577474708,-0.12001750577474714,aerosol-total-with_bc-snow
ssp585,2053,0.12191913942251477,-0.12191913942251481,aerosol-total-with_bc-snow
ssp585,2054,0.12320257902927104,-0.1232025790292711,aerosol-total-with_bc-snow
ssp585,2055,0.12467676668453866,-0.12467676668453871,aerosol-total-with_bc-snow
ssp585,2056,0.12609452615983613,-0.1260945261598362,aerosol-total-with_bc-snow
ssp585,2057,0.1272654706572405,-0.12726547065724056,aerosol-total-with_bc-snow
ssp585,2058,0.12793103491286018,-0.12793103491286023,aerosol-total-with_bc-snow
ssp585,2059,0.12871589364359343,-0.12871589364359345,aerosol-total-with_bc-snow
ssp585,2060,0.12961126926925093,-0.12961126926925098,aerosol-total-with_bc-snow
ssp585,2061,0.1299947563673276,-0.12999475636732763,aerosol-total-with_bc-snow
ssp585,2062,0.13038049878216668,-0.13038049878216673,aerosol-total-with_bc-snow
ssp585,2063,0.1312013904232065,-0.13120139042320655,aerosol-total-with_bc-snow
ssp585,2064,0.13157469498032628,-0.13157469498032634,aerosol-total-with_bc-snow
ssp585,2065,0.13198354825621594,-0.131983548256216,aerosol-total-with_bc-snow
ssp585,2066,0.13252272736441958,-0.1325227273644196,aerosol-total-with_bc-snow
ssp585,2067,0.13318746351056684,-0.1331874635105669,aerosol-total-with_bc-snow
ssp585,2068,0.13365925242183735,-0.1336592524218374,aerosol-total-with_bc-snow
ssp585,2069,0.13451549438099442,-0.13451549438099447,aerosol-total-with_bc-snow
ssp585,2070,0.1352154346100336,-0.13521543461003363,aerosol-total-with_bc-snow
ssp585,2071,0.13591496835089267,-0.13591496835089273,aerosol-total-with_bc-snow
ssp585,2072,0.13662228634176443,-0.13662228634176446,aerosol-total-with_bc-snow
ssp585,2073,0.13747242467489817,-0.13747242467489823,aerosol-total-with_bc-snow
ssp585,2074,0.13884905171892686,-0.13884905171892692,aerosol-total-with_bc-snow
ssp585,2075,0.1402816742430969,-0.14028167424309698,aerosol-total-with_bc-snow
ssp585,2076,0.14125726334269467,-0.1412572633426947,aerosol-total-with_bc-snow
ssp585,2077,0.14245080434911267,-0.14245080434911273,aerosol-total-with_bc-snow
ssp585,2078,0.1438741131980234,-0.14387411319802346,aerosol-total-with_bc-snow
ssp585,2079,0.14533518209205798,-0.14533518209205806,aerosol-total-with_bc-snow
ssp585,2080,0.14667716801400865,-0.1466771680140087,aerosol-total-with_bc-snow
ssp585,2081,0.14823062304949103,-0.14823062304949108,aerosol-total-with_bc-snow
ssp585,2082,0.14962748562975192,-0.149627485629752,aerosol-total-with_bc-snow
ssp585,2083,0.15142440937289528,-0.1514244093728953,aerosol-total-with_bc-snow
ssp585,2084,0.15317841499872675,-0.15317841499872684,aerosol-total-with_bc-snow
ssp585,2085,0.15525407204471192,-0.15525407204471195,aerosol-total-with_bc-snow
ssp585,2086,0.15667348288059318,-0.15667348288059324,aerosol-total-with_bc-snow
ssp585,2087,0.15842499776605007,-0.1584249977660501,aerosol-total-with_bc-snow
ssp585,2088,0.16110969266179875,-0.16110969266179884,aerosol-total-with_bc-snow
ssp585,2089,0.1634875637557334,-0.16348756375573345,aerosol-total-with_bc-snow
ssp585,2090,0.16579216635671593,-0.165792166356716,aerosol-total-with_bc-snow
ssp585,2091,0.16856939928087664,-0.1685693992808767,aerosol-total-with_bc-snow
ssp585,2092,0.17148390534822897,-0.17148390534822902,aerosol-total-with_bc-snow
ssp585,2093,0.17423167155190947,-0.17423167155190955,aerosol-total-with_bc-snow
ssp585,2094,0.17685067187366105,-0.17685067187366113,aerosol-total-with_bc-snow
ssp585,2095,0.17991970542838115,-0.17991970542838123,aerosol-total-with_bc-snow
ssp585,2096,0.18273688030246918,-0.18273688030246926,aerosol-total-with_bc-snow
ssp585,2097,0.18532524310797566,-0.18532524310797577,aerosol-total-with_bc-snow
ssp585,2098,0.18761419901275042,-0.18761419901275048,aerosol-total-with_bc-snow
ssp585,2099,0.19088314002685147,-0.19088314002685153,aerosol-total-with_bc-snow
ssp585,2100,0.19418033361987275,-0.19418033361987286,aerosol-total-with_bc-snow
ssp334,2020,,,aerosol-total-with_bc-snow
ssp334,2021,0.00713424648302152,-0.007134246483021522,aerosol-total-with_bc-snow
ssp334,2022,0.01271026195917103,-0.012710261959171036,aerosol-total-with_bc-snow
ssp334,2023,0.01729943744581958,-0.017299437445819587,aerosol-total-with_bc-snow
ssp334,2024,0.020701417064384792,-0.020701417064384796,aerosol-total-with_bc-snow
ssp334,2025,0.02354486512944347,-0.023544865129443482,aerosol-total-with_bc-snow
ssp334,2026,0.02597776712052061,-0.02597776712052062,aerosol-total-with_bc-snow
ssp334,2027,0.02780222684869954,-0.027802226848699547,aerosol-total-with_bc-snow
ssp334,2028,0.029083848163953072,-0.02908384816395308,aerosol-total-with_bc-snow
ssp334,2029,0.03029739817138869,-0.030297398171388705,aerosol-total-with_bc-snow
ssp334,2030,0.031299091702206225,-0.03129909170220624,aerosol-total-with_bc-snow
ssp334,2031,0.031314578875930685,-0.0313145788759307,aerosol-total-with_bc-snow
ssp334,2032,0.030510183935014718,-0.030510183935014732,aerosol-total-with_bc-snow
ssp334,2033,0.02900118848578577,-0.029001188485785784,aerosol-total-with_bc-snow
ssp334,2034,0.026729354357080768,-0.02672935435708078,aerosol-total-with_bc-snow
ssp334,2035,0.02450531722274272,-0.02450531722274273,aerosol-total-with_bc-snow
ssp334,2036,0.024715244232470058,-0.024715244232470065,aerosol-total-with_bc-snow
ssp334,2037,0.026706195199330915,-0.026706195199330922,aerosol-total-with_bc-snow
ssp334,2038,0.030194272905620673,-0.030194272905620687,aerosol-total-with_bc-snow
ssp334,2039,0.03467116927413921,-0.034671169274139234,aerosol-total-with_bc-snow
ssp334,2040,0.04002795725814863,-0.04002795725814865,aerosol-total-with_bc-snow
ssp334,2041,0.04644639118653964,-0.04644639118653966,aerosol-total-with_bc-snow
ssp334,2042,0.05185534764934878,-0.05185534764934881,aerosol-total-with_bc-snow
ssp334,2043,0.05707296608514881,-0.057072966085148835,aerosol-total-with_bc-snow
ssp334,2044,0.062396349903386036,-0.06239634990338608,aerosol-total-with_bc-snow
ssp334,2045,0.06699465714545062,-0.06699465714545065,aerosol-total-with_bc-snow
ssp334,2046,0.07179162351047194,-0.07179162351047196,aerosol-total-with_bc-snow
ssp334,2047,0.07576973143298715,-0.07576973143298718,aerosol-total-with_bc-snow
ssp334,2048,0.07998885454560267,-0.0799888545456027,aerosol-total-with_bc-snow
ssp334,2049,0.0838526030468694,-0.08385260304686942,aerosol-total-with_bc-snow
ssp334,2050,0.08789049133774787,-0.08789049133774789,aerosol-total-with_bc-snow
ssp334,2051,0.09096301471348556,-0.0909630147134856,aerosol-total-with_bc-snow
ssp334,2052,0.09385632864571988,-0.09385632864571992,aerosol-total-with_bc-snow
ssp334,2053,0.09660641846927526,-0.09660641846927531,aerosol-total-with_bc-snow
ssp334,2054,0.09985507795507434,-0.0998550779550744,aerosol-total-with_bc-snow
ssp334,2055,0.1019109776024941,-0.10191097760249414,aerosol-total-with_bc-snow
ssp334,2056,0.10465453979169037,-0.10465453979169041,aerosol-total-with_bc-snow
ssp334,2057,0.10755740886350271,-0.10755740886350275,aerosol-total-with_bc-snow
ssp334,2058,0.10998730346370578,-0.1099873034637058,aerosol-total-with_bc-snow
ssp334,2059,0.11195084115835627,-0.11195084115835635,aerosol-total-with_bc-snow
ssp334,2060,0.11481684251123644,-0.11481684251123646,aerosol-total-with_bc-snow
ssp334,2061,0.11776530145245834,-0.11776530145245839,aerosol-total-with_bc-snow
ssp334,2062,0.12002946432266107,-0.12002946432266114,aerosol-total-with_bc-snow
ssp334,2063,0.12200212730167465,-0.1220021273016747,aerosol-total-with_bc-snow
ssp334,2064,0.12412752564832696,-0.12412752564832699,aerosol-total-with_bc-snow
ssp334,2065,0.1261069835075761,-0.12610698350757613,aerosol-total-with_bc-snow
ssp334,2066,0.12789538210494805,-0.1278953821049481,aerosol-total-with_bc-snow
ssp334,2067,0.12989155084180504,-0.1298915508418051,aerosol-total-with_bc-snow
ssp334,2068,0.1320875811637531,-0.13208758116375316,aerosol-total-with_bc-snow
ssp334,2069,0.13381638182361916,-0.13381638182361918,aerosol-total-with_bc-snow
ssp334,2070,0.13609478344165132,-0.13609478344165138,aerosol-total-with_bc-snow
ssp334,2071,0.13779602753359627,-0.1377960275335963,aerosol-total-with_bc-snow
ssp334,2072,0.13916278145044395,-0.139162781450444,aerosol-total-with_bc-snow
ssp334,2073,0.1409040319879946,-0.14090403198799462,aerosol-total-with_bc-snow
ssp334,2074,0.1427568151289863,-0.14275681512898636,aerosol-total-with_bc-snow
ssp334,2075,0.14459503302404061,-0.1445950330240407,aerosol-total-with_bc-snow
ssp334,2076,0.14614512712594335,-0.14614512712594344,aerosol-total-with_bc-snow
ssp334,2077,0.14750766766447354,-0.14750766766447362,aerosol-total-with_bc-snow
ssp334,2078,0.14907098699080779,-0.14907098699080787,aerosol-total-with_bc-snow
ssp334,2079,0.15040275033230546,-0.15040275033230555,aerosol-total-with_bc-snow
ssp334,2080,0.15183439706811677,-0.15183439706811686,aerosol-total-with_bc-snow
ssp334,2081,0.15297620150604277,-0.15297620150604285,aerosol-total-with_bc-snow
ssp334,2082,0.15503739673600758,-0.15503739673600767,aerosol-total-with_bc-snow
ssp334,2083,0.15645303723889503,-0.1564530372388951,aerosol-total-with_bc-snow
ssp334,2084,0.1577567309472272,-0.15775673094722725,aerosol-total-with_bc-snow
ssp334,2085,0.15909417171390697,-0.15909417171390705,aerosol-total-with_bc-snow
ssp334,2086,0.16047263311316098,-0.16047263311316104,aerosol-total-with_bc-snow
ssp334,2087,0.16175926160405513,-0.1617592616040552,aerosol-total-with_bc-snow
ssp334,2088,0.16329865620531664,-0.1632986562053167,aerosol-total-with_bc-snow
ssp334,2089,0.16477182977007243,-0.1647718297700725,aerosol-total-with_bc-snow
ssp334,2090,0.16596819752496664,-0.16596819752496672,aerosol-total-with_bc-snow
ssp334,2091,0.16726430323305475,-0.16726430323305483,aerosol-total-with_bc-snow
ssp334,2092,0.16831925340502185,-0.16831925340502188,aerosol-total-with_bc-snow
ssp334,2093,0.16932671986372963,-0.1693267198637297,aerosol-total-with_bc-snow
ssp334,2094,0.17025993952030682,-0.1702599395203069,aerosol-total-with_bc-snow
ssp334,2095,0.17103586168469734,-0.17103586168469737,aerosol-total-with_bc-snow
ssp334,2096,0.17179997294514912,-0.17179997294514918,aerosol-total-with_bc-snow
ssp334,2097,0.17273872696346557,-0.17273872696346568,aerosol-total-with_bc-snow
ssp334,2098,0.17413043270965387,-0.17413043270965398,aerosol-total-with_bc-snow
ssp334,2099,0.17503092722700972,-0.1750309272270098,aerosol-total-with_bc-snow
ssp334,2100,0.1762107314064687,-0.17621073140646876,aerosol-total-with_bc-snow
ssp534-over,2020,,,aerosol-total-with_bc-snow
ssp534-over,2021,0.005435641830303824,-0.005435641830303825,aerosol-total-with_bc-snow
ssp534-over,2022,0.010084377023731377,-0.01008437702373138,aerosol-total-with_bc-snow
ssp534-over,2023,0.014070060023873437,-0.014070060023873442,aerosol-total-with_bc-snow
ssp534-over,2024,0.01810105250018995,-0.01810105250018996,aerosol-total-with_bc-snow
ssp534-over,2025,0.022663065116272946,-0.022663065116272956,aerosol-total-with_bc-snow
ssp534-over,2026,0.02725445407449597,-0.027254454074495983,aerosol-total-with_bc-snow
ssp534-over,2027,0.03240431358425857,-0.03240431358425858,aerosol-total-with_bc-snow
ssp534-over,2028,0.038232164406768104,-0.038232164406768125,aerosol-total-with_bc-snow
ssp534-over,2029,0.04406723346007474,-0.04406723346007475,aerosol-total-with_bc-snow
ssp534-over,2030,0.04930030702741725,-0.049300307027417264,aerosol-total-with_bc-snow
ssp534-over,2031,0.05426719188682601,-0.054267191886826036,aerosol-total-with_bc-snow
ssp534-over,2032,0.05921865481268358,-0.05921865481268361,aerosol-total-with_bc-snow
ssp534-over,2033,0.06396107765325451,-0.06396107765325454,aerosol-total-with_bc-snow
ssp534-over,2034,0.06811962828789322,-0.06811962828789325,aerosol-total-with_bc-snow
ssp534-over,2035,0.07186052635181822,-0.07186052635181825,aerosol-total-with_bc-snow
ssp534-over,2036,0.0754723862922241,-0.07547238629222412,aerosol-total-with_bc-snow
ssp534-over,2037,0.07890790235806784,-0.07890790235806787,aerosol-total-with_bc-snow
ssp534-over,2038,0.08195169781966224,-0.08195169781966229,aerosol-total-with_bc-snow
ssp534-over,2039,0.0858109158545938,-0.08581091585459386,aerosol-total-with_bc-snow
ssp534-over,2040,0.08906463973319147,-0.0890646397331915,aerosol-total-with_bc-snow
ssp534-over,2041,0.09187382378209329,-0.0918738237820933,aerosol-total-with_bc-snow
ssp534-over,2042,0.09558181911025966,-0.09558181911025967,aerosol-total-with_bc-snow
ssp534-over,2043,0.09966139770796595,-0.09966139770796599,aerosol-total-with_bc-snow
ssp534-over,2044,0.10432133543096497,-0.10432133543096501,aerosol-total-with_bc-snow
ssp534-over,2045,0.1095721517658811,-0.10957215176588114,aerosol-total-with_bc-snow
ssp534-over,2046,0.1151343119520204,-0.11513431195202045,aerosol-total-with_bc-snow
ssp534-over,2047,0.12121669443826077,-0.12121669443826083,aerosol-total-with_bc-snow
ssp534-over,2048,0.12758010629590977,-0.12758010629590982,aerosol-total-with_bc-snow
ssp534-over,2049,0.13446175513595027,-0.13446175513595035,aerosol-total-with_bc-snow
ssp534-over,2050,0.14189568779823158,-0.14189568779823167,aerosol-total-with_bc-snow
ssp534-over,2051,0.14846093969883126,-0.14846093969883128,aerosol-total-with_bc-snow
ssp534-over,2052,0.15359980735567996,-0.15359980735568002,aerosol-total-with_bc-snow
ssp534-over,2053,0.1595483484729362,-0.15954834847293625,aerosol-total-with_bc-snow
ssp534-over,2054,0.16483202410647146,-0.16483202410647158,aerosol-total-with_bc-snow
ssp534-over,2055,0.17022087119990859,-0.1702208711999087,aerosol-total-with_bc-snow
ssp534-over,2056,0.17478751202618828,-0.17478751202618834,aerosol-total-with_bc-snow
ssp534-over,2057,0.17975962872923307,-0.17975962872923312,aerosol-total-with_bc-snow
ssp534-over,2058,0.1842465142828583,-0.18424651428285832,aerosol-total-with_bc-snow
ssp534-over,2059,0.18741832609873568,-0.1874183260987358,aerosol-total-with_bc-snow
ssp534-over,2060,0.19180107714255107,-0.19180107714255112,aerosol-total-with_bc-snow
ssp534-over,2061,0.19608274094678044,-0.19608274094678052,aerosol-total-with_bc-snow
ssp534-over,2062,0.20005790642893273,-0.20005790642893284,aerosol-total-with_bc-snow
ssp534-over,2063,0.203102335706278,-0.2031023357062781,aerosol-total-with_bc-snow
ssp534-over,2064,0.20691745173139214,-0.20691745173139225,aerosol-total-with_bc-snow
ssp534-over,2065,0.20974636988587933,-0.20974636988587939,aerosol-total-with_bc-snow
ssp534-over,2066,0.21230725569937292,-0.212307255699373,aerosol-total-with_bc-snow
ssp534-over,2067,0.21522502919952416,-0.21522502919952424,aerosol-total-with_bc-snow
ssp534-over,2068,0.2180819591255732,-0.2180819591255733,aerosol-total-with_bc-snow
ssp534-over,2069,0.22075155918851458,-0.2207515591885147,aerosol-total-with_bc-snow
ssp534-over,2070,0.22454090468756402,-0.22454090468756413,aerosol-total-with_bc-snow
ssp534-over,2071,0.2276073759921209,-0.227607375992121,aerosol-total-with_bc-snow
ssp534-over,2072,0.2306572947710779,-0.230657294771078,aerosol-total-with_bc-snow
ssp534-over,2073,0.23285139465560217,-0.23285139465560226,aerosol-total-with_bc-snow
ssp534-over,2074,0.23473083074595358,-0.23473083074595372,aerosol-total-with_bc-snow
ssp534-over,2075,0.2363681927560228,-0.2363681927560229,aerosol-total-with_bc-snow
ssp534-over,2076,0.23788331854231834,-0.23788331854231845,aerosol-total-with_bc-snow
ssp534-over,2077,0.24004714164663363,-0.24004714164663374,aerosol-total-with_bc-snow
ssp534-over,2078,0.24224772066673994,-0.24224772066674,aerosol-total-with_bc-snow
ssp534-over,2079,0.24442702805295036,-0.2444270280529504,aerosol-total-with_bc-snow
ssp534-over,2080,0.24667675816485507,-0.24667675816485518,aerosol-total-with_bc-snow
ssp534-over,2081,0.24800500748517262,-0.2480050074851727,aerosol-total-with_bc-snow
ssp534-over,2082,0.24964941371894628,-0.24964941371894644,aerosol-total-with_bc-snow
ssp534-over,2083,0.25132459494431564,-0.25132459494431575,aerosol-total-with_bc-snow
ssp534-over,2084,0.2527152337152843,-0.2527152337152844,aerosol-total-with_bc-snow
ssp534-over,2085,0.2545483663688552,-0.2545483663688553,aerosol-total-with_bc-snow
ssp534-over,2086,0.25586367920720887,-0.255863679207209,aerosol-total-with_bc-snow
ssp534-over,2087,0.2572554145980397,-0.25725541459803974,aerosol-total-with_bc-snow
ssp534-over,2088,0.25892965215924,-0.25892965215924013,aerosol-total-with_bc-snow
ssp534-over,2089,0.2600513719236876,-0.2600513719236877,aerosol-total-with_bc-snow
ssp534-over,2090,0.2608190714697245,-0.26081907146972466,aerosol-total-with_bc-snow
ssp534-over,2091,0.2616356179430659,-0.261635617943066,aerosol-total-with_bc-snow
ssp534-over,2092,0.2625616533389829,-0.26256165333898296,aerosol-total-with_bc-snow
ssp534-over,2093,0.2637523896842079,-0.26375238968420806,aerosol-total-with_bc-snow
ssp534-over,2094,0.26458337693756173,-0.2645833769375619,aerosol-total-with_bc-snow
ssp534-over,2095,0.2654640692199015,-0.26546406921990157,aerosol-total-with_bc-snow
ssp534-over,2096,0.2664122736387608,-0.2664122736387609,aerosol-total-with_bc-snow
ssp534-over,2097,0.2676392888439045,-0.26763928884390453,aerosol-total-with_bc-snow
ssp534-over,2098,0.26859825562529066,-0.2685982556252907,aerosol-total-with_bc-snow
ssp534-over,2099,0.26939599341086445,-0.26939599341086456,aerosol-total-with_bc-snow
ssp534-over,2100,0.2701177689923159,-0.270117768992316,aerosol-total-with_bc-snow
ssp434,2020,,,aerosol-total-with_bc-snow
ssp434,2021,0.009391039154511678,-0.009391039154511682,aerosol-total-with_bc-snow
ssp434,2022,0.01664821033113241,-0.016648210331132417,aerosol-total-with_bc-snow
ssp434,2023,0.022463009995762697,-0.022463009995762704,aerosol-total-with_bc-snow
ssp434,2024,0.02746886424849118,-0.02746886424849119,aerosol-total-with_bc-snow
ssp434,2025,0.03156994266675697,-0.03156994266675698,aerosol-total-with_bc-snow
ssp434,2026,0.03492775832563953,-0.034927758325639546,aerosol-total-with_bc-snow
ssp434,2027,0.038069884357314135,-0.03806988435731415,aerosol-total-with_bc-snow
ssp434,2028,0.040946950207615254,-0.040946950207615275,aerosol-total-with_bc-snow
ssp434,2029,0.04366598151459235,-0.043665981514592375,aerosol-total-with_bc-snow
ssp434,2030,0.04585245361108195,-0.045852453611081964,aerosol-total-with_bc-snow
ssp434,2031,0.04814270252621237,-0.04814270252621238,aerosol-total-with_bc-snow
ssp434,2032,0.050620190759568,-0.05062019075956802,aerosol-total-with_bc-snow
ssp434,2033,0.05300746738892362,-0.05300746738892364,aerosol-total-with_bc-snow
ssp434,2034,0.05498958009680169,-0.05498958009680171,aerosol-total-with_bc-snow
ssp434,2035,0.05660010085319446,-0.056600100853194474,aerosol-total-with_bc-snow
ssp434,2036,0.058341706337853745,-0.058341706337853766,aerosol-total-with_bc-snow
ssp434,2037,0.06015254524358728,-0.060152545243587305,aerosol-total-with_bc-snow
ssp434,2038,0.06182978424920976,-0.06182978424920979,aerosol-total-with_bc-snow
ssp434,2039,0.06359103177321453,-0.06359103177321455,aerosol-total-with_bc-snow
ssp434,2040,0.0658382607177932,-0.06583826071779321,aerosol-total-with_bc-snow
ssp434,2041,0.06745358562382262,-0.06745358562382264,aerosol-total-with_bc-snow
ssp434,2042,0.06893448286578022,-0.06893448286578024,aerosol-total-with_bc-snow
ssp434,2043,0.07070445979759438,-0.07070445979759439,aerosol-total-with_bc-snow
ssp434,2044,0.07157293087566258,-0.07157293087566262,aerosol-total-with_bc-snow
ssp434,2045,0.07351273870934519,-0.0735127387093452,aerosol-total-with_bc-snow
ssp434,2046,0.07536688567060346,-0.07536688567060348,aerosol-total-with_bc-snow
ssp434,2047,0.07679563694077378,-0.0767956369407738,aerosol-total-with_bc-snow
ssp434,2048,0.07945891370010655,-0.07945891370010659,aerosol-total-with_bc-snow
ssp434,2049,0.08152151200152072,-0.08152151200152077,aerosol-total-with_bc-snow
ssp434,2050,0.08325768550653478,-0.08325768550653483,aerosol-total-with_bc-snow
ssp434,2051,0.0843927543403104,-0.08439275434031045,aerosol-total-with_bc-snow
ssp434,2052,0.08669959161057207,-0.0866995916105721,aerosol-total-with_bc-snow
ssp434,2053,0.08808270288156601,-0.08808270288156606,aerosol-total-with_bc-snow
ssp434,2054,0.09005646389407547,-0.0900564638940755,aerosol-total-with_bc-snow
ssp434,2055,0.09140274504733106,-0.09140274504733109,aerosol-total-with_bc-snow
ssp434,2056,0.09356480250100328,-0.09356480250100331,aerosol-total-with_bc-snow
ssp434,2057,0.09553193144663463,-0.09553193144663469,aerosol-total-with_bc-snow
ssp434,2058,0.09716106245529557,-0.09716106245529561,aerosol-total-with_bc-snow
ssp434,2059,0.09880597370581466,-0.0988059737058147,aerosol-total-with_bc-snow
ssp434,2060,0.1008321548602794,-0.10083215486027941,aerosol-total-with_bc-snow
ssp434,2061,0.1028686826652771,-0.10286868266527716,aerosol-total-with_bc-snow
ssp434,2062,0.10472641167071,-0.10472641167071003,aerosol-total-with_bc-snow
ssp434,2063,0.1065152862844902,-0.10651528628449024,aerosol-total-with_bc-snow
ssp434,2064,0.10824134286657673,-0.1082413428665768,aerosol-total-with_bc-snow
ssp434,2065,0.10926147769445002,-0.10926147769445006,aerosol-total-with_bc-snow
ssp434,2066,0.11044676378180159,-0.11044676378180161,aerosol-total-with_bc-snow
ssp434,2067,0.1117877132090867,-0.11178771320908673,aerosol-total-with_bc-snow
ssp434,2068,0.11344979552449509,-0.11344979552449513,aerosol-total-with_bc-snow
ssp434,2069,0.1143141396735208,-0.11431413967352083,aerosol-total-with_bc-snow
ssp434,2070,0.1154011466190573,-0.11540114661905736,aerosol-total-with_bc-snow
ssp434,2071,0.1163906652117007,-0.11639066521170074,aerosol-total-with_bc-snow
ssp434,2072,0.11727760115430474,-0.11727760115430481,aerosol-total-with_bc-snow
ssp434,2073,0.11794620165106386,-0.1179462016510639,aerosol-total-with_bc-snow
ssp434,2074,0.1185557006721456,-0.11855570067214566,aerosol-total-with_bc-snow
ssp434,2075,0.12000533933869313,-0.12000533933869319,aerosol-total-with_bc-snow
ssp434,2076,0.12110144441159074,-0.12110144441159078,aerosol-total-with_bc-snow
ssp434,2077,0.12224275245875088,-0.12224275245875094,aerosol-total-with_bc-snow
ssp434,2078,0.12309671563005307,-0.12309671563005312,aerosol-total-with_bc-snow
ssp434,2079,0.1241641093514299,-0.12416410935142994,aerosol-total-with_bc-snow
ssp434,2080,0.1252007731230741,-0.12520077312307415,aerosol-total-with_bc-snow
ssp434,2081,0.1262975511206083,-0.12629755112060834,aerosol-total-with_bc-snow
ssp434,2082,0.1276150460477011,-0.12761504604770116,aerosol-total-with_bc-snow
ssp434,2083,0.12875254059651645,-0.1287525405965165,aerosol-total-with_bc-snow
ssp434,2084,0.1297429161984701,-0.12974291619847014,aerosol-total-with_bc-snow
ssp434,2085,0.13194103365030688,-0.13194103365030693,aerosol-total-with_bc-snow
ssp434,2086,0.13412077081674298,-0.13412077081674303,aerosol-total-with_bc-snow
ssp434,2087,0.13595630515109497,-0.13595630515109502,aerosol-total-with_bc-snow
ssp434,2088,0.13715375115652026,-0.1371537511565203,aerosol-total-with_bc-snow
ssp434,2089,0.13864197766614544,-0.13864197766614553,aerosol-total-with_bc-snow
ssp434,2090,0.14056532885838155,-0.14056532885838158,aerosol-total-with_bc-snow
ssp434,2091,0.14271540983876427,-0.14271540983876435,aerosol-total-with_bc-snow
ssp434,2092,0.1450075292020781,-0.14500752920207818,aerosol-total-with_bc-snow
ssp434,2093,0.1470289097572208,-0.14702890975722085,aerosol-total-with_bc-snow
ssp434,2094,0.14984168838773773,-0.14984168838773781,aerosol-total-with_bc-snow
ssp434,2095,0.15232020712131883,-0.15232020712131888,aerosol-total-with_bc-snow
ssp434,2096,0.15533581274341104,-0.15533581274341113,aerosol-total-with_bc-snow
ssp434,2097,0.15838334751951788,-0.15838334751951794,aerosol-total-with_bc-snow
ssp434,2098,0.16069313658148648,-0.16069313658148657,aerosol-total-with_bc-snow
ssp434,2099,0.164125426869943,-0.16412542686994303,aerosol-total-with_bc-snow
ssp434,2100,0.16782402336939917,-0.16782402336939922,aerosol-total-with_bc-snow
ssp460,2020,,,aerosol-total-with_bc-snow
ssp460,2021,0.009283135408502825,-0.009283135408502828,aerosol-total-with_bc-snow
ssp460,2022,0.01635251684233415,-0.016352516842334158,aerosol-total-with_bc-snow
ssp460,2023,0.02168435654437664,-0.021684356544376646,aerosol-total-with_bc-snow
ssp460,2024,0.02579267649534876,-0.02579267649534877,aerosol-total-with_bc-snow
ssp460,2025,0.02914828210076143,-0.029148282100761442,aerosol-total-with_bc-snow
ssp460,2026,0.03172007380294599,-0.03172007380294601,aerosol-total-with_bc-snow
ssp460,2027,0.0335026576826038,-0.03350265768260381,aerosol-total-with_bc-snow
ssp460,2028,0.03516359478591979,-0.0351635947859198,aerosol-total-with_bc-snow
ssp460,2029,0.03642423779175275,-0.036424237791752766,aerosol-total-with_bc-snow
ssp460,2030,0.03745315945213801,-0.03745315945213802,aerosol-total-with_bc-snow
ssp460,2031,0.038289277861729906,-0.03828927786172992,aerosol-total-with_bc-snow
ssp460,2032,0.03891743819538624,-0.038917438195386254,aerosol-total-with_bc-snow
ssp460,2033,0.03949561044345344,-0.03949561044345347,aerosol-total-with_bc-snow
ssp460,2034,0.04005755384441753,-0.040057553844417546,aerosol-total-with_bc-snow
ssp460,2035,0.04060666924917642,-0.040606669249176434,aerosol-total-with_bc-snow
ssp460,2036,0.04110884463664355,-0.04110884463664357,aerosol-total-with_bc-snow
ssp460,2037,0.04158678569692223,-0.04158678569692224,aerosol-total-with_bc-snow
ssp460,2038,0.04216001936687637,-0.0421600193668764,aerosol-total-with_bc-snow
ssp460,2039,0.04255750009896434,-0.042557500098964356,aerosol-total-with_bc-snow
ssp460,2040,0.04314257726415653,-0.043142577264156545,aerosol-total-with_bc-snow
ssp460,2041,0.043187029621994485,-0.043187029621994506,aerosol-total-with_bc-snow
ssp460,2042,0.04338238010070189,-0.0433823801007019,aerosol-total-with_bc-snow
ssp460,2043,0.04346125252721085,-0.04346125252721085,aerosol-total-with_bc-snow
ssp460,2044,0.04338030044365942,-0.04338030044365943,aerosol-total-with_bc-snow
ssp460,2045,0.04313953579356629,-0.0431395357935663,aerosol-total-with_bc-snow
ssp460,2046,0.042780247704555796,-0.042780247704555824,aerosol-total-with_bc-snow
ssp460,2047,0.042241525602567845,-0.042241525602567866,aerosol-total-with_bc-snow
ssp460,2048,0.04222356124939492,-0.042223561249394935,aerosol-total-with_bc-snow
ssp460,2049,0.042215083335127954,-0.04221508333512797,aerosol-total-with_bc-snow
ssp460,2050,0.04131001064133021,-0.041310010641330226,aerosol-total-with_bc-snow
ssp460,2051,0.04112907561559209,-0.041129075615592106,aerosol-total-with_bc-snow
ssp460,2052,0.04065333797896009,-0.040653337978960105,aerosol-total-with_bc-snow
ssp460,2053,0.03937048660622716,-0.03937048660622718,aerosol-total-with_bc-snow
ssp460,2054,0.03843073612061791,-0.038430736120617925,aerosol-total-with_bc-snow
ssp460,2055,0.03802541717004122,-0.038025417170041244,aerosol-total-with_bc-snow
ssp460,2056,0.03825411834658861,-0.03825411834658862,aerosol-total-with_bc-snow
ssp460,2057,0.037946275667147526,-0.03794627566714754,aerosol-total-with_bc-snow
ssp460,2058,0.03846250588341533,-0.03846250588341534,aerosol-total-with_bc-snow
ssp460,2059,0.03889718318976951,-0.03889718318976952,aerosol-total-with_bc-snow
ssp460,2060,0.039268541740392834,-0.039268541740392855,aerosol-total-with_bc-snow
ssp460,2061,0.03993694487201397,-0.03993694487201399,aerosol-total-with_bc-snow
ssp460,2062,0.04078932131983128,-0.040789321319831304,aerosol-total-with_bc-snow
ssp460,2063,0.042060618333409946,-0.04206061833340997,aerosol-total-with_bc-snow
ssp460,2064,0.043981766594797606,-0.04398176659479762,aerosol-total-with_bc-snow
ssp460,2065,0.04573850274618843,-0.045738502746188445,aerosol-total-with_bc-snow
ssp460,2066,0.04741087093794691,-0.04741087093794692,aerosol-total-with_bc-snow
ssp460,2067,0.049598652888084335,-0.04959865288808436,aerosol-total-with_bc-snow
ssp460,2068,0.051890490160874,-0.05189049016087402,aerosol-total-with_bc-snow
ssp460,2069,0.05440173448390613,-0.05440173448390615,aerosol-total-with_bc-snow
ssp460,2070,0.05694313842393085,-0.056943138423930874,aerosol-total-with_bc-snow
ssp460,2071,0.06005978409756686,-0.060059784097566876,aerosol-total-with_bc-snow
ssp460,2072,0.06315869985115452,-0.06315869985115455,aerosol-total-with_bc-snow
ssp460,2073,0.06590613338480372,-0.06590613338480374,aerosol-total-with_bc-snow
ssp460,2074,0.06853303145288056,-0.06853303145288059,aerosol-total-with_bc-snow
ssp460,2075,0.07158116294314792,-0.07158116294314795,aerosol-total-with_bc-snow
ssp460,2076,0.07491524346620644,-0.07491524346620647,aerosol-total-with_bc-snow
ssp460,2077,0.07836928075783424,-0.07836928075783428,aerosol-total-with_bc-snow
ssp460,2078,0.08156398140353138,-0.08156398140353142,aerosol-total-with_bc-snow
ssp460,2079,0.08594750226365996,-0.08594750226365998,aerosol-total-with_bc-snow
ssp460,2080,0.08876788573243997,-0.08876788573244,aerosol-total-with_bc-snow
ssp460,2081,0.09246014897217057,-0.0924601489721706,aerosol-total-with_bc-snow
ssp460,2082,0.0958037370398987,-0.09580373703989875,aerosol-total-with_bc-snow
ssp460,2083,0.09883753001733556,-0.09883753001733558,aerosol-total-with_bc-snow
ssp460,2084,0.10208811743802326,-0.1020881174380233,aerosol-total-with_bc-snow
ssp460,2085,0.10624637146789694,-0.10624637146789698,aerosol-total-with_bc-snow
ssp460,2086,0.10971352764179985,-0.10971352764179991,aerosol-total-with_bc-snow
ssp460,2087,0.1127453711381325,-0.11274537113813254,aerosol-total-with_bc-snow
ssp460,2088,0.11617023592459552,-0.11617023592459556,aerosol-total-with_bc-snow
ssp460,2089,0.11983910063996914,-0.1198391006399692,aerosol-total-with_bc-snow
ssp460,2090,0.12317772260112397,-0.12317772260112404,aerosol-total-with_bc-snow
ssp460,2091,0.12636971668043187,-0.1263697166804319,aerosol-total-with_bc-snow
ssp460,2092,0.12936797868043148,-0.12936797868043154,aerosol-total-with_bc-snow
ssp460,2093,0.13163145191004091,-0.13163145191004094,aerosol-total-with_bc-snow
ssp460,2094,0.13397659610441598,-0.133976596104416,aerosol-total-with_bc-snow
ssp460,2095,0.13642174131413082,-0.13642174131413087,aerosol-total-with_bc-snow
ssp460,2096,0.13902852518938277,-0.13902852518938283,aerosol-total-with_bc-snow
ssp460,2097,0.14128856268924278,-0.14128856268924286,aerosol-total-with_bc-snow
ssp460,2098,0.14346725181863593,-0.14346725181863598,aerosol-total-with_bc-snow
ssp460,2099,0.14619814570996703,-0.14619814570996706,aerosol-total-with_bc-snow
ssp460,2100,0.14846114412407108,-0.14846114412407113,aerosol-total-with_bc-snow
